-- MySQL dump 10.13  Distrib 5.5.16, for Win32 (x86)
--
-- Host: localhost    Database: iCore
-- ------------------------------------------------------
-- Server version	5.5.16-log

/*!40101 SET @OLD_CHARACTER_SET_CLIENT=@@CHARACTER_SET_CLIENT */;
/*!40101 SET @OLD_CHARACTER_SET_RESULTS=@@CHARACTER_SET_RESULTS */;
/*!40101 SET @OLD_COLLATION_CONNECTION=@@COLLATION_CONNECTION */;
/*!40101 SET NAMES utf8 */;
/*!40103 SET @OLD_TIME_ZONE=@@TIME_ZONE */;
/*!40103 SET TIME_ZONE='+00:00' */;
/*!40014 SET @OLD_UNIQUE_CHECKS=@@UNIQUE_CHECKS, UNIQUE_CHECKS=0 */;
/*!40014 SET @OLD_FOREIGN_KEY_CHECKS=@@FOREIGN_KEY_CHECKS, FOREIGN_KEY_CHECKS=0 */;
/*!40101 SET @OLD_SQL_MODE=@@SQL_MODE, SQL_MODE='NO_AUTO_VALUE_ON_ZERO' */;
/*!40111 SET @OLD_SQL_NOTES=@@SQL_NOTES, SQL_NOTES=0 */;

--
-- Table structure for table `application`
--

DROP TABLE IF EXISTS `application`;
/*!40101 SET @saved_cs_client     = @@character_set_client */;
/*!40101 SET character_set_client = utf8 */;
CREATE TABLE `application` (
  `applicationId` int(11) NOT NULL AUTO_INCREMENT COMMENT 'Accordion|',
  `iconId` int(11) NOT NULL DEFAULT '281' COMMENT 'Icon|',
  `applicationSequence` int(11) NOT NULL COMMENT 'Sequence|',
  `applicationCode` varchar(4) COLLATE utf8_unicode_ci NOT NULL,
  `applicationEnglish` varchar(64) COLLATE utf8_unicode_ci NOT NULL COMMENT 'English|',
  `applicationFilename` varchar(128) COLLATE utf8_unicode_ci NOT NULL,
  `applicationDashboardFilename` varchar(128) COLLATE utf8_unicode_ci NOT NULL,
  `isDefault` tinyint(1) NOT NULL,
  `isNew` tinyint(1) NOT NULL COMMENT 'New|',
  `isDraft` tinyint(1) NOT NULL COMMENT 'Draft|',
  `isUpdate` tinyint(1) NOT NULL COMMENT 'Updated|',
  `isDelete` tinyint(1) NOT NULL COMMENT 'Delete|',
  `isActive` tinyint(1) NOT NULL COMMENT 'Active|',
  `isApproved` tinyint(1) NOT NULL COMMENT 'Approved|',
  `isReview` tinyint(1) NOT NULL,
  `isPost` tinyint(1) NOT NULL,
  `executeBy` int(11) NOT NULL COMMENT 'By|',
  `executeTime` datetime NOT NULL,
  PRIMARY KEY (`applicationId`)
) ENGINE=InnoDB AUTO_INCREMENT=21 DEFAULT CHARSET=utf8 COLLATE=utf8_unicode_ci COMMENT='application';
/*!40101 SET character_set_client = @saved_cs_client */;

--
-- Dumping data for table `application`
--

LOCK TABLES `application` WRITE;
/*!40000 ALTER TABLE `application` DISABLE KEYS */;
INSERT INTO `application` VALUES (1,1483,1,'CORE','Setting','main.php','',0,1,0,0,0,1,0,0,0,2,'2011-11-22 18:30:07'),(2,1356,1,'FNCL','Financial','main.php','',0,1,0,0,0,1,0,0,0,2,'2011-11-22 18:30:07'),(3,1390,1,'MGMT','Management','main.php','',1,1,0,0,0,1,0,0,0,2,'2011-11-22 18:30:07'),(4,1393,1,'PRTL','Introduction','main.php','',0,1,0,0,0,1,0,0,0,2,'2011-11-22 18:30:07'),(5,1392,1,'RSRV','Tutorial','reserve','',0,1,0,0,0,1,0,0,0,2,'2011-11-22 18:30:07'),(6,1371,1,'RSRV','Midnight Market Sample','/../../../market/midnightMarket/view/midnightMarketView.php','',0,1,0,0,0,1,0,0,0,2,'2011-11-22 18:30:07'),(7,1414,1,'RSRV','Contact','reserve','',0,1,0,0,0,1,0,0,0,2,'2011-11-22 18:30:07'),(8,1387,1,'RSRV','reserve','reserve','',0,1,0,0,0,0,0,0,0,2,'2011-11-22 18:30:07'),(9,1409,1,'RSRV','reserve','reserve','',0,1,0,0,0,0,0,0,0,2,'2011-11-22 18:30:07'),(10,1399,1,'RSRV','reserve','reserve','',0,1,0,0,0,0,0,0,0,2,'2011-11-22 18:30:07'),(11,1406,1,'RSRV','reserve','reserve','',0,1,0,0,0,0,0,0,0,2,'2011-11-22 18:30:07'),(12,1461,1,'RSRV','reserve','reserve','',0,1,0,0,0,0,0,0,0,2,'2011-11-22 18:30:07'),(13,1337,1,'RSRV','reserve','reserve','',0,1,0,0,0,0,0,0,0,2,'2011-11-22 18:30:07'),(14,1405,1,'RSRV','reserve','reserve','',0,1,0,0,0,0,0,0,0,2,'2011-11-22 18:30:07'),(15,1393,1,'RSRV','reserve','reserve','',0,1,0,0,0,0,0,0,0,2,'2011-11-22 18:30:07'),(16,1420,1,'RSRV','reserve','reserve','',0,1,0,0,0,0,0,0,0,2,'2011-11-22 18:30:07'),(17,1449,1,'RSRV','reserve','reserve','',0,1,0,0,0,0,0,0,0,2,'2011-11-22 18:30:07'),(18,1450,1,'RSRV','reserve','reserve','',0,1,0,0,0,0,0,0,0,2,'2011-11-22 18:30:07'),(19,1414,1,'RSRV','reserve','reserve','',0,1,0,0,0,0,0,0,0,2,'2011-11-22 18:30:07'),(20,1450,1,'RSRV','reserve','reserve','',0,1,0,0,0,0,0,0,0,2,'2011-11-22 18:30:07');
/*!40000 ALTER TABLE `application` ENABLE KEYS */;
UNLOCK TABLES;

--
-- Table structure for table `applicationaccess`
--

DROP TABLE IF EXISTS `applicationaccess`;
/*!40101 SET @saved_cs_client     = @@character_set_client */;
/*!40101 SET character_set_client = utf8 */;
CREATE TABLE `applicationaccess` (
  `applicationAccessId` int(11) NOT NULL AUTO_INCREMENT COMMENT 'Access|',
  `applicationId` int(11) NOT NULL COMMENT 'Application|',
  `teamId` int(11) NOT NULL COMMENT 'Group|',
  `applicationAccessValue` tinyint(1) NOT NULL COMMENT 'Value|',
  PRIMARY KEY (`applicationAccessId`),
  KEY `applicationId` (`applicationId`),
  KEY `teamId` (`teamId`)
) ENGINE=InnoDB AUTO_INCREMENT=141 DEFAULT CHARSET=utf8 COLLATE=utf8_unicode_ci ROW_FORMAT=COMPACT;
/*!40101 SET character_set_client = @saved_cs_client */;

--
-- Dumping data for table `applicationaccess`
--

LOCK TABLES `applicationaccess` WRITE;
/*!40000 ALTER TABLE `applicationaccess` DISABLE KEYS */;
INSERT INTO `applicationaccess` VALUES (1,1,1,1),(2,2,1,1),(3,3,1,1),(4,4,1,1),(5,5,1,1),(6,6,1,1),(7,7,1,1),(8,8,1,1),(9,9,1,1),(10,10,1,1),(11,11,1,1),(12,12,1,1),(13,13,1,1),(14,14,1,1),(15,15,1,1),(16,16,1,1),(17,17,1,1),(18,18,1,1),(19,19,1,1),(20,20,1,1),(21,1,2,1),(22,2,2,1),(23,3,2,1),(24,4,2,1),(25,5,2,1),(26,6,2,1),(27,7,2,1),(28,8,2,1),(29,9,2,1),(30,10,2,1),(31,11,2,1),(32,12,2,1),(33,13,2,1),(34,14,2,1),(35,15,2,1),(36,16,2,1),(37,17,2,1),(38,18,2,1),(39,19,2,1),(40,20,2,1),(41,1,3,1),(42,2,3,1),(43,3,3,1),(44,4,3,1),(45,5,3,1),(46,6,3,1),(47,7,3,1),(48,8,3,1),(49,9,3,1),(50,10,3,1),(51,11,3,1),(52,12,3,1),(53,13,3,1),(54,14,3,1),(55,15,3,1),(56,16,3,1),(57,17,3,1),(58,18,3,1),(59,19,3,1),(60,20,3,1),(61,1,4,1),(62,2,4,1),(63,3,4,1),(64,4,4,1),(65,5,4,1),(66,6,4,1),(67,7,4,1),(68,8,4,1),(69,9,4,1),(70,10,4,1),(71,11,4,1),(72,12,4,1),(73,13,4,1),(74,14,4,1),(75,15,4,1),(76,16,4,1),(77,17,4,1),(78,18,4,1),(79,19,4,1),(80,20,4,1),(81,1,5,1),(82,2,5,1),(83,3,5,1),(84,4,5,1),(85,5,5,1),(86,6,5,1),(87,7,5,1),(88,8,5,1),(89,9,5,1),(90,10,5,1),(91,11,5,1),(92,12,5,1),(93,13,5,1),(94,14,5,1),(95,15,5,1),(96,16,5,1),(97,17,5,1),(98,18,5,1),(99,19,5,1),(100,20,5,1),(101,1,6,1),(102,2,6,1),(103,3,6,1),(104,4,6,1),(105,5,6,1),(106,6,6,1),(107,7,6,1),(108,8,6,1),(109,9,6,1),(110,10,6,1),(111,11,6,1),(112,12,6,1),(113,13,6,1),(114,14,6,1),(115,15,6,1),(116,16,6,1),(117,17,6,1),(118,18,6,1),(119,19,6,1),(120,20,6,1),(121,1,7,0),(122,2,7,0),(123,3,7,0),(124,4,7,1),(125,5,7,1),(126,6,7,1),(127,7,7,1),(128,8,7,1),(129,9,7,1),(130,10,7,1),(131,11,7,1),(132,12,7,1),(133,13,7,1),(134,14,7,1),(135,15,7,1),(136,16,7,1),(137,17,7,1),(138,18,7,1),(139,19,7,1),(140,20,7,1);
/*!40000 ALTER TABLE `applicationaccess` ENABLE KEYS */;
UNLOCK TABLES;

--
-- Table structure for table `applicationtranslate`
--

DROP TABLE IF EXISTS `applicationtranslate`;
/*!40101 SET @saved_cs_client     = @@character_set_client */;
/*!40101 SET character_set_client = utf8 */;
CREATE TABLE `applicationtranslate` (
  `applicationTranslateId` int(11) NOT NULL AUTO_INCREMENT COMMENT 'translate|',
  `applicationId` int(11) NOT NULL COMMENT 'accordion|',
  `languageId` int(11) NOT NULL COMMENT 'language|',
  `applicationNative` varchar(128) COLLATE utf8_unicode_ci NOT NULL COMMENT 'Accordion|',
  `isDefault` tinyint(1) NOT NULL,
  `isNew` tinyint(1) NOT NULL,
  `isDraft` tinyint(1) NOT NULL,
  `isUpdate` tinyint(1) NOT NULL,
  `isDelete` tinyint(1) NOT NULL,
  `isActive` tinyint(1) NOT NULL,
  `isApproved` tinyint(1) NOT NULL,
  `isReview` tinyint(1) NOT NULL,
  `ispost` tinyint(1) NOT NULL,
  `executeBy` int(11) NOT NULL,
  `executeTime` datetime NOT NULL,
  PRIMARY KEY (`applicationTranslateId`),
  KEY `moduleId` (`applicationId`),
  KEY `languageId` (`languageId`)
) ENGINE=InnoDB AUTO_INCREMENT=21 DEFAULT CHARSET=utf8 COLLATE=utf8_unicode_ci;
/*!40101 SET character_set_client = @saved_cs_client */;

--
-- Dumping data for table `applicationtranslate`
--

LOCK TABLES `applicationtranslate` WRITE;
/*!40000 ALTER TABLE `applicationtranslate` DISABLE KEYS */;
INSERT INTO `applicationtranslate` VALUES (1,1,21,'Setting',0,1,0,0,0,1,0,0,0,2,'2012-03-11 03:11:31'),(2,2,21,'Financial',0,1,0,0,0,1,0,0,0,2,'2012-03-11 03:11:31'),(3,3,21,'Management',0,1,0,0,0,1,0,0,0,2,'2012-03-11 03:11:31'),(4,4,21,'Introduction',0,1,0,0,0,1,0,0,0,2,'2012-03-11 03:11:31'),(5,5,21,'Tutorial',0,1,0,0,0,1,0,0,0,2,'2012-03-11 03:11:31'),(6,6,21,'Midnight Market Sample',0,1,0,0,0,1,0,0,0,2,'2012-03-11 03:11:31'),(7,7,21,'Contact',0,1,0,0,0,1,0,0,0,2,'2012-03-11 03:11:31'),(8,8,21,'reserve',0,1,0,0,0,1,0,0,0,2,'2012-03-11 03:11:31'),(9,9,21,'reserve',0,1,0,0,0,1,0,0,0,2,'2012-03-11 03:11:31'),(10,10,21,'reserve',0,1,0,0,0,1,0,0,0,2,'2012-03-11 03:11:31'),(11,11,21,'reserve',0,1,0,0,0,1,0,0,0,2,'2012-03-11 03:11:31'),(12,12,21,'reserve',0,1,0,0,0,1,0,0,0,2,'2012-03-11 03:11:31'),(13,13,21,'reserve',0,1,0,0,0,1,0,0,0,2,'2012-03-11 03:11:31'),(14,14,21,'reserve',0,1,0,0,0,1,0,0,0,2,'2012-03-11 03:11:31'),(15,15,21,'reserve',0,1,0,0,0,1,0,0,0,2,'2012-03-11 03:11:31'),(16,16,21,'reserve',0,1,0,0,0,1,0,0,0,2,'2012-03-11 03:11:31'),(17,17,21,'reserve',0,1,0,0,0,1,0,0,0,2,'2012-03-11 03:11:31'),(18,18,21,'reserve',0,1,0,0,0,1,0,0,0,2,'2012-03-11 03:11:31'),(19,19,21,'reserve',0,1,0,0,0,1,0,0,0,2,'2012-03-11 03:11:31'),(20,20,21,'reserve',0,1,0,0,0,1,0,0,0,2,'2012-03-11 03:11:31');
/*!40000 ALTER TABLE `applicationtranslate` ENABLE KEYS */;
UNLOCK TABLES;

--
-- Table structure for table `country`
--

DROP TABLE IF EXISTS `country`;
/*!40101 SET @saved_cs_client     = @@character_set_client */;
/*!40101 SET character_set_client = utf8 */;
CREATE TABLE `country` (
  `countryId` int(11) NOT NULL AUTO_INCREMENT,
  `countrySequence` int(11) NOT NULL,
  `countryCode` varchar(4) COLLATE utf8_unicode_ci NOT NULL,
  `countryCurrencyCode` varchar(4) COLLATE utf8_unicode_ci NOT NULL,
  `countryCurrencyCodeDesc` text COLLATE utf8_unicode_ci NOT NULL,
  `countryDesc` text COLLATE utf8_unicode_ci NOT NULL,
  `isDefault` tinyint(1) NOT NULL,
  `isNew` tinyint(1) NOT NULL,
  `isDraft` tinyint(1) NOT NULL,
  `isUpdate` tinyint(1) NOT NULL,
  `isDelete` tinyint(1) NOT NULL,
  `isActive` tinyint(1) NOT NULL,
  `isApproved` tinyint(1) NOT NULL,
  `isReview` tinyint(1) NOT NULL,
  `isPost` tinyint(1) NOT NULL,
  `executeBy` tinyint(1) NOT NULL,
  `executeTime` tinyint(1) NOT NULL,
  PRIMARY KEY (`countryId`)
) ENGINE=InnoDB AUTO_INCREMENT=165 DEFAULT CHARSET=utf8 COLLATE=utf8_unicode_ci;
/*!40101 SET character_set_client = @saved_cs_client */;

--
-- Dumping data for table `country`
--

LOCK TABLES `country` WRITE;
/*!40000 ALTER TABLE `country` DISABLE KEYS */;
INSERT INTO `country` VALUES (1,0,'AE','AED','United Arab Emirates Dirham','United Arab Emirates ',0,1,0,0,0,0,0,0,0,2,127),(2,0,'AF','AFN','Afghanistan Afghani','stan ',0,1,0,0,0,0,0,0,0,2,127),(3,0,'AL','ALL','Albania Lek','Albania ',0,1,0,0,0,0,0,0,0,2,127),(4,0,'AM','AMD','Armenia Dram','Armenia',0,1,0,0,0,0,0,0,0,2,127),(5,0,'AN','ANG','Netherlands Antilles Guilder','Netherlands Antilles ',0,1,0,0,0,0,0,0,0,2,127),(6,0,'AO','AOA','Angola Kwanza','Angola ',0,1,0,0,0,0,0,0,0,2,127),(7,0,'AR','ARS','Argentina Peso','Argentina ',0,1,0,0,0,0,0,0,0,2,127),(8,0,'AU','AUD','Australia Dollar','Australia ',0,1,0,0,0,0,0,0,0,2,127),(9,0,'AW','AWG','Aruba Guilder','Aruba ',0,1,0,0,0,0,0,0,0,2,127),(10,0,'AZ','AZN','Azerbaijan New Manat','Azerbaijan New Manat',0,1,0,0,0,0,0,0,0,2,127),(11,0,'BA','BAM','Bosnia and Herzegovina Convertible Marka','Bosnia and Herzegovina',0,1,0,0,0,0,0,0,0,2,127),(12,0,'BB','BBD','Barbados Dollar','Barbados ',0,1,0,0,0,0,0,0,0,2,127),(13,0,'BD','BDT','Bangladesh Taka','Bangladesh',0,1,0,0,0,0,0,0,0,2,127),(14,0,'BG','BGN','Bulgaria Lev','Bulgaria Lev',0,1,0,0,0,0,0,0,0,2,127),(15,0,'BH','BHD','Bahrain Dinar','Bahrain ',0,1,0,0,0,0,0,0,0,2,127),(16,0,'BI','BIF','Burundi Franc','Burundi ',0,1,0,0,0,0,0,0,0,2,127),(17,0,'BM','BMD','Bermuda Dollar','Bermuda ',0,1,0,0,0,0,0,0,0,2,127),(18,0,'BN','BND','Brunei Darussalam Dollar','Brunei Darussalam ',0,1,0,0,0,0,0,0,0,2,127),(19,0,'BO','BOB','Bolivia Boliviano','Bolivia Boliviano',0,1,0,0,0,0,0,0,0,2,127),(20,0,'BR','BRL','Brazil Real','Brazil Real',0,1,0,0,0,0,0,0,0,2,127),(21,0,'BS','BSD','Bahamas Dollar','Bahamas ',0,1,0,0,0,0,0,0,0,2,127),(22,0,'BT','BTN','Bhutan Ngultrum','Bhutan Ngultrum',0,1,0,0,0,0,0,0,0,2,127),(23,0,'BW','BWP','Botswana Pula','Botswana Pula',0,1,0,0,0,0,0,0,0,2,127),(24,0,'BY','BYR','Belarus Ruble','Belarus ',0,1,0,0,0,0,0,0,0,2,127),(25,0,'BZ','BZD','Belize Dollar','Belize ',0,1,0,0,0,0,0,0,0,2,127),(26,0,'CA','CAD','Canada Dollar','Canada ',0,1,0,0,0,0,0,0,0,2,127),(27,0,'CD','CDF','Congo/Kinshasa Franc','Congo/Kinshasa ',0,1,0,0,0,0,0,0,0,2,127),(28,0,'CH','CHF','Switzerland Franc','Switzerland ',0,1,0,0,0,0,0,0,0,2,127),(29,0,'CL','CLP','Chile Peso','Chile ',0,1,0,0,0,0,0,0,0,2,127),(30,0,'CN','CNY','China Yuan Renminbi','China',0,1,0,0,0,0,0,0,0,2,127),(31,0,'CO','COP','Colombia Peso','Colombia ',0,1,0,0,0,0,0,0,0,2,127),(32,0,'CR','CRC','Costa Rica Colon','Costa Rica',0,1,0,0,0,0,0,0,0,2,127),(33,0,'CU','CUC','Cuba Convertible Peso','Cuba',0,1,0,0,0,0,0,0,0,2,127),(34,0,'CU','CUP','Cuba Peso','Cuba ',0,1,0,0,0,0,0,0,0,2,127),(35,0,'CV','CVE','Cape Verde Escudo','Cape Verde',0,1,0,0,0,0,0,0,0,2,127),(36,0,'CZ','CZK','Czech Republic Koruna','Czech Republic',0,1,0,0,0,0,0,0,0,2,127),(37,0,'DJ','DJF','Djibouti Franc','Djibouti ',0,1,0,0,0,0,0,0,0,2,127),(38,0,'DK','DKK','Denmark Krone','Denmark',0,1,0,0,0,0,0,0,0,2,127),(39,0,'DO','DOP','Dominican Republic Peso','Dominican Republic ',0,1,0,0,0,0,0,0,0,2,127),(40,0,'DZ','DZD','Algeria Dinar','Algeria ',0,1,0,0,0,0,0,0,0,2,127),(41,0,'EG','EGP','Egypt Pound','Egypt ',0,1,0,0,0,0,0,0,0,2,127),(42,0,'ER','ERN','Eritrea Nakfa','Eritrea Nakfa',0,1,0,0,0,0,0,0,0,2,127),(43,0,'ET','ETB','Ethiopia Birr','Ethiopia Birr',0,1,0,0,0,0,0,0,0,2,127),(44,0,'EU','EUR','Euro Member Countries','Euro Member Countries',0,1,0,0,0,0,0,0,0,2,127),(45,0,'FJ','FJD','Fiji Dollar','Fiji ',0,1,0,0,0,0,0,0,0,2,127),(46,0,'FK','FKP','Falkland Islands (Malvinas) Pound','Falkland Islands (Malvinas) ',0,1,0,0,0,0,0,0,0,2,127),(47,0,'GB','GBP','United Kingdom Pound','United Kingdom ',0,1,0,0,0,0,0,0,0,2,127),(48,0,'GE','GEL','Georgia Lari','Georgia Lari',0,1,0,0,0,0,0,0,0,2,127),(49,0,'GG','GGP','Guernsey Pound','Guernsey ',0,1,0,0,0,0,0,0,0,2,127),(50,0,'GH','GHS','Ghana Cedi','Ghana Cedi',0,1,0,0,0,0,0,0,0,2,127),(51,0,'GI','GIP','Gibraltar Pound','Gibraltar ',0,1,0,0,0,0,0,0,0,2,127),(52,0,'GM','GMD','Gambia Dalasi','Gambia Dalasi',0,1,0,0,0,0,0,0,0,2,127),(53,0,'GN','GNF','Guinea Franc','Guinea ',0,1,0,0,0,0,0,0,0,2,127),(54,0,'GT','GTQ','Guatemala Quetzal','Guatemala Quetzal',0,1,0,0,0,0,0,0,0,2,127),(55,0,'GY','GYD','Guyana Dollar','Guyana ',0,1,0,0,0,0,0,0,0,2,127),(56,0,'HK','HKD','Hong Kong Dollar','Hong Kong ',0,1,0,0,0,0,0,0,0,2,127),(57,0,'HN','HNL','Honduras Lempira','Honduras ',0,1,0,0,0,0,0,0,0,2,127),(58,0,'HR','HRK','Croatia Kuna','Croatia ',0,1,0,0,0,0,0,0,0,2,127),(59,0,'HT','HTG','Haiti Gourde','Haiti Gourde',0,1,0,0,0,0,0,0,0,2,127),(60,0,'HU','HUF','Hungary Forint','Hungary Forint',0,1,0,0,0,0,0,0,0,2,127),(61,0,'ID','IDR','Indonesia Rupiah','Indonesia Rupiah',0,1,0,0,0,0,0,0,0,2,127),(62,0,'IL','ILS','Israel Shekel','Israel Shekel',0,1,0,0,0,0,0,0,0,2,127),(63,0,'IM','IMP','Isle of Man Pound','Isle of Man ',0,1,0,0,0,0,0,0,0,2,127),(64,0,'IN','INR','India Rupee','India ',0,1,0,0,0,0,0,0,0,2,127),(65,0,'IQ','IQD','Iraq Dinar','Iraq ',0,1,0,0,0,0,0,0,0,2,127),(66,0,'IR','IRR','Iran Rial','Iran ',0,1,0,0,0,0,0,0,0,2,127),(67,0,'IS','ISK','Iceland Krona','Iceland ',0,1,0,0,0,0,0,0,0,2,127),(68,0,'JE','JEP','Jersey Pound','Jersey ',0,1,0,0,0,0,0,0,0,2,127),(69,0,'JM','JMD','Jamaica Dollar','Jamaica ',0,1,0,0,0,0,0,0,0,2,127),(70,0,'JO','JOD','Jordan Dinar','Jordan ',0,1,0,0,0,0,0,0,0,2,127),(71,0,'JP','JPY','Japan Yen','Japan Yen',0,1,0,0,0,0,0,0,0,2,127),(72,0,'KE','KES','Kenya Shilling','Kenya ',0,1,0,0,0,0,0,0,0,2,127),(73,0,'KG','KGS','Kyrgyzstan Som','Kyrgyzstan ',0,1,0,0,0,0,0,0,0,2,127),(74,0,'KH','KHR','Cambodia Riel','Cambodia Riel',0,1,0,0,0,0,0,0,0,2,127),(75,0,'KM','KMF','Comoros Franc','Comoros ',0,1,0,0,0,0,0,0,0,2,127),(76,0,'KP','KPW','Korea (North) Won','Korea (North) Won',0,1,0,0,0,0,0,0,0,2,127),(77,0,'KR','KRW','Korea (South) Won','Korea (South) Won',0,1,0,0,0,0,0,0,0,2,127),(78,0,'KW','KWD','Kuwait Dinar','Kuwait ',0,1,0,0,0,0,0,0,0,2,127),(79,0,'KY','KYD','Cayman Islands Dollar','Cayman Islands ',0,1,0,0,0,0,0,0,0,2,127),(80,0,'KZ','KZT','Kazakhstan Tenge','Kazakhstan Tenge',0,1,0,0,0,0,0,0,0,2,127),(81,0,'LA','LAK','Laos Kip','Laos Kip',0,1,0,0,0,0,0,0,0,2,127),(82,0,'LB','LBP','Lebanon Pound','Lebanon ',0,1,0,0,0,0,0,0,0,2,127),(83,0,'LK','LKR','Sri Lanka Rupee','Sri Lanka ',0,1,0,0,0,0,0,0,0,2,127),(84,0,'LR','LRD','Liberia Dollar','Liberia ',0,1,0,0,0,0,0,0,0,2,127),(85,0,'LS','LSL','Lesotho Loti','Lesotho Loti',0,1,0,0,0,0,0,0,0,2,127),(86,0,'LT','LTL','Lithuania Litas','Lithuania Litas',0,1,0,0,0,0,0,0,0,2,127),(87,0,'LV','LVL','Latvia Lat','Latvia Lat',0,1,0,0,0,0,0,0,0,2,127),(88,0,'LY','LYD','Libya Dinar','Libya ',0,1,0,0,0,0,0,0,0,2,127),(89,0,'MA','MAD','Morocco Dirham','Morocco ',0,1,0,0,0,0,0,0,0,2,127),(90,0,'MD','MDL','Moldova Leu','Moldova Leu',0,1,0,0,0,0,0,0,0,2,127),(91,0,'MG','MGA','Madagascar Ariary','Madagascar Ariary',0,1,0,0,0,0,0,0,0,2,127),(92,0,'MK','MKD','Macedonia Denar','Macedonia Denar',0,1,0,0,0,0,0,0,0,2,127),(93,0,'MM','MMK','Myanmar (Burma) Kyat','Myanmar (Burma) Kyat',0,1,0,0,0,0,0,0,0,2,127),(94,0,'MN','MNT','Mongolia Tughrik','Mongolia Tughrik',0,1,0,0,0,0,0,0,0,2,127),(95,0,'MO','MOP','Macau Pataca','Macau Pataca',0,1,0,0,0,0,0,0,0,2,127),(96,0,'MR','MRO','Mauritania Ouguiya','Mauritania Ouguiya',0,1,0,0,0,0,0,0,0,2,127),(97,0,'MU','MUR','Mauritius Rupee','Mauritius ',0,1,0,0,0,0,0,0,0,2,127),(98,0,'MV','MVR','Maldives (Maldive Islands) Rufiyaa','Maldives (Maldive Islands) ',0,1,0,0,0,0,0,0,0,2,127),(99,0,'MW','MWK','Malawi Kwacha','Malawi Kwacha',0,1,0,0,0,0,0,0,0,2,127),(100,0,'MX','MXN','Mexico Peso','Mexico ',0,1,0,0,0,0,0,0,0,2,127),(101,1,'MY','MYR','Malaysia Ringgit','Malaysia',0,1,0,0,0,1,0,0,0,2,127),(102,0,'MZ','MZN','Mozambique Metical','Mozambique',0,1,0,0,0,0,0,0,0,2,127),(103,0,'NA','NAD','Namibia Dollar','Namibia ',0,1,0,0,0,0,0,0,0,2,127),(104,0,'NG','NGN','Nigeria Naira','Nigeria Naira',0,1,0,0,0,0,0,0,0,2,127),(105,0,'NI','NIO','Nicaragua Cordoba','Nicaragua Cordoba',0,1,0,0,0,0,0,0,0,2,127),(106,0,'NO','NOK','Norway Krone','Norway Krone',0,1,0,0,0,0,0,0,0,2,127),(107,0,'NP','NPR','Nepal Rupee','Nepal ',0,1,0,0,0,0,0,0,0,2,127),(108,0,'NZ','NZD','New Zealand Dollar','New Zealand ',0,1,0,0,0,0,0,0,0,2,127),(109,0,'OM','OMR','Oman Rial','Oman ',0,1,0,0,0,0,0,0,0,2,127),(110,0,'PA','PAB','Panama Balboa','Panama Balboa',0,1,0,0,0,0,0,0,0,2,127),(111,0,'PE','PEN','Peru Nuevo Sol','Peru Nuevo',0,1,0,0,0,0,0,0,0,2,127),(112,0,'PG','PGK','Papua New Guinea Kina','Papua New Guinea',0,1,0,0,0,0,0,0,0,2,127),(113,0,'PH','PHP','Philippines Peso','Philippines ',0,1,0,0,0,0,0,0,0,2,127),(114,0,'PK','PKR','Pakistan Rupee','Pakistan ',0,1,0,0,0,0,0,0,0,2,127),(115,0,'PL','PLN','Poland Zloty','Poland Zloty',0,1,0,0,0,0,0,0,0,2,127),(116,0,'PY','PYG','Paraguay Guarani','Paraguay Guarani',0,1,0,0,0,0,0,0,0,2,127),(117,0,'QA','QAR','Qatar Riyal','Qatar Riyal',0,1,0,0,0,0,0,0,0,2,127),(118,0,'RO','RON','Romania New Leu','Romania New Leu',0,1,0,0,0,0,0,0,0,2,127),(119,0,'RS','RSD','Serbia Dinar','Serbia ',0,1,0,0,0,0,0,0,0,2,127),(120,0,'RU','RUB','Russia Ruble','Russia ',0,1,0,0,0,0,0,0,0,2,127),(121,0,'RW','RWF','Rwanda Franc','Rwanda ',0,1,0,0,0,0,0,0,0,2,127),(122,0,'SA','SAR','Saudi Arabia Riyal','Saudi Arabia Riyal',0,1,0,0,0,0,0,0,0,2,127),(123,0,'SB','SBD','Solomon Islands Dollar','Solomon Islands ',0,1,0,0,0,0,0,0,0,2,127),(124,0,'SC','SCR','Seychelles Rupee','Seychelles ',0,1,0,0,0,0,0,0,0,2,127),(125,0,'SD','SDG','Sudan Pound','Sudan ',0,1,0,0,0,0,0,0,0,2,127),(126,0,'SE','SEK','Sweden Krona','Sweden ',0,1,0,0,0,0,0,0,0,2,127),(127,0,'SG','SGD','Singapore Dollar','Singapore ',0,1,0,0,0,0,0,0,0,2,127),(128,0,'SH','SHP','Saint Helena Pound','Saint Helena ',0,1,0,0,0,0,0,0,0,2,127),(129,0,'SL','SLL','Sierra Leone Leone','Sierra Leone Leone',0,1,0,0,0,0,0,0,0,2,127),(130,0,'SO','SOS','Somalia Shilling','alia ',0,1,0,0,0,0,0,0,0,2,127),(131,0,'SP','SPL*','Seborga Luigino','Seborga Luigino',0,1,0,0,0,0,0,0,0,2,127),(132,0,'SR','SRD','Suriname Dollar','Suriname ',0,1,0,0,0,0,0,0,0,2,127),(133,0,'ST','STD','S?o Principe and Tome Dobra','S?o Principe and Tome Dobra',0,1,0,0,0,0,0,0,0,2,127),(134,0,'SV','SVC','El Salvador Colon','El Salvador Colon',0,1,0,0,0,0,0,0,0,2,127),(135,0,'SY','SYP','Syria Pound','Syria ',0,1,0,0,0,0,0,0,0,2,127),(136,0,'SZ','SZL','Swaziland Lilangeni','Swaziland Lilangeni',0,1,0,0,0,0,0,0,0,2,127),(137,0,'TH','THB','Thailand Baht','Thailand Baht',0,1,0,0,0,0,0,0,0,2,127),(138,0,'TJ','TJS','Tajikistan Somoni','Tajikistan oni',0,1,0,0,0,0,0,0,0,2,127),(139,0,'TM','TMT','Turkmenistan Manat','Turkmenistan Manat',0,1,0,0,0,0,0,0,0,2,127),(140,0,'TN','TND','Tunisia Dinar','Tunisia ',0,1,0,0,0,0,0,0,0,2,127),(141,0,'TO','TOP','Tonga Pa\'anga','Tonga Pa\'anga',0,1,0,0,0,0,0,0,0,2,127),(142,0,'TR','TRY','Turkey Lira','Turkey Lira',0,1,0,0,0,0,0,0,0,2,127),(143,0,'TT','TTD','Trinidad and Tobago Dollar','Trinidad and Tobago ',0,1,0,0,0,0,0,0,0,2,127),(144,0,'TV','TVD','Tuvalu Dollar','Tuvalu ',0,1,0,0,0,0,0,0,0,2,127),(145,0,'TW','TWD','Taiwan New Dollar','Taiwan New ',0,1,0,0,0,0,0,0,0,2,127),(146,0,'TZ','TZS','Tanzania Shilling','Tanzania ',0,1,0,0,0,0,0,0,0,2,127),(147,0,'UA','UAH','Ukraine Hryvna','Ukraine Hryvna',0,1,0,0,0,0,0,0,0,2,127),(148,0,'UG','UGX','Uganda Shilling','Uganda ',0,1,0,0,0,0,0,0,0,2,127),(149,0,'US','USD','United States Dollar','United States ',0,1,0,0,0,0,0,0,0,2,127),(150,0,'UY','UYU','Uruguay Peso','Uruguay ',0,1,0,0,0,0,0,0,0,2,127),(151,0,'UZ','UZS','Uzbekistan Som','Uzbekistan ',0,1,0,0,0,0,0,0,0,2,127),(152,0,'VE','VEF','Venezuela Bolivar Fuerte','Venezuela',0,1,0,0,0,0,0,0,0,2,127),(153,0,'VN','VND','Viet Nam Dong','Viet Nam ',0,1,0,0,0,0,0,0,0,2,127),(154,0,'VU','VUV','Vanuatu Vatu','Vanuatu',0,1,0,0,0,0,0,0,0,2,127),(155,0,'WS','WST','Samoa Tala','Samoa',0,1,0,0,0,0,0,0,0,2,127),(156,0,'XA','XAF','Communaut‚ FinanciŠre Africaine (BEAC) CFA Franc BEAC','Communaut‚ FinanciŠre Africaine (BEAC) CFA  BEAC',0,1,0,0,0,0,0,0,0,2,127),(157,0,'XC','XCD','East Caribbean Dollar','East Caribbean ',0,1,0,0,0,0,0,0,0,2,127),(158,0,'XD','XDR','International Monetary Fund (IMF) Special Drawing Rights','International Monetary Fund (IMF) Special Drawing Rights',0,1,0,0,0,0,0,0,0,2,127),(159,0,'XO','XOF','Communaut‚ FinanciŠre Africaine (BCEAO) Franc','Communaut‚ FinanciŠre Africaine (BCEAO) ',0,1,0,0,0,0,0,0,0,2,127),(160,0,'XP','XPF','Comptoirs Fran‡ais du Pacifique (CFP) Franc','Comptoirs Fran‡ais du Pacifique (CFP) ',0,1,0,0,0,0,0,0,0,2,127),(161,0,'YE','YER','Yemen Rial','Yemen ',0,1,0,0,0,0,0,0,0,2,127),(162,0,'ZA','ZAR','South Africa Rand','South Africa Rand',0,1,0,0,0,0,0,0,0,2,127),(163,0,'ZM','ZMK','Zambia Kwacha','Zambia Kwacha',0,1,0,0,0,0,0,0,0,2,127),(164,0,'ZW','ZWD','Zimbabwe Dollar','Zimbabwe ',0,1,0,0,0,0,0,0,0,2,127);
/*!40000 ALTER TABLE `country` ENABLE KEYS */;
UNLOCK TABLES;

--
-- Table structure for table `day`
--

DROP TABLE IF EXISTS `day`;
/*!40101 SET @saved_cs_client     = @@character_set_client */;
/*!40101 SET character_set_client = utf8 */;
CREATE TABLE `day` (
  `dayId` int(11) NOT NULL AUTO_INCREMENT COMMENT 'Accordion|',
  `daySequence` int(11) NOT NULL DEFAULT '0' COMMENT 'Accordion|',
  `dayCode` varchar(16) COLLATE utf8_unicode_ci NOT NULL DEFAULT '0' COMMENT 'Accordion|',
  `dayDesc` varchar(128) COLLATE utf8_unicode_ci NOT NULL DEFAULT '0' COMMENT 'Accordion|',
  `isDefault` tinyint(1) NOT NULL,
  `isNew` tinyint(1) NOT NULL COMMENT 'New|',
  `isDraft` tinyint(1) NOT NULL COMMENT 'Draft|',
  `isUpdate` tinyint(1) NOT NULL COMMENT 'Updated|',
  `isDelete` tinyint(1) NOT NULL COMMENT 'Delete|',
  `isActive` tinyint(1) NOT NULL COMMENT 'Active|',
  `isApproved` tinyint(1) NOT NULL COMMENT 'Approved|',
  `isReview` tinyint(1) NOT NULL,
  `isPost` tinyint(1) NOT NULL,
  `executeBy` int(11) NOT NULL COMMENT 'By|',
  `executeTime` datetime NOT NULL,
  PRIMARY KEY (`dayId`)
) ENGINE=InnoDB AUTO_INCREMENT=8 DEFAULT CHARSET=utf8 COLLATE=utf8_unicode_ci COMMENT='application';
/*!40101 SET character_set_client = @saved_cs_client */;

--
-- Dumping data for table `day`
--

LOCK TABLES `day` WRITE;
/*!40000 ALTER TABLE `day` DISABLE KEYS */;
INSERT INTO `day` VALUES (1,0,'0','Isnin',0,1,0,0,0,1,0,0,0,2,'2012-03-17 18:54:46'),(2,0,'0','Selasa',0,1,0,0,0,1,0,0,0,2,'2012-03-17 18:54:46'),(3,0,'0','Rabu',0,1,0,0,0,1,0,0,0,2,'2012-03-17 18:54:46'),(4,0,'0','Khamis',0,1,0,0,0,1,0,0,0,2,'2012-03-17 18:54:46'),(5,0,'0','Jumaat',0,1,0,0,0,1,0,0,0,2,'2012-03-17 18:54:46'),(6,0,'0','Sabtu',0,1,0,0,0,1,0,0,0,2,'2012-03-17 18:54:46'),(7,0,'0','Ahad',0,1,0,0,0,1,0,0,0,2,'2012-03-17 18:54:46');
/*!40000 ALTER TABLE `day` ENABLE KEYS */;
UNLOCK TABLES;

--
-- Table structure for table `defaultlabel`
--

DROP TABLE IF EXISTS `defaultlabel`;
/*!40101 SET @saved_cs_client     = @@character_set_client */;
/*!40101 SET character_set_client = utf8 */;
CREATE TABLE `defaultlabel` (
  `defaultLabelId` int(11) NOT NULL AUTO_INCREMENT COMMENT 'Label|',
  `defaultLabel` varchar(128) COLLATE utf8_unicode_ci NOT NULL COMMENT 'Note|',
  `defaultLabelEnglish` varchar(128) COLLATE utf8_unicode_ci NOT NULL COMMENT 'English|',
  `isDefault` tinyint(1) NOT NULL,
  `isNew` tinyint(1) NOT NULL,
  `isDraft` tinyint(1) NOT NULL,
  `isUpdate` tinyint(1) NOT NULL,
  `isDelete` tinyint(1) NOT NULL,
  `isActive` tinyint(1) NOT NULL,
  `isApproved` tinyint(1) NOT NULL,
  `isReview` tinyint(1) NOT NULL,
  `isPost` tinyint(1) NOT NULL,
  `executeBy` tinyint(1) NOT NULL,
  `executeTime` datetime NOT NULL,
  PRIMARY KEY (`defaultLabelId`)
) ENGINE=InnoDB AUTO_INCREMENT=49 DEFAULT CHARSET=utf8 COLLATE=utf8_unicode_ci COMMENT='this is basic english template';
/*!40101 SET character_set_client = @saved_cs_client */;

--
-- Dumping data for table `defaultlabel`
--

LOCK TABLES `defaultlabel` WRITE;
/*!40000 ALTER TABLE `defaultlabel` DISABLE KEYS */;
INSERT INTO `defaultlabel` VALUES (1,'systemLabel','System',0,0,0,0,0,0,0,0,0,0,'0000-00-00 00:00:00'),(2,'systemErrorLabel','Error',0,0,0,0,0,0,0,0,0,0,'0000-00-00 00:00:00'),(3,'updateRecordToolTipLabel','Update',0,0,0,0,0,0,0,0,0,0,'0000-00-00 00:00:00'),(4,'deleteRecordToolTipLabel','Delete',0,0,0,0,0,0,0,0,0,0,'0000-00-00 00:00:00'),(5,'deleteRecordTitleMessageLabel','Delete',0,0,0,0,0,0,0,0,0,0,'0000-00-00 00:00:00'),(6,'deleteRecordMessageLabel','Are you sure want to delete this record?',0,0,0,0,0,0,0,0,0,0,'0000-00-00 00:00:00'),(7,'waitMessageLabel','Processing',0,0,0,0,0,0,0,0,0,0,'0000-00-00 00:00:00'),(8,'successLabel','Sucess',0,0,0,0,0,0,0,0,0,0,'0000-00-00 00:00:00'),(9,'waitLabel','processing',0,0,0,0,0,0,0,0,0,0,'0000-00-00 00:00:00'),(10,'emptyTextLabel','Please field  Empty Text.',0,0,0,0,0,0,0,0,0,0,'0000-00-00 00:00:00'),(11,'reloadToolbarLabel','Reload',0,0,0,0,0,0,0,0,0,0,'0000-00-00 00:00:00'),(12,'addToolbarLabel','New Record',0,0,0,0,0,0,0,0,0,0,'0000-00-00 00:00:00'),(13,'printerToolbarLabel','Printer',0,0,0,0,0,0,0,0,0,0,'0000-00-00 00:00:00'),(14,'excelToolbarLabel','Microsoft Excel',0,0,0,0,0,0,0,0,0,0,'0000-00-00 00:00:00'),(15,'blankTextLabel','Field in the blank',0,0,0,0,0,0,0,0,0,0,'0000-00-00 00:00:00'),(16,'duplicateMessageLabel','Duplicate Record',0,0,0,0,0,0,0,0,0,0,'0000-00-00 00:00:00'),(17,'defaultTextLabel','Default Text',0,0,0,0,0,0,0,0,0,0,'0000-00-00 00:00:00'),(18,'newButtonLabel','New Record',0,0,0,0,0,0,0,0,0,0,'0000-00-00 00:00:00'),(19,'saveButtonLabel','Save',0,0,0,0,0,0,0,0,0,0,'0000-00-00 00:00:00'),(20,'deleteButtonLabel','Delete',0,0,0,0,0,0,0,0,0,0,'0000-00-00 00:00:00'),(21,'draftButtonLabel','Draft',0,0,0,0,0,0,0,0,0,0,'0000-00-00 00:00:00'),(22,'resetButtonLabel','Reset',0,0,0,0,0,0,0,0,0,0,'0000-00-00 00:00:00'),(23,'postButtonLabel','Post',0,0,0,0,0,0,0,0,0,0,'0000-00-00 00:00:00'),(24,'gridButtonLabel','Listing Record',0,0,0,0,0,0,0,0,0,0,'0000-00-00 00:00:00'),(25,'cancelButtonLabel','Cancel',0,0,0,0,0,0,0,0,0,0,'0000-00-00 00:00:00'),(26,'firstButtonLabel','First',0,0,0,0,0,0,0,0,0,0,'0000-00-00 00:00:00'),(27,'previousButtonLabel','Previous',0,0,0,0,0,0,0,0,0,0,'0000-00-00 00:00:00'),(28,'nextButtonLabel','Next',0,0,0,0,0,0,0,0,0,0,'0000-00-00 00:00:00'),(29,'endButtonLabel','End',0,0,0,0,0,0,0,0,0,0,'0000-00-00 00:00:00'),(30,'loadFailureLabel','Load Failure',0,0,0,0,0,0,0,0,0,0,'0000-00-00 00:00:00'),(31,'clientInvalidLabel','Client Invalid',0,0,0,0,0,0,0,0,0,0,'0000-00-00 00:00:00'),(32,'connectFailureLabel','Connection Failure',0,0,0,0,0,0,0,0,0,0,'0000-00-00 00:00:00'),(33,'serverInvalidLabel','Server Response Invalid',0,0,0,0,0,0,0,0,0,0,'0000-00-00 00:00:00'),(34,'actionLabel','Action',0,0,0,0,0,0,0,0,0,0,'0000-00-00 00:00:00'),(35,'byLabel','By',0,0,0,0,0,0,0,0,0,0,'0000-00-00 00:00:00'),(36,'timeLabel','Time',0,0,0,0,0,0,0,0,0,0,'0000-00-00 00:00:00'),(39,'emptyRowLabel','Empty Row',0,0,0,0,0,0,0,0,0,0,'0000-00-00 00:00:00'),(40,'CheckAllLabel','Check All',0,0,0,0,0,0,0,0,0,0,'0000-00-00 00:00:00'),(41,'ClearAllLabel','Clear All',0,0,0,0,0,0,0,0,0,0,'0000-00-00 00:00:00'),(42,'uploadButtonLabel','Upload',0,0,0,0,0,0,0,0,0,0,'0000-00-00 00:00:00'),(43,'recordNotFoundLabel','Record not Found',0,0,0,0,0,0,0,0,0,0,'0000-00-00 00:00:00'),(44,'chooseRecordLabel','Please Choose a Record ?',0,0,0,0,0,0,0,0,0,0,'0000-00-00 00:00:00'),(45,'saveTextLabel','Save',0,0,0,0,0,0,0,0,0,0,'0000-00-00 00:00:00'),(46,'cancelTextLabel','Cancel',0,0,0,0,0,0,0,0,0,0,'0000-00-00 00:00:00'),(47,'checkDuplicateCodeLabel','Check Duplicate Code ?',0,0,0,0,0,0,0,0,0,0,'0000-00-00 00:00:00'),(48,'filter','Filter',0,0,0,0,0,0,0,0,0,0,'0000-00-00 00:00:00');
/*!40000 ALTER TABLE `defaultlabel` ENABLE KEYS */;
UNLOCK TABLES;

--
-- Table structure for table `defaultlabeltranslate`
--

DROP TABLE IF EXISTS `defaultlabeltranslate`;
/*!40101 SET @saved_cs_client     = @@character_set_client */;
/*!40101 SET character_set_client = utf8 */;
CREATE TABLE `defaultlabeltranslate` (
  `languageId` int(11) NOT NULL COMMENT 'Language|',
  `defaultLabelTranslateId` int(11) NOT NULL AUTO_INCREMENT COMMENT 'Label|',
  `defaultLabelNative` varchar(64) COLLATE utf8_unicode_ci NOT NULL COMMENT 'Native|',
  `defaultLabelId` int(11) NOT NULL COMMENT 'English|',
  PRIMARY KEY (`defaultLabelTranslateId`),
  KEY `languageId` (`languageId`)
) ENGINE=InnoDB AUTO_INCREMENT=2061 DEFAULT CHARSET=utf8 COLLATE=utf8_unicode_ci;
/*!40101 SET character_set_client = @saved_cs_client */;

--
-- Dumping data for table `defaultlabeltranslate`
--

LOCK TABLES `defaultlabeltranslate` WRITE;
/*!40000 ALTER TABLE `defaultlabeltranslate` DISABLE KEYS */;
INSERT INTO `defaultlabeltranslate` VALUES (9,5,'Stelsel',1),(10,6,'Sistem',1),(11,7,'نظام',1),(12,8,'Сістэма',1),(13,9,'Система',1),(14,10,'Sistema d&#39;',1),(15,11,'系统',1),(16,12,'系統',1),(17,13,'Sustav',1),(18,14,'Systém',1),(19,15,'System',1),(20,16,'Het systeem',1),(21,17,'System',1),(22,18,'Süsteemi',1),(23,19,'Sistema',1),(24,20,'System',1),(25,21,'Système',1),(26,22,'Sistema',1),(27,23,'System',1),(28,24,'Σύστημα',1),(29,25,'Sistèm',1),(30,26,'מערכת',1),(31,27,'प्रणाली',1),(32,28,'Rendszer',1),(33,29,'System',1),(34,30,'Sistem',1),(35,31,'Córas',1),(36,32,'Sistema',1),(37,33,'システム',1),(38,34,'Sistēmas',1),(39,35,'Sistemos',1),(40,36,'Систем',1),(41,37,'Sistem',1),(42,38,'Sistema',1),(43,39,'System',1),(44,40,'سیستم',1),(45,41,'Sistema',1),(46,42,'Sistemul de',1),(47,43,'Система',1),(48,44,'Систем',1),(49,45,'Systém',1),(50,46,'System',1),(51,47,'Sistema de',1),(52,48,'Mfumo',1),(53,49,'System',1),(54,50,'ระบบ',1),(55,51,'Система',1),(56,52,'Hệ thống',1),(57,53,'System',1),(58,54,'סיסטעמע',1),(9,55,'Fout',2),(10,56,'Gabim',2),(11,57,'خطأ',2),(12,58,'Памылка',2),(13,59,'Грешка',2),(14,60,'Error',2),(15,61,'错误',2),(16,62,'錯誤',2),(17,63,'Pogreška',2),(18,64,'Chyba',2),(19,65,'Fejl',2),(20,66,'Fout',2),(21,67,'Error',2),(22,68,'Viga',2),(23,69,'Mali',2),(24,70,'Virhe',2),(25,71,'Erreur',2),(26,72,'Erro',2),(27,73,'Fehler',2),(28,74,'Σφάλμα',2),(29,75,'Erè',2),(30,76,'שגיאה',2),(31,77,'त्रुटि',2),(32,78,'Hiba',2),(33,79,'Villa',2),(34,80,'Kesalahan',2),(35,81,'Earráid',2),(36,82,'Errore',2),(37,83,'エラー',2),(38,84,'Kļūda',2),(39,85,'Klaida',2),(40,86,'Грешка',2),(41,87,'Kesalahan',2),(42,88,'Error',2),(43,89,'Feil',2),(44,90,'خطا',2),(45,91,'Erro',2),(46,92,'Eroare',2),(47,93,'Ошибка',2),(48,94,'Грешка',2),(49,95,'Chyba',2),(50,96,'Napaka',2),(51,97,'Error',2),(52,98,'Kosa',2),(53,99,'Fel',2),(54,100,'ความผิดพลาด',2),(55,101,'Помилка',2),(56,102,'Lỗi',2),(57,103,'Gwall',2),(58,104,'גרייַז',2),(9,105,'Update',3),(10,106,'Update',3),(11,107,'التحديث',3),(12,108,'Абнаўленне',3),(13,109,'Update',3),(14,110,'Actualitzar',3),(15,111,'更新',3),(16,112,'更新',3),(17,113,'Ažuriranje',3),(18,114,'Aktualizace',3),(19,115,'Update',3),(20,116,'Update',3),(21,117,'Update',3),(22,118,'Ajakohastama',3),(23,119,'Update',3),(24,120,'Päivitä',3),(25,121,'Mise à jour',3),(26,122,'Update',3),(27,123,'Update',3),(28,124,'Ενημέρωση',3),(29,125,'Mizajou',3),(30,126,'עדכון',3),(31,127,'अद्यतन',3),(32,128,'Frissítés',3),(33,129,'Uppfæra',3),(34,130,'Update',3),(35,131,'Update',3),(36,132,'Aggiornamento',3),(37,133,'更新',3),(38,134,'Update',3),(39,135,'Atnaujinti',3),(40,136,'Ажурирање',3),(41,137,'Update',3),(42,138,'Aġġornament',3),(43,139,'Update',3),(44,140,'بروز رسانی',3),(45,141,'Update',3),(46,142,'Update',3),(47,143,'Обновление',3),(48,144,'Ажурирање',3),(49,145,'Aktualizácie',3),(50,146,'Update',3),(51,147,'Actualizar',3),(52,148,'Mwisho',3),(53,149,'Uppdatera',3),(54,150,'Update',3),(55,151,'Оновлення',3),(56,152,'Thông',3),(57,153,'Y Diweddaraf',3),(58,154,'דערהייַנטיקן',3),(9,155,'Verwyder',4),(10,156,'Fshij',4),(11,157,'حذف',4),(12,158,'Выдаліць',4),(13,159,'Изтриване',4),(14,160,'Eliminar',4),(15,161,'删除',4),(16,162,'刪除',4),(17,163,'Izbrisati',4),(18,164,'Odstranit',4),(19,165,'Slet',4),(20,166,'Verwijderen',4),(21,167,'Delete',4),(22,168,'Kustuta',4),(23,169,'Alisin',4),(24,170,'Poista',4),(25,171,'Supprimer',4),(26,172,'Borrar',4),(27,173,'Löschen',4),(28,174,'Διαγραφή',4),(29,175,'Delete',4),(30,176,'מחק',4),(31,177,'हटाएँ',4),(32,178,'Törlés',4),(33,179,'Eyða',4),(34,180,'Hapus',4),(35,181,'Scrios',4),(36,182,'Elimina',4),(37,183,'削除',4),(38,184,'Dzēst',4),(39,185,'Ištrinti',4),(40,186,'Бриши',4),(41,187,'Padam',4),(42,188,'Ħassar',4),(43,189,'Slett',4),(44,190,'حذف',4),(45,191,'Excluir',4),(46,192,'Şterge',4),(47,193,'Удалить',4),(48,194,'Избриши',4),(49,195,'Odstrániť',4),(50,196,'Izbriši',4),(51,197,'Eliminar',4),(52,198,'Delete',4),(53,199,'Radera',4),(54,200,'ลบ',4),(55,201,'Видалити',4),(56,202,'Xóa',4),(57,203,'Dileu',4),(58,204,'ויסמעקן',4),(9,205,'Verwyder',5),(10,206,'Fshij',5),(11,207,'حذف',5),(12,208,'Выдаліць',5),(13,209,'Изтриване',5),(14,210,'Eliminar',5),(15,211,'删除',5),(16,212,'刪除',5),(17,213,'Izbrisati',5),(18,214,'Odstranit',5),(19,215,'Slet',5),(20,216,'Verwijderen',5),(21,217,'Delete',5),(22,218,'Kustuta',5),(23,219,'Alisin',5),(24,220,'Poista',5),(25,221,'Supprimer',5),(26,222,'Borrar',5),(27,223,'Löschen',5),(28,224,'Διαγραφή',5),(29,225,'Delete',5),(30,226,'מחק',5),(31,227,'हटाएँ',5),(32,228,'Törlés',5),(33,229,'Eyða',5),(34,230,'Hapus',5),(35,231,'Scrios',5),(36,232,'Elimina',5),(37,233,'削除',5),(38,234,'Dzēst',5),(39,235,'Ištrinti',5),(40,236,'Бриши',5),(41,237,'Padam',5),(42,238,'Ħassar',5),(43,239,'Slett',5),(44,240,'حذف',5),(45,241,'Excluir',5),(46,242,'Şterge',5),(47,243,'Удалить',5),(48,244,'Избриши',5),(49,245,'Odstrániť',5),(50,246,'Izbriši',5),(51,247,'Eliminar',5),(52,248,'Delete',5),(53,249,'Radera',5),(54,250,'ลบ',5),(55,251,'Видалити',5),(56,252,'Xóa',5),(57,253,'Dileu',5),(58,254,'ויסמעקן',5),(9,255,'Is jy seker jy hierdie rekord te verwyder?',6),(10,256,'A jeni i sigurt se doni te fshini kete rekord?',6),(11,257,'هل تريد التأكد من حذف هذا السجل؟',6),(12,258,'Вы ўпэўненыя, што жадаеце выдаліць гэтую запіс?',6),(13,259,'Сигурни ли сте, искате да изтриете този запис?',6),(14,260,'Estàs segur que vols eliminar aquest registre?',6),(15,261,'你确定要删除此记录？',6),(16,262,'你確定要刪除此記錄？',6),(17,263,'Jeste li sigurni da želite pobrisati ovaj zapis?',6),(18,264,'Jste si jisti, že chcete smazat tento záznam?',6),(19,265,'Er du sikker på ønsker at slette denne post?',6),(20,266,'Weet u zeker dat deze record wilt verwijderen?',6),(21,267,'Are you sure want to delete this record?',6),(22,268,'Oled sa kindel, et soovite kustutada selle teate?',6),(23,269,'Sigurado ka bang gusto mong tanggalin ang ulat na ito?',6),(24,270,'Oletko varma että haluat poistaa tämän tietueen?',6),(25,271,'Etes-vous sûr de vouloir supprimer cet enregistrement?',6),(26,272,'¿Está seguro de querer eliminar este rexistro?',6),(27,273,'Sind Sie sicher, dass mit diesen Datensatz wirklich löschen?',6),(28,274,'Είστε σίγουροι ότι θέλετε να διαγράψετε αυτό το ρεκόρ;',6),(29,275,'Èske ou asire w vle efase dosye sa a?',6),(30,276,'האם אתה בטוח שברצונך למחוק רשומה זו?',6),(31,277,'क्या आप सुनिश्चित करने के लिए इस रिकॉर्ड को नष्ट करना चाहते हैं?',6),(32,278,'Biztos vagy benne, hogy törölni kívánja a rekordot?',6),(33,279,'Ertu viss um að vilja eyða þessari færslu?',6),(34,280,'Apakah Anda yakin ingin menghapus data ini?',6),(35,281,'An bhfuil tú cinnte go dteastaíonn a scriosadh taifead seo?',6),(36,282,'Sei sicuro di voler cancellare questo record?',6),(37,283,'あなたは確かにこのレコードを削除してもよろしいですか？',6),(38,284,'Vai esi pārliecināts, ka vēlaties dzēst šo ierakstu?',6),(39,285,'Ar tikrai norite ištrinti šį įrašą?',6),(40,286,'Дали сте сигурни дека сакате да ја избришете оваа плоча?',6),(41,287,'Adakah anda benar-benar ingin memadam data ini?',6),(42,288,'Inti żgur trid tħassar dan ir-rekord?',6),(43,289,'Er du sikker på at vil slette denne posten?',6),(44,290,'آیا مطمئن هستید که می خواهید این رکورد را حذف کنید؟',6),(45,291,'Tem certeza de que deseja excluir este registro?',6),(46,292,'Eşti sigur că doriţi să ştergeţi acest record?',6),(47,293,'Вы уверены, что хотите удалить эту запись?',6),(48,294,'Јесте ли сигурни да желите да избришете овај запис?',6),(49,295,'Ste si istí, že chcete zmazať tento záznam?',6),(50,296,'Ali ste prepričani, da želite izbrisati ta zapis?',6),(51,297,'¿Estás seguro que quieres eliminar este registro?',6),(52,298,'Una uhakika unataka kufuta rekodi?',6),(53,299,'Vill du verkligen ta bort denna post?',6),(54,300,'คุณแน่ใจหรือว่าต้องการลบบันทึกนี้หรือไม่',6),(55,301,'Ви впевнені, що хочете видалити цей запис?',6),(56,302,'Bạn có chắc chắn muốn xóa hồ sơ này?',6),(57,303,'A ydych yn sicr am ddileu&#39;r cofnod hwn?',6),(58,304,'זענט איר זיכער ווילן צו אויסמעקן דעם רעקאָרד?',6),(9,305,'Verwerking',7),(10,306,'Përpunimit',7),(11,307,'تجهيز',7),(12,308,'Апрацоўка',7),(13,309,'Обработка',7),(14,310,'Processament',7),(15,311,'处理',7),(16,312,'處理',7),(17,313,'Obrada',7),(18,314,'Zpracování',7),(19,315,'Forarbejdning',7),(20,316,'Verwerking',7),(21,317,'Processing',7),(22,318,'Töötlemine',7),(23,319,'Pagproseso',7),(24,320,'Jalostus',7),(25,321,'Traitement',7),(26,322,'Procesamento',7),(27,323,'Verarbeitung',7),(28,324,'Επεξεργασία',7),(29,325,'Processing',7),(30,326,'עיבוד',7),(31,327,'प्रसंस्करण',7),(32,328,'Feldolgozás',7),(33,329,'Vinnsla',7),(34,330,'Pengolahan',7),(35,331,'Próiseáil',7),(36,332,'Elaborazione',7),(37,333,'処理',7),(38,334,'Apstrāde',7),(39,335,'Perdirbimo',7),(40,336,'Обработка',7),(41,337,'Pemprosesan',7),(42,338,'Ipproċessar',7),(43,339,'Processing',7),(44,340,'پردازش',7),(45,341,'Processamento',7),(46,342,'Prelucrare',7),(47,343,'Обработка',7),(48,344,'Обрада',7),(49,345,'Spracovanie',7),(50,346,'Predelava',7),(51,347,'Procesamiento',7),(52,348,'Usindikaji',7),(53,349,'Bearbetning',7),(54,350,'การประมวลผล',7),(55,351,'Обробка',7),(56,352,'Chế biến',7),(57,353,'Prosesu',7),(58,354,'פּראַסעסינג',7),(9,355,'Sukses',8),(10,356,'Sukses',8),(11,357,'نجاح',8),(12,358,'Поспеху',8),(13,359,'Успех',8),(14,360,'Èxit',8),(15,361,'成功',8),(16,362,'成功',8),(17,363,'Uspjeh',8),(18,364,'Úspěch',8),(19,365,'Succes',8),(20,366,'Succes',8),(21,367,'Sucess',8),(22,368,'Edu',8),(23,369,'Tagumpay',8),(24,370,'Suoritettu',8),(25,371,'Succès',8),(26,372,'Éxito',8),(27,373,'Success',8),(28,374,'Επιτυχίας',8),(29,375,'Siksè',8),(30,376,'הצלחה',8),(31,377,'सफलता',8),(32,378,'Siker',8),(33,379,'Velgengni',8),(34,380,'Sukses',8),(35,381,'Rath',8),(36,382,'Successo',8),(37,383,'成功',8),(38,384,'Veiksme',8),(39,385,'Sėkmė',8),(40,386,'Успех',8),(41,387,'Sukses',8),(42,388,'Suċċess',8),(43,389,'Suksess',8),(44,390,'موفقیت',8),(45,391,'Sucesso',8),(46,392,'Succes',8),(47,393,'Успеха',8),(48,394,'Успех',8),(49,395,'Úspech',8),(50,396,'Uspeh',8),(51,397,'Éxito',8),(52,398,'Mafanikio',8),(53,399,'Framgång',8),(54,400,'ความสำเร็จ',8),(55,401,'Успіху',8),(56,402,'Thành công',8),(57,403,'Llwyddiant',8),(58,404,'דערפאָלג',8),(9,405,'verwerking',9),(10,406,'përpunimit',9),(11,407,'تجهيز',9),(12,408,'апрацоўкі',9),(13,409,'обработка',9),(14,410,'processament',9),(15,411,'处理',9),(16,412,'處理',9),(17,413,'obrada',9),(18,414,'zpracování',9),(19,415,'forarbejdning',9),(20,416,'verwerking',9),(21,417,'processing',9),(22,418,'töötlemine',9),(23,419,'pagproseso',9),(24,420,'jalostus',9),(25,421,'traitement',9),(26,422,'procesamento',9),(27,423,'Verarbeitung',9),(28,424,'μεταποίησης',9),(29,425,'pwosesis',9),(30,426,'עיבוד',9),(31,427,'प्रसंस्करण',9),(32,428,'feldolgozás',9),(33,429,'vinnsla',9),(34,430,'pengolahan',9),(35,431,'próiseála',9),(36,432,'elaborazione',9),(37,433,'処理',9),(38,434,'apstrāde',9),(39,435,'perdirbimo',9),(40,436,'обработка',9),(41,437,'pemprosesan',9),(42,438,'ipproċessar',9),(43,439,'prosessering',9),(44,440,'پردازش',9),(45,441,'processamento',9),(46,442,'prelucrare',9),(47,443,'обработки',9),(48,444,'обрада',9),(49,445,'spracovanie',9),(50,446,'predelavo',9),(51,447,'procesamiento',9),(52,448,'usindikaji',9),(53,449,'bearbetning',9),(54,450,'การประมวลผล',9),(55,451,'обробки',9),(56,452,'chế biến',9),(57,453,'prosesu',9),(58,454,'פּראַסעסינג',9),(9,455,'Asseblief veld leeg teks.',10),(10,456,'Ju lutem fushë Tekst bosh.',10),(11,457,'يرجى حقل نص فارغ.',10),(12,458,'Калі ласка, запаўняйце поле Тэкст.',10),(13,459,'Моля областта празен текст.',10),(14,460,'Si us plau, camp de text buit.',10),(15,461,'请字段为空文本。',10),(16,462,'請字段為空文本。',10),(17,463,'Molimo polje prazno tekst.',10),(18,464,'Prosím pole prázdné textové.',10),(19,465,'Venligst felt tom tekst.',10),(20,466,'Gelieve veld leeg tekst.',10),(21,467,'Please field  Empty Text.',10),(22,468,'Palun valdkonnas tühi tekst.',10),(23,469,'Mangyaring field Empty Text.',10),(24,470,'Ole hyvä kenttä tyhjä teksti.',10),(25,471,'S&#39;il vous plaît champ texte vide.',10),(26,472,'Por favor, campo de texto en branco.',10),(27,473,'Bitte Feld leer Text.',10),(28,474,'Παρακαλούμε πεδίο Κείμενο Κενό.',10),(29,475,'Tanpri, jaden Vide tèks.',10),(30,476,'אנא שדה טקסט ריק.',10),(31,477,'खाली पाठ क्षेत्र करें.',10),(32,478,'Kérjük mező üres szöveg.',10),(33,479,'Vinsamlegast sviði Empty Texti.',10),(34,480,'Silakan field Teks Kosong.',10),(35,481,'Tabhair faoi réimse Téacs Folamh.',10),(36,482,'Si prega di campo di testo vuoto.',10),(37,483,'空のテキストをフィールドしてください。',10),(38,484,'Lūdzu, lauku tukšu tekstu.',10),(39,485,'Prašome srityje Tuščias tekstas.',10),(40,486,'Ве молиме полето празно текст.',10),(41,487,'Sila field Mesej Kosong.',10),(42,488,'Jekk jogħġbok qasam Test vojta.',10),(43,489,'Vennligst feltet tom tekst.',10),(44,490,'لطفا زمینه متن خالی می باشد.',10),(45,491,'Por favor, campo de texto vazio.',10),(46,492,'Vă rugăm să câmp text gol.',10),(47,493,'Пожалуйста, заполняйте поле Текст.',10),(48,494,'Молимо Вас да поља празног текста.',10),(49,495,'Prosím pole prázdne textové.',10),(50,496,'Prosimo polje prazno besedilo.',10),(51,497,'Por favor, campo de texto vacío.',10),(52,498,'Tafadhali shamba Nakala tupu.',10),(53,499,'Vänligen fält tom text.',10),(54,500,'กรุณาฟิลด์ข้อความว่างเปล่า',10),(55,501,'Будь ласка, заповнюйте поле Текст.',10),(56,502,'Xin vui lòng lĩnh vực văn bản trống.',10),(57,503,'Os gwelwch yn dda maes Testun Gwag.',10),(58,504,'ביטע פעלד נוליקע טעקסט.',10),(9,505,'Reload',11),(10,506,'Ringarko',11),(11,507,'تحديث',11),(12,508,'Перазагрузіць',11),(13,509,'Презареди',11),(14,510,'Actualitzar',11),(15,511,'重载',11),(16,512,'重載',11),(17,513,'Učitajte',11),(18,514,'Obnovit',11),(19,515,'Opdater',11),(20,516,'Reload',11),(21,517,'Reload',11),(22,518,'Reload',11),(23,519,'Reload',11),(24,520,'Ladata',11),(25,521,'Recharger',11),(26,522,'Actualizar',11),(27,523,'Reload',11),(28,524,'Ανανέωση',11),(29,525,'Reload',11),(30,526,'רענן',11),(31,527,'Reload',11),(32,528,'Reload',11),(33,529,'Endurhlaða',11),(34,530,'Reload',11),(35,531,'Reload',11),(36,532,'Ricarica',11),(37,533,'リロード',11),(38,534,'Pārlādēt',11),(39,535,'Perkrauti',11),(40,536,'Вчитај',11),(41,537,'Reload',11),(42,538,'Reload',11),(43,539,'Reload',11),(44,540,'بارگذاری',11),(45,541,'Atualizar',11),(46,542,'Reîncarcă',11),(47,543,'Перезагрузить',11),(48,544,'Учитај поново',11),(49,545,'Obnoviť',11),(50,546,'Reload',11),(51,547,'Actualizar',11),(52,548,'Reload',11),(53,549,'Ladda om',11),(54,550,'Reload',11),(55,551,'Перезавантажити',11),(56,552,'Cập Nhật',11),(57,553,'Ail-lwytho',11),(58,554,'רעלאָאַד',11),(9,555,'Nuwe rekord',12),(10,556,'Regjistro reja',12),(11,557,'رقم قياسي جديد',12),(12,558,'Новая запіс',12),(13,559,'Нов запис',12),(14,560,'Nou registre',12),(15,561,'新记录',12),(16,562,'新記錄',12),(17,563,'Novi rekord',12),(18,564,'Nový rekord',12),(19,565,'Ny post',12),(20,566,'Nieuw record',12),(21,567,'New Record',12),(22,568,'New Record',12),(23,569,'Bagong Record',12),(24,570,'Uusi ennätys',12),(25,571,'Nouveau record',12),(26,572,'Novo Record',12),(27,573,'Neuer Rekord',12),(28,574,'Νέα Εγγραφή',12),(29,575,'Ekri nouvo',12),(30,576,'שיא חדש',12),(31,577,'नया रिकार्ड',12),(32,578,'Új rekord',12),(33,579,'New Record',12),(34,580,'Record Baru',12),(35,581,'Nua Taifead',12),(36,582,'Nuovo record',12),(37,583,'新しいレコード',12),(38,584,'Jauns ieraksts',12),(39,585,'Naujas įrašas',12),(40,586,'Нов рекорд',12),(41,587,'Record Baru',12),(42,588,'New Record',12),(43,589,'Ny post',12),(44,590,'رکورد جدید',12),(45,591,'Novo Record',12),(46,592,'Record nou',12),(47,593,'Новая запись',12),(48,594,'Нови запис',12),(49,595,'Nový rekord',12),(50,596,'Nov zapis',12),(51,597,'Nuevo registro',12),(52,598,'Mpya Record',12),(53,599,'Ny post',12),(54,600,'บันทึกใหม่',12),(55,601,'Новий запис',12),(56,602,'New Record',12),(57,603,'Cofnod Newydd',12),(58,604,'ניו רעקאָרד',12),(9,605,'Drukker',13),(10,606,'Printer',13),(11,607,'الطابعة',13),(12,608,'Друкарак',13),(13,609,'Принтер',13),(14,610,'Impressora',13),(15,611,'打印机',13),(16,612,'打印機',13),(17,613,'Printer',13),(18,614,'Tiskárny',13),(19,615,'Printer',13),(20,616,'Printer',13),(21,617,'Printer',13),(22,618,'Printer',13),(23,619,'Printer',13),(24,620,'Tulostimen',13),(25,621,'Imprimante',13),(26,622,'Impresora',13),(27,623,'Drucker',13),(28,624,'Εκτυπωτή',13),(29,625,'Printer',13),(30,626,'מדפסת',13),(31,627,'प्रिंटर',13),(32,628,'Nyomtató',13),(33,629,'Printer',13),(34,630,'Printer',13),(35,631,'Printéir',13),(36,632,'Stampante',13),(37,633,'プリンタ',13),(38,634,'Printeris',13),(39,635,'Spausdintuvas',13),(40,636,'Отпечати',13),(41,637,'Printer',13),(42,638,'Printer',13),(43,639,'Skriver',13),(44,640,'چاپگر',13),(45,641,'Impressora',13),(46,642,'Imprimantă',13),(47,643,'Принтеров',13),(48,644,'Штампач',13),(49,645,'Tlačiarne',13),(50,646,'Printer',13),(51,647,'Impresora',13),(52,648,'Printer',13),(53,649,'Skrivare',13),(54,650,'พิมพ์',13),(55,651,'Принтерів',13),(56,652,'Máy in',13),(57,653,'Argraffydd',13),(58,654,'דרוקער',13),(9,655,'Microsoft Excel',14),(10,656,'Microsoft Excel',14),(11,657,'مايكروسوفت إكسل',14),(12,658,'Microsoft Excel',14),(13,659,'Microsoft Excel',14),(14,660,'Microsoft Excel',14),(15,661,'微软的Excel',14),(16,662,'微軟的Excel',14),(17,663,'Microsoft Excel',14),(18,664,'Microsoft Excel',14),(19,665,'Microsoft Excel',14),(20,666,'Microsoft Excel',14),(21,667,'Microsoft Excel',14),(22,668,'Microsoft Excel',14),(23,669,'Microsoft Excel',14),(24,670,'Microsoft Excel',14),(25,671,'Microsoft Excel',14),(26,672,'Microsoft Excel',14),(27,673,'Microsoft Excel',14),(28,674,'Microsoft Excel',14),(29,675,'Microsoft Excel',14),(30,676,'Microsoft Excel',14),(31,677,'माइक्रोसॉफ्ट एक्सेल',14),(32,678,'Microsoft Excel',14),(33,679,'Microsoft Excel',14),(34,680,'Microsoft Excel',14),(35,681,'Microsoft Excel',14),(36,682,'Microsoft Excel',14),(37,683,'Microsoft Excelの',14),(38,684,'Microsoft Excel',14),(39,685,'&quot;Microsoft Excel&quot;',14),(40,686,'Microsoft Excel',14),(41,687,'Microsoft Excel',14),(42,688,'Microsoft Excel',14),(43,689,'Microsoft Excel',14),(44,690,'مایکروسافت اکسل',14),(45,691,'Microsoft Excel',14),(46,692,'Microsoft Excel',14),(47,693,'Microsoft Excel',14),(48,694,'Мицрософт Екцел',14),(49,695,'Microsoft Excel',14),(50,696,'Microsoft Excel',14),(51,697,'Microsoft Excel',14),(52,698,'Microsoft Excel',14),(53,699,'Microsoft Excel',14),(54,700,'Microsoft Excel',14),(55,701,'Microsoft Excel',14),(56,702,'Microsoft Excel',14),(57,703,'Microsoft Excel',14),(58,704,'מייקראָסאָפֿט עקססעל',14),(9,705,'Veld in die leë',15),(10,706,'Fushë në bosh',15),(11,707,'في حقل فارغ',15),(12,708,'Поле ў пусты',15),(13,709,'Поле в празното',15),(14,710,'Camp en l&#39;espai en blanc',15),(15,711,'场中的空白',15),(16,712,'場中的空白',15),(17,713,'Polje u prazno',15),(18,714,'Pole do prázdného',15),(19,715,'Felt i blank',15),(20,716,'Veld in het lege',15),(21,717,'Field in the blank',15),(22,718,'Väli tühjaks',15),(23,719,'Patlang ng mga blangko',15),(24,720,'Kenttä tyhjäksi',15),(25,721,'Champ dans l&#39;espace',15),(26,722,'Campo en branco',15),(27,723,'Feld in der leeren',15),(28,724,'Πεδίο στο κενό',15),(29,725,'Jaden nan vid la',15),(30,726,'שדה ריק',15),(31,727,'रिक्त में फील्ड',15),(32,728,'Field az üres',15),(33,729,'Field í auða',15),(34,730,'Lapangan di kosong',15),(35,731,'Réimse an bán',15),(36,732,'Campo nel vuoto',15),(37,733,'空白のフィールド',15),(38,734,'Jomā tukšajā',15),(39,735,'Laukas tuščias',15),(40,736,'Поле во празно',15),(41,737,'Lapangan di kosong',15),(42,738,'Qasam fl-imbjank',15),(43,739,'Field i det tomme',15),(44,740,'در فیلد خالی',15),(45,741,'Campo em branco',15),(46,742,'Câmp în gol',15),(47,743,'Поле в пустой',15),(48,744,'Поље у празно',15),(49,745,'Pole do prázdneho',15),(50,746,'Polje v prazno',15),(51,747,'Campo en el espacio en blanco',15),(52,748,'Shamba katika tupu',15),(53,749,'Fält i den tomma',15),(54,750,'เขตข้อมูลในที่ว่างเปล่า',15),(55,751,'Поле в порожній',15),(56,752,'Field vào chỗ trống',15),(57,753,'Maes yn y gwag',15),(58,754,'פעלד אין די ליידיק',15),(9,755,'Tweevoud Rekord',16),(10,756,'Duplicate Record',16),(11,757,'سجل مكرر',16),(12,758,'Запісы, якія паўтараюцца',16),(13,759,'Дублиране Запис',16),(14,760,'Registres duplicats',16),(15,761,'重复记录',16),(16,762,'重複記錄',16),(17,763,'Dvostruki rekord',16),(18,764,'Duplicitní záznam',16),(19,765,'Duplicate Record',16),(20,766,'Dubbele record',16),(21,767,'Duplicate Record',16),(22,768,'Duplicate Record',16),(23,769,'Doblehin Record',16),(24,770,'Monista Record',16),(25,771,'Dupliquer l&#39;enregistrement',16),(26,772,'Duplicate Record',16),(27,773,'Datensatz duplizieren',16),(28,774,'Διπλότυπο Εγγραφή',16),(29,775,'Kopi Dosye',16),(30,776,'שכפל שיא',16),(31,777,'नकल रिकार्ड',16),(32,778,'Duplicate rekord',16),(33,779,'Afrit Record',16),(34,780,'Duplikasi Record',16),(35,781,'Dúblach Taifead',16),(36,782,'Duplica il record',16),(37,783,'重複レコード',16),(38,784,'Duplicate Record',16),(39,785,'Dubliuoti Įrašų',16),(40,786,'Дупликат рекорд',16),(41,787,'Duplikasi Record',16),(42,788,'Duplikat Record',16),(43,789,'Duplicate Record',16),(44,790,'رکورد تکراری',16),(45,791,'Duplicate Record',16),(46,792,'Record duplicat',16),(47,793,'Повторяющиеся записи',16),(48,794,'Дупликат Рекорд',16),(49,795,'Duplicitné záznam',16),(50,796,'Duplicate Record',16),(51,797,'Registros duplicados',16),(52,798,'Duplicate Record',16),(53,799,'Duplicera post',16),(54,800,'บันทึกซ้ำ',16),(55,801,'Повторювані записи',16),(56,802,'Duplicate Record',16),(57,803,'Cofnod dyblyg',16),(58,804,'דופּליקאַט רעקאָרד',16),(9,805,'Standaard teks',17),(10,806,'Default Tekst',17),(11,807,'النص الافتراضي',17),(12,808,'Тэкст па змаўчанні',17),(13,809,'Текстът по подразбиране',17),(14,810,'Text per defecte',17),(15,811,'默认文本',17),(16,812,'默認文本',17),(17,813,'Zadani tekst',17),(18,814,'Výchozí text',17),(19,815,'Standard tekst',17),(20,816,'Default Text',17),(21,817,'Default Text',17),(22,818,'Vaikimisi tekst',17),(23,819,'Default na Teksto',17),(24,820,'Default Text',17),(25,821,'De texte par défaut',17),(26,822,'Default Text',17),(27,823,'Default Text',17),(28,824,'Default Text',17),(29,825,'Default Text',17),(30,826,'ברירת המחדל של הטקסט',17),(31,827,'डिफ़ॉल्ट पाठ',17),(32,828,'Alapértelmezett szöveg',17),(33,829,'Default Text',17),(34,830,'Default Text',17),(35,831,'Default Text',17),(36,832,'Testo predefinito',17),(37,833,'デフォルトのテキスト',17),(38,834,'Noklusējuma teksta',17),(39,835,'Numatytasis tekstas',17),(40,836,'Стандардна текст',17),(41,837,'Default Text',17),(42,838,'Default Test',17),(43,839,'Default Tekst',17),(44,840,'متن پیشفرض',17),(45,841,'Default Text',17),(46,842,'Implicit Text',17),(47,843,'Текст по умолчанию',17),(48,844,'Подразумевани текст',17),(49,845,'Východiskový text',17),(50,846,'Default Text',17),(51,847,'Texto por defecto',17),(52,848,'Nakala default',17),(53,849,'Default Text',17),(54,850,'ข้อความเริ่มต้น',17),(55,851,'Текст за умовчанням',17),(56,852,'Văn bản mặc định',17),(57,853,'Default Testun',17),(58,854,'ניט ויסצאָלן טעקסט',17),(9,855,'Nuwe rekord',18),(10,856,'Regjistro reja',18),(11,857,'رقم قياسي جديد',18),(12,858,'Новая запіс',18),(13,859,'Нов запис',18),(14,860,'Nou registre',18),(15,861,'新记录',18),(16,862,'新記錄',18),(17,863,'Novi rekord',18),(18,864,'Nový rekord',18),(19,865,'Ny post',18),(20,866,'Nieuw record',18),(21,867,'New Record',18),(22,868,'New Record',18),(23,869,'Bagong Record',18),(24,870,'Uusi ennätys',18),(25,871,'Nouveau record',18),(26,872,'Novo Record',18),(27,873,'Neuer Rekord',18),(28,874,'Νέα Εγγραφή',18),(29,875,'Ekri nouvo',18),(30,876,'שיא חדש',18),(31,877,'नया रिकार्ड',18),(32,878,'Új rekord',18),(33,879,'New Record',18),(34,880,'Record Baru',18),(35,881,'Nua Taifead',18),(36,882,'Nuovo record',18),(37,883,'新しいレコード',18),(38,884,'Jauns ieraksts',18),(39,885,'Naujas įrašas',18),(40,886,'Нов рекорд',18),(41,887,'Record Baru',18),(42,888,'New Record',18),(43,889,'Ny post',18),(44,890,'رکورد جدید',18),(45,891,'Novo Record',18),(46,892,'Record nou',18),(47,893,'Новая запись',18),(48,894,'Нови запис',18),(49,895,'Nový rekord',18),(50,896,'Nov zapis',18),(51,897,'Nuevo registro',18),(52,898,'Mpya Record',18),(53,899,'Ny post',18),(54,900,'บันทึกใหม่',18),(55,901,'Новий запис',18),(56,902,'New Record',18),(57,903,'Cofnod Newydd',18),(58,904,'ניו רעקאָרד',18),(9,905,'Slaan',19),(10,906,'Ruaj',19),(11,907,'حفظ',19),(12,908,'Захаваць',19),(13,909,'Запази',19),(14,910,'Guardar',19),(15,911,'保存',19),(16,912,'保存',19),(17,913,'Spasiti',19),(18,914,'Uložit',19),(19,915,'Gem',19),(20,916,'Opslaan',19),(21,917,'Save',19),(22,918,'Salvesta',19),(23,919,'Iligtas',19),(24,920,'Tallenna',19),(25,921,'Enregistrer',19),(26,922,'Gardar',19),(27,923,'Speichern',19),(28,924,'Αποθήκευση',19),(29,925,'Sove',19),(30,926,'שמור',19),(31,927,'सहेजें',19),(32,928,'Mentés',19),(33,929,'Vista',19),(34,930,'Simpan',19),(35,931,'Sábháil',19),(36,932,'Salva',19),(37,933,'名前を付けて保存',19),(38,934,'Saglabāt',19),(39,935,'Prisiminti',19),(40,936,'Зачувај',19),(41,937,'Simpan',19),(42,938,'Save',19),(43,939,'Lagre',19),(44,940,'ذخیره',19),(45,941,'Guardar',19),(46,942,'Salva',19),(47,943,'Сохранить',19),(48,944,'Сачувај',19),(49,945,'Uložiť',19),(50,946,'Shrani',19),(51,947,'Guardar',19),(52,948,'Ila',19),(53,949,'Spara',19),(54,950,'บันทึก',19),(55,951,'Зберегти',19),(56,952,'Lưu',19),(57,953,'Cadw',19),(58,954,'ראַטעווען',19),(9,955,'Verwyder',20),(10,956,'Fshij',20),(11,957,'حذف',20),(12,958,'Выдаліць',20),(13,959,'Изтриване',20),(14,960,'Eliminar',20),(15,961,'删除',20),(16,962,'刪除',20),(17,963,'Izbrisati',20),(18,964,'Odstranit',20),(19,965,'Slet',20),(20,966,'Verwijderen',20),(21,967,'Delete',20),(22,968,'Kustuta',20),(23,969,'Alisin',20),(24,970,'Poista',20),(25,971,'Supprimer',20),(26,972,'Borrar',20),(27,973,'Löschen',20),(28,974,'Διαγραφή',20),(29,975,'Delete',20),(30,976,'מחק',20),(31,977,'हटाएँ',20),(32,978,'Törlés',20),(33,979,'Eyða',20),(34,980,'Hapus',20),(35,981,'Scrios',20),(36,982,'Elimina',20),(37,983,'削除',20),(38,984,'Dzēst',20),(39,985,'Ištrinti',20),(40,986,'Бриши',20),(41,987,'Padam',20),(42,988,'Ħassar',20),(43,989,'Slett',20),(44,990,'حذف',20),(45,991,'Excluir',20),(46,992,'Şterge',20),(47,993,'Удалить',20),(48,994,'Избриши',20),(49,995,'Odstrániť',20),(50,996,'Izbriši',20),(51,997,'Eliminar',20),(52,998,'Delete',20),(53,999,'Radera',20),(54,1000,'ลบ',20),(55,1001,'Видалити',20),(56,1002,'Xóa',20),(57,1003,'Dileu',20),(58,1004,'ויסמעקן',20),(9,1005,'Ontwerp',21),(10,1006,'Projekt',21),(11,1007,'مشروع',21),(12,1008,'Праект',21),(13,1009,'Проект',21),(14,1010,'Projecte de',21),(15,1011,'草案',21),(16,1012,'草案',21),(17,1013,'Nacrt',21),(18,1014,'Návrh',21),(19,1015,'Udkast til',21),(20,1016,'Ontwerp-',21),(21,1017,'Draft',21),(22,1018,'Projekt',21),(23,1019,'Burador',21),(24,1020,'Luonnos',21),(25,1021,'Projet de',21),(26,1022,'Proxecto',21),(27,1023,'Entwurf',21),(28,1024,'Σχέδιο',21),(29,1025,'Bouyon',21),(30,1026,'טיוטה',21),(31,1027,'मसौदा',21),(32,1028,'Tervezet',21),(33,1029,'Draft',21),(34,1030,'Draf',21),(35,1031,'Dréacht',21),(36,1032,'Progetto',21),(37,1033,'ドラフト',21),(38,1034,'Projektu',21),(39,1035,'Projektas',21),(40,1036,'Предлог',21),(41,1037,'Draf',21),(42,1038,'Abbozz',21),(43,1039,'Utkast',21),(44,1040,'پیش نویس',21),(45,1041,'Projecto',21),(46,1042,'Proiect de',21),(47,1043,'Проект',21),(48,1044,'Нацрт',21),(49,1045,'Návrh',21),(50,1046,'Osnutek',21),(51,1047,'Proyecto de',21),(52,1048,'Rasimu',21),(53,1049,'Förslag',21),(54,1050,'ร่าง',21),(55,1051,'Проект',21),(56,1052,'Dự thảo',21),(57,1053,'Drafft',21),(58,1054,'פּלאַן',21),(9,1055,'Reset',22),(10,1056,'Reset',22),(11,1057,'إعادة تعيين',22),(12,1058,'Скід',22),(13,1059,'Проучване',22),(14,1060,'Restablir',22),(15,1061,'复位',22),(16,1062,'復位',22),(17,1063,'Reset',22),(18,1064,'Reset',22),(19,1065,'Nulstil',22),(20,1066,'Reset',22),(21,1067,'Reset',22),(22,1068,'Reset',22),(23,1069,'I-reset',22),(24,1070,'Nollaa',22),(25,1071,'Reset',22),(26,1072,'Reset',22),(27,1073,'Reset',22),(28,1074,'Επαναφορά',22),(29,1075,'Reyajiste',22),(30,1076,'איפוס',22),(31,1077,'रीसेट',22),(32,1078,'Reset',22),(33,1079,'Endurstilla',22),(34,1080,'Reset',22),(35,1081,'Athshocraigh',22),(36,1082,'Reset',22),(37,1083,'リセット',22),(38,1084,'Reset',22),(39,1085,'Atstatyti',22),(40,1086,'Ресетирај',22),(41,1087,'Kembalikan',22),(42,1088,'Irrisettja',22),(43,1089,'Reset',22),(44,1090,'بازنشانی',22),(45,1091,'Reset',22),(46,1092,'Resetare',22),(47,1093,'Сброс',22),(48,1094,'Ресетовање',22),(49,1095,'Reset',22),(50,1096,'Reset',22),(51,1097,'Restablecer',22),(52,1098,'Reset',22),(53,1099,'Återställ',22),(54,1100,'Reset',22),(55,1101,'Скидання',22),(56,1102,'Thiết lập lại',22),(57,1103,'Ailosod',22),(58,1104,'באַשטעטיק',22),(9,1105,'Post',23),(10,1106,'Post',23),(11,1107,'آخر',23),(12,1108,'Паведамленне',23),(13,1109,'Пост',23),(14,1110,'Missatge',23),(15,1111,'邮政',23),(16,1112,'郵政',23),(17,1113,'Post',23),(18,1114,'Příspěvek',23),(19,1115,'Post',23),(20,1116,'Post',23),(21,1117,'Post',23),(22,1118,'Post',23),(23,1119,'Post',23),(24,1120,'Post',23),(25,1121,'Post',23),(26,1122,'Post',23),(27,1123,'Post',23),(28,1124,'Δημοσίευση',23),(29,1125,'Post',23),(30,1126,'הודעה',23),(31,1127,'पोस्ट',23),(32,1128,'Hozzászólás',23),(33,1129,'Post',23),(34,1130,'Post',23),(35,1131,'Iar',23),(36,1132,'Post',23),(37,1133,'投稿',23),(38,1134,'Pastu',23),(39,1135,'Paštu',23),(40,1136,'Пост',23),(41,1137,'Post',23),(42,1138,'Post',23),(43,1139,'Post',23),(44,1140,'پست',23),(45,1141,'Post',23),(46,1142,'Post',23),(47,1143,'Сообщение',23),(48,1144,'Пост',23),(49,1145,'Príspevok',23),(50,1146,'Post',23),(51,1147,'Mensaje',23),(52,1148,'Post',23),(53,1149,'Post',23),(54,1150,'โพสต์',23),(55,1151,'Повідомлення',23),(56,1152,'Post',23),(57,1153,'Post',23),(58,1154,'פּאָסטן',23),(9,1155,'Aanbieding Rekord',24),(10,1156,'Listing Record',24),(11,1157,'إدراج سجل',24),(12,1158,'Лістынг запіс',24),(13,1159,'Обява Запис',24),(14,1160,'Llistat de Registre',24),(15,1161,'上市记录',24),(16,1162,'上市記錄',24),(17,1163,'Oglas rekord',24),(18,1164,'Výpis záznamů',24),(19,1165,'Notering Record',24),(20,1166,'Record aanbieding',24),(21,1167,'Listing Record',24),(22,1168,'Videod Record',24),(23,1169,'Listing Record',24),(24,1170,'Listing Record',24),(25,1171,'Exemple d&#39;enregistrement',24),(26,1172,'Listado Record',24),(27,1173,'Listing Record',24),(28,1174,'Λίστα Εγγραφή',24),(29,1175,'Listing Ekri',24),(30,1176,'רשימת תקליטים',24),(31,1177,'लिस्ट रिकार्ड',24),(32,1178,'Rekord listázása',24),(33,1179,'Listing Record',24),(34,1180,'Listing Rekam',24),(35,1181,'Liosta Taifead',24),(36,1182,'Elenco dei Record',24),(37,1183,'リストレコード',24),(38,1184,'Listing Ierakstīt',24),(39,1185,'Sąrašas Įrašų',24),(40,1186,'Рекорд на оглас',24),(41,1187,'Listing Rakam',24),(42,1188,'Elenku Record',24),(43,1189,'Oppføring Record',24),(44,1190,'مثال رکورد',24),(45,1191,'Listagem Record',24),(46,1192,'Listarea Record',24),(47,1193,'Листинг запись',24),(48,1194,'Оглас Рекорд',24),(49,1195,'Výpis záznamov',24),(50,1196,'Ad Record',24),(51,1197,'Listado de Registro',24),(52,1198,'Nyimbo Record',24),(53,1199,'Lista Record',24),(54,1200,'บันทึกรายการ',24),(55,1201,'Лістинг запис',24),(56,1202,'Liệt kê Record',24),(57,1203,'Cofnod Listing',24),(58,1204,'ליסטינג רעקאָרד',24),(9,1205,'Kanselleer',25),(10,1206,'Anuloj',25),(11,1207,'إلغاء',25),(12,1208,'Адмяніць',25),(13,1209,'Отказ',25),(14,1210,'Cancel',25),(15,1211,'取消',25),(16,1212,'取消',25),(17,1213,'Otkazati',25),(18,1214,'Zrušit',25),(19,1215,'Annuller',25),(20,1216,'Annuleren',25),(21,1217,'Cancel',25),(22,1218,'Tühista',25),(23,1219,'Kanselahin',25),(24,1220,'Peruuta',25),(25,1221,'Annuler',25),(26,1222,'Cancelar',25),(27,1223,'Abbrechen',25),(28,1224,'Ακύρωση',25),(29,1225,'Anile',25),(30,1226,'לבטל',25),(31,1227,'रद्द',25),(32,1228,'Mégsem',25),(33,1229,'Hætta við',25),(34,1230,'Membatalkan',25),(35,1231,'Cealaigh',25),(36,1232,'Annulla',25),(37,1233,'キャンセル',25),(38,1234,'Atcelt',25),(39,1235,'Atšaukti',25),(40,1236,'Откажи',25),(41,1237,'Membatalkan',25),(42,1238,'Ikkanċella',25),(43,1239,'Avbryt',25),(44,1240,'انصراف',25),(45,1241,'Cancelar',25),(46,1242,'Anula',25),(47,1243,'Отменить',25),(48,1244,'Отказати',25),(49,1245,'Zrušiť',25),(50,1246,'Prekliči',25),(51,1247,'Cancelar',25),(52,1248,'Kufuta',25),(53,1249,'Avbryt',25),(54,1250,'ยกเลิก',25),(55,1251,'Скасувати',25),(56,1252,'Huỷ',25),(57,1253,'Canslo',25),(58,1254,'באָטל מאַכן',25),(9,1255,'Eerste',26),(10,1256,'Parë',26),(11,1257,'الأول',26),(12,1258,'Першы',26),(13,1259,'Първи',26),(14,1260,'En primer lloc',26),(15,1261,'第一',26),(16,1262,'第一',26),(17,1263,'Prvi',26),(18,1264,'První',26),(19,1265,'Første',26),(20,1266,'Eerste',26),(21,1267,'First',26),(22,1268,'Esimese',26),(23,1269,'Unang',26),(24,1270,'Ensimmäinen',26),(25,1271,'Première',26),(26,1272,'Primeira',26),(27,1273,'Erste',26),(28,1274,'Πρώτα',26),(29,1275,'Premye',26),(30,1276,'ראשון',26),(31,1277,'पहले',26),(32,1278,'Első',26),(33,1279,'First',26),(34,1280,'Pertama',26),(35,1281,'An Chéad',26),(36,1282,'Primo',26),(37,1283,'最初の',26),(38,1284,'Pirmā',26),(39,1285,'Pirmosios',26),(40,1286,'Прво',26),(41,1287,'Pertama',26),(42,1288,'Ewwel',26),(43,1289,'Første',26),(44,1290,'اول',26),(45,1291,'Primeira',26),(46,1292,'În primul rând',26),(47,1293,'Первый',26),(48,1294,'Прва',26),(49,1295,'Prvé',26),(50,1296,'Prva',26),(51,1297,'En primer lugar',26),(52,1298,'Kwanza',26),(53,1299,'Första',26),(54,1300,'แรก',26),(55,1301,'Перший',26),(56,1302,'Đầu tiên',26),(57,1303,'Cyntaf',26),(58,1304,'ערשטער',26),(9,1305,'Vorige',27),(10,1306,'I mëparshëm',27),(11,1307,'السابقة',27),(12,1308,'Папярэдняя',27),(13,1309,'Предишна',27),(14,1310,'Anterior',27),(15,1311,'上一页',27),(16,1312,'上一頁',27),(17,1313,'Prethodna',27),(18,1314,'Předchozí',27),(19,1315,'Forrige',27),(20,1316,'Vorige',27),(21,1317,'Previous',27),(22,1318,'Eelmine',27),(23,1319,'Nakaraan',27),(24,1320,'Edellinen',27),(25,1321,'Précédent',27),(26,1322,'Anterior',27),(27,1323,'Zurück',27),(28,1324,'Προηγούμενη',27),(29,1325,'Previous',27),(30,1326,'קודם',27),(31,1327,'पिछला',27),(32,1328,'Előző',27),(33,1329,'Fyrri',27),(34,1330,'Sebelumnya',27),(35,1331,'Roimhe Seo',27),(36,1332,'Precedente',27),(37,1333,'前へ',27),(38,1334,'Iepriekšējais',27),(39,1335,'Ankstesnis',27),(40,1336,'Назад',27),(41,1337,'Sebelumnya',27),(42,1338,'Preċedenti',27),(43,1339,'Forrige',27),(44,1340,'قبلی',27),(45,1341,'Anterior',27),(46,1342,'Anterioare',27),(47,1343,'Предыдущая',27),(48,1344,'Претходни',27),(49,1345,'Predchádzajúci',27),(50,1346,'Prejšnja',27),(51,1347,'Anterior',27),(52,1348,'Previous',27),(53,1349,'Föregående',27),(54,1350,'ก่อน',27),(55,1351,'Попередня',27),(56,1352,'Trước',27),(57,1353,'Blaenorol',27),(58,1354,'פרייַערדיק',27),(9,1355,'Volgende',28),(10,1356,'Tjetër',28),(11,1357,'القادم',28),(12,1358,'Наступная',28),(13,1359,'Следваща',28),(14,1360,'Següent',28),(15,1361,'下一页',28),(16,1362,'下一頁',28),(17,1363,'Slijedeća',28),(18,1364,'Další',28),(19,1365,'Næste',28),(20,1366,'Volgende',28),(21,1367,'Next',28),(22,1368,'Järgmine',28),(23,1369,'Susunod',28),(24,1370,'Seuraava',28),(25,1371,'Suivant',28),(26,1372,'Seguinte',28),(27,1373,'Weiter',28),(28,1374,'Επόμενο',28),(29,1375,'Next',28),(30,1376,'הבא',28),(31,1377,'अगला',28),(32,1378,'Következő',28),(33,1379,'Next',28),(34,1380,'Berikutnya',28),(35,1381,'Ar Aghaidh',28),(36,1382,'Prossimo',28),(37,1383,'次へ',28),(38,1384,'Nākamā',28),(39,1385,'Kitas',28),(40,1386,'Следна',28),(41,1387,'Kemudian',28),(42,1388,'Li jmiss',28),(43,1389,'Neste',28),(44,1390,'بعدی',28),(45,1391,'Seguinte',28),(46,1392,'Următorul',28),(47,1393,'Следующая',28),(48,1394,'Следећа',28),(49,1395,'Ďalší',28),(50,1396,'Naprej',28),(51,1397,'Siguiente',28),(52,1398,'Ijayo',28),(53,1399,'Nästa',28),(54,1400,'ถัดไป',28),(55,1401,'Наступна',28),(56,1402,'Tiếp theo',28),(57,1403,'Nesaf',28),(58,1404,'ווייַטער',28),(9,1405,'Einde',29),(10,1406,'Fund',29),(11,1407,'نهاية',29),(12,1408,'Канец',29),(13,1409,'Край',29),(14,1410,'Fi',29),(15,1411,'完',29),(16,1412,'完',29),(17,1413,'Kraju',29),(18,1414,'Konec',29),(19,1415,'End',29),(20,1416,'Einde',29),(21,1417,'End',29),(22,1418,'Aasta lõpuks',29),(23,1419,'Katapusan',29),(24,1420,'Lopussa',29),(25,1421,'Fin',29),(26,1422,'Fin',29),(27,1423,'Ende',29),(28,1424,'Τέλος',29),(29,1425,'Fen',29),(30,1426,'בסוף',29),(31,1427,'अंत',29),(32,1428,'Vége',29),(33,1429,'End',29),(34,1430,'Akhir',29),(35,1431,'Deireadh',29),(36,1432,'Fine',29),(37,1433,'終了',29),(38,1434,'Beigās',29),(39,1435,'Pabaigos',29),(40,1436,'Крајот',29),(41,1437,'Akhir',29),(42,1438,'Tmiem',29),(43,1439,'Slutt',29),(44,1440,'پایان',29),(45,1441,'Fim',29),(46,1442,'Capăt',29),(47,1443,'Конец',29),(48,1444,'Крај',29),(49,1445,'Koniec',29),(50,1446,'End',29),(51,1447,'Fin',29),(52,1448,'Mwisho',29),(53,1449,'Avsluta',29),(54,1450,'ท้าย',29),(55,1451,'Кінець',29),(56,1452,'Cuối',29),(57,1453,'Diwedd',29),(58,1454,'ענדיקן',29),(9,1455,'Vrag Versuim',30),(10,1456,'Dështimi Load',30),(11,1457,'فشل تحميل',30),(12,1458,'Load Failure',30),(13,1459,'Разрушаващо натоварване',30),(14,1460,'La manca de càrrega',30),(15,1461,'加载失败',30),(16,1462,'加載失敗',30),(17,1463,'Učitaj Neuspjeh',30),(18,1464,'Zatížení selhání',30),(19,1465,'Belastning Manglende',30),(20,1466,'Load Failure',30),(21,1467,'Load Failure',30),(22,1468,'Load jätmine',30),(23,1469,'Load Kabiguang',30),(24,1470,'Kuorman jättäminen',30),(25,1471,'Échec du chargement',30),(26,1472,'Falla de carga',30),(27,1473,'Load Failure',30),(28,1474,'Αποτυχία φόρτωσης',30),(29,1475,'Si w chaj',30),(30,1476,'טען כישלון',30),(31,1477,'लोड करने में विफलता',30),(32,1478,'Töltsön hiba',30),(33,1479,'Hlaða Failure',30),(34,1480,'Load Kegagalan',30),(35,1481,'Failure Luchtaigh',30),(36,1482,'Carico di rottura',30),(37,1483,'負荷障害',30),(38,1484,'Slodzes Ja',30),(39,1485,'Įkelti neįvykdymas',30),(40,1486,'Оптоварување Неуспехот',30),(41,1487,'Load Kegagalan',30),(42,1488,'Nuqqas Tagħbija',30),(43,1489,'Last inn Failure',30),(44,1490,'شکست بار',30),(45,1491,'Falha de carga',30),(46,1492,'Nerespectarea de încărcare',30),(47,1493,'Load Failure',30),(48,1494,'Учитај неуспех',30),(49,1495,'Zaťaženie zlyhanie',30),(50,1496,'Naloži Če',30),(51,1497,'La falta de carga',30),(52,1498,'Mzigo Kushindwa',30),(53,1499,'Fyll Underlåtenhet',30),(54,1500,'ความล้มเหลวในการโหลด',30),(55,1501,'Load Failure',30),(56,1502,'Không tải',30),(57,1503,'Methiant Llwytho',30),(58,1504,'מאַסע פאַילורע',30),(9,1505,'Kliënt Ongeldige',31),(10,1506,'Klienti i pavlefshëm',31),(11,1507,'عميل غير صالح',31),(12,1508,'Кліент Няправільны',31),(13,1509,'Клиент Невалидна',31),(14,1510,'Client no és vàlid',31),(15,1511,'客户无效',31),(16,1512,'客戶無效',31),(17,1513,'Klijent nije valjan',31),(18,1514,'Klient Neplatná',31),(19,1515,'Client Ugyldig',31),(20,1516,'Opdrachtgever Ongeldige',31),(21,1517,'Client Invalid',31),(22,1518,'Klient Vigane',31),(23,1519,'Client Hindi wastong',31),(24,1520,'Asiakas ei kelpaa',31),(25,1521,'Client Blancs',31),(26,1522,'Cliente non válido',31),(27,1523,'Ungültige Client',31),(28,1524,'Πελάτης Άκυρα',31),(29,1525,'Kliyan envalid',31),(30,1526,'לקוח לא חוקית',31),(31,1527,'ग्राहक अवैध',31),(32,1528,'Érvénytelen kliens',31),(33,1529,'Viðskiptavinur Ógilt',31),(34,1530,'Klien tidak valid',31),(35,1531,'Cliant neamhbhailí',31),(36,1532,'Client non valida',31),(37,1533,'クライアントが無効です',31),(38,1534,'Klientu Nederīgs',31),(39,1535,'Kliento Neteisingas',31),(40,1536,'Невалиден клиент',31),(41,1537,'Pelanggan tidak sah',31),(42,1538,'Klijent Invalid',31),(43,1539,'Client Ugyldig',31),(44,1540,'کارفرما نامعتبر',31),(45,1541,'Cliente inválido',31),(46,1542,'Client nevalid',31),(47,1543,'Клиент Неверный',31),(48,1544,'Клијент Неважећи',31),(49,1545,'Klient Neplatná',31),(50,1546,'Client Invalid',31),(51,1547,'Cliente no es válido',31),(52,1548,'Mteja batili',31),(53,1549,'Client Ogiltig',31),(54,1550,'Client ไม่ถูกต้อง',31),(55,1551,'Клієнт Невірний',31),(56,1552,'Khách hàng không hợp lệ',31),(57,1553,'Cleient annilys',31),(58,1554,'קליענט אומלעקסיקער',31),(9,1555,'Verband Versuim',32),(10,1556,'Dështimi Connection',32),(11,1557,'فشل في الاتصال',32),(12,1558,'Памылка злучэння',32),(13,1559,'Грешка при свързване',32),(14,1560,'La manca de connexió',32),(15,1561,'连接失败',32),(16,1562,'連接失敗',32),(17,1563,'Veza Neuspjeh',32),(18,1564,'Chyba připojení',32),(19,1565,'Tilslutning Manglende',32),(20,1566,'Verbinding mislukt',32),(21,1567,'Connection Failure',32),(22,1568,'Connection jätmine',32),(23,1569,'Connection Kabiguang',32),(24,1570,'Yhteyden jättäminen',32),(25,1571,'Échec de connexion',32),(26,1572,'Fallou a conexión',32),(27,1573,'Verbindungsfehler',32),(28,1574,'Παράλειψη σύνδεσης',32),(29,1575,'Echèk Connection',32),(30,1576,'כשל בחיבור',32),(31,1577,'कनेक्शन विफलता',32),(32,1578,'Csatlakozási hiba',32),(33,1579,'Connection Failure',32),(34,1580,'Kegagalan Koneksi',32),(35,1581,'Failure Ceangal',32),(36,1582,'Errore di connessione',32),(37,1583,'接続障害',32),(38,1584,'Savienojuma Kļūda',32),(39,1585,'Ryšio gedimas',32),(40,1586,'Поврзување Неуспех',32),(41,1587,'Kegagalan Koneksi',32),(42,1588,'Nuqqas Konnessjoni',32),(43,1589,'Tilkobling Failure',32),(44,1590,'عدم اتصال',32),(45,1591,'Falha na conexão',32),(46,1592,'Conexiune Nerespectarea',32),(47,1593,'Ошибка соединения',32),(48,1594,'Цоннецтион фаилуре',32),(49,1595,'Chyba pripojenia',32),(50,1596,'Če povezava',32),(51,1597,'La falta de conexión',32),(52,1598,'Uhusiano Kushindwa',32),(53,1599,'Anslutningsfel',32),(54,1600,'ความล้มเหลวในการเชื่อมต่อ',32),(55,1601,'Помилка з&#39;єднання',32),(56,1602,'Không kết nối',32),(57,1603,'Methiant Cysylltiad',32),(58,1604,'קשר פאַילורע',32),(9,1605,'Bediener Response Ongeldige',33),(10,1606,'Përgjigje Server pavlefshme',33),(11,1607,'استجابة ملقم غير صالح',33),(12,1608,'Няправільны адказ сервера',33),(13,1609,'Отговор на сървъра Невалидна',33),(14,1610,'Resposta del servidor no vàlid',33),(15,1611,'服务器响应无效',33),(16,1612,'服務器響應無效',33),(17,1613,'Odgovor poslužitelja nije valjana',33),(18,1614,'Odezva serveru Neplatná',33),(19,1615,'Server Response Ugyldig',33),(20,1616,'Reactie van server Ongeldig',33),(21,1617,'Server Response Invalid',33),(22,1618,'Server Response Vigane',33),(23,1619,'Server Response Hindi wastong',33),(24,1620,'Palvelimen vastaus ei kelpaa',33),(25,1621,'Réponse du serveur invalide',33),(26,1622,'Resposta non válida do servidor',33),(27,1623,'Ungültige Server-Antwort',33),(28,1624,'Ανταπόκριση Server Άκυρα',33),(29,1625,'Repons Server envalid',33),(30,1626,'תגובת שרת לא חוקי',33),(31,1627,'सर्वर प्रतिक्रिया अमान्य',33),(32,1628,'Kiszolgáló válasza érvénytelen',33),(33,1629,'Server Response Ógilt',33),(34,1630,'Respon server tidak valid',33),(35,1631,'Freagra Freastalaí neamhbhailí',33),(36,1632,'Risposta del server non valida',33),(37,1633,'サーバーの応答が無効です',33),(38,1634,'Servera atbilde Nederīgs',33),(39,1635,'Serveris atsako Neteisingas',33),(40,1636,'Невалиден одговор од серверот',33),(41,1637,'Respon pelayan tidak sah',33),(42,1638,'Rispons Server Invalid',33),(43,1639,'Server Response Ugyldig',33),(44,1640,'پاسخ کارساز نامعتبر است',33),(45,1641,'Resposta inválida do servidor',33),(46,1642,'Server răspuns nevalid',33),(47,1643,'Неверный ответ сервера',33),(48,1644,'Одговор сервера Неважећи',33),(49,1645,'Odozva servera Neplatná',33),(50,1646,'Odgovor strežnika Invalid',33),(51,1647,'Respuesta del servidor no válido',33),(52,1648,'Response server batili',33),(53,1649,'Server Response Ogiltig',33),(54,1650,'Server ตอบสนองไม่ถูกต้อง',33),(55,1651,'Неправильна відповідь сервера',33),(56,1652,'Server đáp ứng không hợp lệ',33),(57,1653,'Ymateb annilys Gweinydd',33),(58,1654,'סערווירער רעספּאָנסע אומלעקסיקער',33),(9,1655,'Optrede',34),(10,1656,'Veprim',34),(11,1657,'عمل',34),(12,1658,'Дзеянняў',34),(13,1659,'Действие',34),(14,1660,'Acció',34),(15,1661,'行动',34),(16,1662,'行動',34),(17,1663,'Akcija',34),(18,1664,'Akce',34),(19,1665,'Handling',34),(20,1666,'Actie',34),(21,1667,'Action',34),(22,1668,'Tegevuskava',34),(23,1669,'Aksyon',34),(24,1670,'Toiminta',34),(25,1671,'Action',34),(26,1672,'Acción',34),(27,1673,'Aktion',34),(28,1674,'Δράση',34),(29,1675,'Aksyon',34),(30,1676,'פעולה',34),(31,1677,'कार्रवाई',34),(32,1678,'Cselekvési',34),(33,1679,'Action',34),(34,1680,'Tindakan',34),(35,1681,'Gníomh',34),(36,1682,'Azione',34),(37,1683,'アクション',34),(38,1684,'Darbības',34),(39,1685,'Veiksmų',34),(40,1686,'Акција',34),(41,1687,'Tindakan',34),(42,1688,'Azzjoni',34),(43,1689,'Action',34),(44,1690,'اقدام',34),(45,1691,'Ação',34),(46,1692,'Acţiune',34),(47,1693,'Действий',34),(48,1694,'Акција',34),(49,1695,'Akcia',34),(50,1696,'Ukrep',34),(51,1697,'Acción',34),(52,1698,'Hatua',34),(53,1699,'Åtgärd',34),(54,1700,'การกระทำ',34),(55,1701,'Дій',34),(56,1702,'Hành động',34),(57,1703,'Gweithredu',34),(58,1704,'אַקציע',34),(9,1705,'Skep deur',35),(10,1706,'Krijo Nga',35),(11,1707,'بإنشائها',35),(12,1708,'Стварыць па',35),(13,1709,'Създаване С',35),(14,1710,'En crear',35),(15,1711,'创建',35),(16,1712,'創建',35),(17,1713,'Napravi Po',35),(18,1714,'Vytvořil',35),(19,1715,'Opret Ved',35),(20,1716,'Te creëren door',35),(21,1717,'By',35),(22,1718,'Loo aasta',35),(23,1719,'Gumawa By',35),(24,1720,'Luo Tekijä',35),(25,1721,'Créé par',35),(26,1722,'Ao crear',35),(27,1723,'Erstellen Durch',35),(28,1724,'Δημιουργία Με',35),(29,1725,'Kreye By',35),(30,1726,'יוצר',35),(31,1727,'बनाएँ तक',35),(32,1728,'Létrehozása által',35),(33,1729,'Búa By',35),(34,1730,'Buat Dengan',35),(35,1731,'Cruthaigh De',35),(36,1732,'Creare con la',35),(37,1733,'を作成することにより',35),(38,1734,'Izveidot Pēc',35),(39,1735,'Sukurti Iki',35),(40,1736,'Креирај Со',35),(41,1737,'Buat Dengan',35),(42,1738,'Oħloq Permezz',35),(43,1739,'Lag Av',35),(44,1740,'ایجاد شده توسط',35),(45,1741,'Ao criar',35),(46,1742,'Prin crea',35),(47,1743,'Создать по',35),(48,1744,'Креирате',35),(49,1745,'Vytvoril',35),(50,1746,'Ustvarite Z',35),(51,1747,'Al crear',35),(52,1748,'Kwa kujenga',35),(53,1749,'Skapa av',35),(54,1750,'สร้างโดย',35),(55,1751,'Створити по',35),(56,1752,'Tạo Bởi',35),(57,1753,'Creu Erbyn',35),(58,1754,'שאַפֿן דורך',35),(9,1755,'Skep Tyd',36),(10,1756,'Krijo Time',36),(11,1757,'إنشاء الوقت',36),(12,1758,'Час стварэння',36),(13,1759,'Създаване на времето',36),(14,1760,'Crear Temps',36),(15,1761,'创建时间',36),(16,1762,'創建時間',36),(17,1763,'Napravi Vrijeme',36),(18,1764,'Vytvořit čas',36),(19,1765,'Opret Time',36),(20,1766,'Maak tijd',36),(21,1767,'Time',36),(22,1768,'Loo Time',36),(23,1769,'Gumawa ng Time',36),(24,1770,'Luo Time',36),(25,1771,'Créer Time',36),(26,1772,'Crear Time',36),(27,1773,'Erstellen Time',36),(28,1774,'Δημιουργία Χρόνος',36),(29,1775,'Kreye Tan',36),(30,1776,'יצירת זמן',36),(31,1777,'समय बनाएँ',36),(32,1778,'Idő létrehozása',36),(33,1779,'Búa Time',36),(34,1780,'Membuat Waktu',36),(35,1781,'Am Cruthaigh',36),(36,1782,'Crea Time',36),(37,1783,'時間を作成する',36),(38,1784,'Izveidot laiks',36),(39,1785,'Sukūrimo laikas',36),(40,1786,'Креирај Време',36),(41,1787,'Membuat Waktu',36),(42,1788,'Oħloq Ħin',36),(43,1789,'Lag Time',36),(44,1790,'زمان ایجاد',36),(45,1791,'Criar Time',36),(46,1792,'Timp de a crea',36),(47,1793,'Время создания',36),(48,1794,'Креирање Време',36),(49,1795,'Vytvoriť čas',36),(50,1796,'Ustvari Time',36),(51,1797,'Crear Tiempo',36),(52,1798,'Kujenga Time',36),(53,1799,'Skapa tid',36),(54,1800,'เวลาที่สร้าง',36),(55,1801,'Час створення',36),(56,1802,'Tạo Thời gian',36),(57,1803,'Creu Amser',36),(58,1804,'שאַפֿן צייט',36),(9,1805,'Gewysig deur',37),(10,1806,'Modifikuar nga',37),(11,1807,'تم تعديلها من قبل',37),(12,1808,'Аўтар змяненняў',37),(13,1809,'Променен от',37),(14,1810,'Modificat per',37),(15,1811,'修改者',37),(16,1812,'修改者',37),(17,1813,'Izmijenio',37),(18,1814,'Změnil',37),(19,1815,'Ændret af',37),(20,1816,'Gewijzigd door',37),(21,1817,'Modified By',37),(22,1818,'Muutja',37),(23,1819,'Modified By',37),(24,1820,'Muokkaaja',37),(25,1821,'Modifié par',37),(26,1822,'Modificado por',37),(27,1823,'Geändert von',37),(28,1824,'Τροποποιήθηκε από',37),(29,1825,'Edite By',37),(30,1826,'שונה על ידי',37),(31,1827,'द्वारा संशोधित',37),(32,1828,'Módosította',37),(33,1829,'Modified By',37),(34,1830,'Modifikasi Dengan',37),(35,1831,'De Athraithe',37),(36,1832,'Modificato da',37),(37,1833,'更新者',37),(38,1834,'Grozījumi izdarīti ar',37),(39,1835,'Modifikavo',37),(40,1836,'Пат од страна',37),(41,1837,'Modifikasi Dengan',37),(42,1838,'Modifikat Permezz',37),(43,1839,'Endret av',37),(44,1840,'اصلاح شده توسط',37),(45,1841,'Modificado por',37),(46,1842,'Modificat de',37),(47,1843,'Автор изменений',37),(48,1844,'Модификована',37),(49,1845,'Zmenil',37),(50,1846,'Spremenil',37),(51,1847,'Modificado por',37),(52,1848,'Iliyopita Kwa',37),(53,1849,'Ändrad av',37),(54,1850,'ปรับเปลี่ยนโดย',37),(55,1851,'Автор змін',37),(56,1852,'Sửa đổi theo',37),(57,1853,'Addaswyd yn Erbyn',37),(58,1854,'מאדיפיצירט דורך',37),(9,1855,'Modified Tyd',38),(10,1856,'Ndryshuar Time',38),(11,1857,'تعديل التوقيت',38),(12,1858,'Час змены',38),(13,1859,'Време на промяна',38),(14,1860,'Modificat Temps',38),(15,1861,'修改时间',38),(16,1862,'修改時間',38),(17,1863,'Promjena Vrijeme',38),(18,1864,'Modifikovaná čas',38),(19,1865,'Modificerede Time',38),(20,1866,'Gewijzigd Tijd',38),(21,1867,'Modified Time',38),(22,1868,'Muudetud aeg',38),(23,1869,'Binagong Oras',38),(24,1870,'Muokattu aika',38),(25,1871,'Mise à jour Temps',38),(26,1872,'Modificado Tempo',38),(27,1873,'Geändert Time',38),(28,1874,'Τροποποιημένο Χρόνος',38),(29,1875,'Edite Tan',38),(30,1876,'השתנה זמן',38),(31,1877,'संशोधित टाइम',38),(32,1878,'Módosított idő',38),(33,1879,'Tímabreyting',38),(34,1880,'Modifikasi Waktu',38),(35,1881,'Am Athraithe',38),(36,1882,'Modified Time',38),(37,1883,'修正時間',38),(38,1884,'Modificētais laiks',38),(39,1885,'Modifikuotas Laikas',38),(40,1886,'Време е изменета',38),(41,1887,'Modifikasi Waktu',38),(42,1888,'Modifikat Ħin',38),(43,1889,'Modifisert Time',38),(44,1890,'تغییر ساعت',38),(45,1891,'Modificado Tempo',38),(46,1892,'Modificat Time',38),(47,1893,'Время изменения',38),(48,1894,'Модификовани Време',38),(49,1895,'Modifikovaná čas',38),(50,1896,'Spremenjen čas',38),(51,1897,'Modificado Tiempo',38),(52,1898,'Iliyopita Time',38),(53,1899,'Ändrad tid',38),(54,1900,'เวลาแก้ไข',38),(55,1901,'Час зміни',38),(56,1902,'Được thay đổi Thời gian',38),(57,1903,'Addaswyd Amser',38),(58,1904,'מאדיפיצירט צייט',38),(9,1905,'Leë Row',39),(10,1906,'Row Empty',39),(11,1907,'فارغة الصف',39),(12,1908,'Пустая радок',39),(13,1909,'Празен ред',39),(14,1910,'Fila buida',39),(15,1911,'空行',39),(16,1912,'空行',39),(17,1913,'Prazan redak',39),(18,1914,'Prázdný řádek',39),(19,1915,'Tomme Row',39),(20,1916,'Lege rij',39),(21,1917,'Empty Row',39),(22,1918,'Tühi rida',39),(23,1919,'Walang laman ang Hilera',39),(24,1920,'Tyhjä rivi',39),(25,1921,'Ligne vide',39),(26,1922,'Liña baleira',39),(27,1923,'Leere Zeile',39),(28,1924,'Κενή γραμμή',39),(29,1925,'Vid Ranje',39),(30,1926,'ריק שורה',39),(31,1927,'खाली पंक्ति',39),(32,1928,'Üres sor',39),(33,1929,'Tóm Row',39),(34,1930,'Baris Kosong',39),(35,1931,'Ró Folamh',39),(36,1932,'Riga vuota',39),(37,1933,'空行',39),(38,1934,'Tukša rinda',39),(39,1935,'Tuščia eilutė',39),(40,1936,'Празен ред',39),(41,1937,'Baris Kosong',39),(42,1938,'Empty Ringiela',39),(43,1939,'Tomme Row',39),(44,1940,'سطر خالی',39),(45,1941,'Linha vazia',39),(46,1942,'Gol Row',39),(47,1943,'Пустая строка',39),(48,1944,'Празан ред',39),(49,1945,'Prázdny riadok',39),(50,1946,'Prazne Row',39),(51,1947,'Fila vacía',39),(52,1948,'Row tupu',39),(53,1949,'Tomma raden',39),(54,1950,'แถวว่าง',39),(55,1951,'Порожній рядок',39),(56,1952,'Empty Row',39),(57,1953,'Rhes Gwag',39),(58,1954,'נוליקע ראָוו',39),(9,1955,'Check Alle',40),(10,1956,'Kontrollo të gjitha',40),(11,1957,'الاختيار الكل',40),(12,1958,'Праверце ўсе',40),(13,1959,'Проверка на всички',40),(14,1960,'Comprovar tots els',40),(15,1961,'全部选中',40),(16,1962,'全部選中',40),(17,1963,'Provjerite sve',40),(18,1964,'Zkontrolujte, zda všechny',40),(19,1965,'Check Alle',40),(20,1966,'Check All',40),(21,1967,'Check All',40),(22,1968,'Kontrolli kõik',40),(23,1969,'Suriin ang Lahat',40),(24,1970,'Valitse kaikki',40),(25,1971,'Vérifier tous les',40),(26,1972,'Consulte todas as',40),(27,1973,'Check All',40),(28,1974,'Ελέγξτε Όλες',40),(29,1975,'Tcheke tout sa',40),(30,1976,'לבדוק את כל',40),(31,1977,'सभी की जाँच करें',40),(32,1978,'Összes ellenőrzése',40),(33,1979,'Check All',40),(34,1980,'Periksa Semua',40),(35,1981,'Seiceáil go léir',40),(36,1982,'Check All',40),(37,1983,'すべてをチェック',40),(38,1984,'Pārbaudīt visus',40),(39,1985,'Pažymėti visus',40),(40,1986,'Провери ги сите',40),(41,1987,'Semak Semua',40),(42,1988,'Iċċekkja kollha',40),(43,1989,'Sjekk alle',40),(44,1990,'انتخاب همه',40),(45,1991,'Confira todas as',40),(46,1992,'Verifica toate',40),(47,1993,'Проверьте все',40),(48,1994,'Проверите све',40),(49,1995,'Skontrolujte, či všetky',40),(50,1996,'Preverite Vse',40),(51,1997,'Comprobar todos los',40),(52,1998,'Kuangalia zote',40),(53,1999,'Markera alla',40),(54,2000,'เลือกทั้งหมด',40),(55,2001,'Перевірте всі',40),(56,2002,'Chọn tất cả',40),(57,2003,'Gwirio Pob',40),(58,2004,'קוק אַלע',40),(9,2005,'Alles',41),(10,2006,'Qartë të gjitha',41),(11,2007,'مسح الكل',41),(12,2008,'Ачысціць усе',41),(13,2009,'Изчистване на всички',41),(14,2010,'Esborrar tots',41),(15,2011,'全部清除',41),(16,2012,'全部清除',41),(17,2013,'Obriši sve',41),(18,2014,'Vymazat vše',41),(19,2015,'Ryd alle',41),(20,2016,'Alles wissen',41),(21,2017,'Clear All',41),(22,2018,'Kustuta kõik',41),(23,2019,'Maaliwalas Lahat',41),(24,2020,'Tyhjennä kaikki',41),(25,2021,'Effacer tout',41),(26,2022,'Borrar todo',41),(27,2023,'Clear All',41),(28,2024,'Καθαρισμός Όλων',41),(29,2025,'Tout klè',41),(30,2026,'נקה הכל',41),(31,2027,'सभी साफ़',41),(32,2028,'Az összes törlése',41),(33,2029,'Clear All',41),(34,2030,'Hapus Semua',41),(35,2031,'Gach Glan',41),(36,2032,'Cancella tutto',41),(37,2033,'[すべてクリア]',41),(38,2034,'Notīrīt visu',41),(39,2035,'Išvalyti visus',41),(40,2036,'Исчисти ги сите',41),(41,2037,'Padam Semua',41),(42,2038,'Clear kollha',41),(43,2039,'Fjern alle',41),(44,2040,'پاک کردن همه',41),(45,2041,'Limpar tudo',41),(46,2042,'Toate clar',41),(47,2043,'Очистить все',41),(48,2044,'Обриши све',41),(49,2045,'Vymazať všetko',41),(50,2046,'Počisti vse',41),(51,2047,'Borrar todos',41),(52,2048,'Wazi zote',41),(53,2049,'Rensa alla',41),(54,2050,'ล้างทั้งหมด',41),(55,2051,'Очистити всі',41),(56,2052,'Clear All',41),(57,2053,'Clear Pob',41),(58,2054,'קלאָר אַלע',41),(21,2055,'Upload',42),(21,2056,'Record not Found',43),(21,2057,'Please Choose a Record ?',44),(21,2058,'Save',45),(21,2059,'Cancel',46),(21,2060,'Check Duplicate Code ?',47);
/*!40000 ALTER TABLE `defaultlabeltranslate` ENABLE KEYS */;
UNLOCK TABLES;

--
-- Table structure for table `document`
--

DROP TABLE IF EXISTS `document`;
/*!40101 SET @saved_cs_client     = @@character_set_client */;
/*!40101 SET character_set_client = utf8 */;
CREATE TABLE `document` (
  `documentId` int(11) NOT NULL AUTO_INCREMENT,
  `documentCategoryId` int(11) NOT NULL,
  `leafId` int(11) NOT NULL,
  `documentCode` varchar(4) COLLATE utf8_unicode_ci NOT NULL,
  `DocumentSequence` int(11) NOT NULL,
  `documentNote` varchar(64) COLLATE utf8_unicode_ci NOT NULL,
  `documentTitle` varchar(64) COLLATE utf8_unicode_ci NOT NULL,
  `documentDesc` varchar(128) COLLATE utf8_unicode_ci NOT NULL,
  `documentPath` varchar(128) COLLATE utf8_unicode_ci NOT NULL,
  `documentOriginalFilename` varchar(128) COLLATE utf8_unicode_ci NOT NULL,
  `documentDownloadFilename` varchar(128) COLLATE utf8_unicode_ci NOT NULL,
  `documentExtension` varchar(8) COLLATE utf8_unicode_ci NOT NULL,
  `documentVersion` int(11) NOT NULL,
  `isDefault` tinyint(1) NOT NULL,
  `isNew` tinyint(1) NOT NULL,
  `isDraft` tinyint(1) NOT NULL,
  `isUpdate` tinyint(1) NOT NULL,
  `isDelete` tinyint(1) NOT NULL,
  `isActive` tinyint(1) NOT NULL,
  `isApproved` tinyint(1) NOT NULL,
  `isReview` tinyint(1) NOT NULL,
  `isPost` tinyint(1) NOT NULL,
  `executeBy` int(11) NOT NULL,
  `executeTime` datetime NOT NULL,
  PRIMARY KEY (`documentId`),
  KEY `documentCategoryId` (`documentCategoryId`),
  KEY `leafId` (`leafId`)
) ENGINE=InnoDB AUTO_INCREMENT=3 DEFAULT CHARSET=utf8 COLLATE=utf8_unicode_ci;
/*!40101 SET character_set_client = @saved_cs_client */;

--
-- Dumping data for table `document`
--

LOCK TABLES `document` WRITE;
/*!40000 ALTER TABLE `document` DISABLE KEYS */;
INSERT INTO `document` VALUES (1,0,512,'',0,'','','','','39396-1287155243.jpg','2011-08-22-23504.xlsx','',1,0,1,0,0,0,1,0,0,0,2,'2011-08-22 21:29:39'),(2,3,512,'',0,'','','','C:/inetpub/wwwroot/idcmsCore/document/document/user/2/','cv.pdf','cv-28628pdf','pdf',1,0,1,0,0,0,1,0,0,0,2,'2011-08-25 08:28:18');
/*!40000 ALTER TABLE `document` ENABLE KEYS */;
UNLOCK TABLES;

--
-- Table structure for table `documentSequence`
--

DROP TABLE IF EXISTS `documentSequence`;
/*!40101 SET @saved_cs_client     = @@character_set_client */;
/*!40101 SET character_set_client = utf8 */;
CREATE TABLE `documentSequence` (
  `documentSequenceId` int(11) NOT NULL AUTO_INCREMENT,
  `documentSequenceCode` varchar(4) COLLATE utf8_unicode_ci NOT NULL,
  `documentSequenceDesc` varchar(200) COLLATE utf8_unicode_ci NOT NULL,
  `documentSequenceStart` int(11) NOT NULL COMMENT 'start',
  `documentSequenceEnd` int(11) NOT NULL COMMENT 'end',
  `documentSequenceNumber` int(6) unsigned zerofill NOT NULL,
  `isDefault` tinyint(1) NOT NULL,
  `isNew` tinyint(1) NOT NULL COMMENT 'New|',
  `isDraft` tinyint(1) NOT NULL COMMENT 'Draft|',
  `isUpdate` tinyint(1) NOT NULL COMMENT 'Updated|',
  `isDelete` tinyint(1) NOT NULL COMMENT 'Delete|',
  `isActive` tinyint(1) NOT NULL COMMENT 'Active|',
  `isApproved` tinyint(1) NOT NULL COMMENT 'Approved|',
  `isReview` tinyint(1) NOT NULL,
  `isPost` tinyint(1) NOT NULL,
  `executeBy` int(11) NOT NULL COMMENT 'By|',
  `executeTime` datetime NOT NULL,
  PRIMARY KEY (`documentSequenceId`)
) ENGINE=InnoDB AUTO_INCREMENT=11 DEFAULT CHARSET=utf8 COLLATE=utf8_unicode_ci COMMENT='Transaction Number Sequence';
/*!40101 SET character_set_client = @saved_cs_client */;

--
-- Dumping data for table `documentSequence`
--

LOCK TABLES `documentSequence` WRITE;
/*!40000 ALTER TABLE `documentSequence` DISABLE KEYS */;
INSERT INTO `documentSequence` VALUES (1,'JRNL','Journal ',1,999999,000044,0,1,0,0,0,1,0,0,0,2,'2011-12-12 23:15:32'),(2,'JRRG','Journal Range',1,999999,000001,0,1,0,0,0,1,0,0,0,2,'2011-12-12 23:15:32'),(3,'JRME','Journal Month End Adjustment',1,999999,000001,0,1,0,0,0,1,0,0,0,2,'2011-12-12 23:15:32'),(4,'JRYE','Journal Year End Adjustment',1,999999,000001,0,1,0,0,0,1,0,0,0,2,'2011-12-12 23:15:32'),(5,'INVC','Invoice',1,999999,000001,0,1,0,0,0,1,0,0,0,2,'2011-12-12 23:15:32'),(6,'VOUC','Voucher',1,999999,000001,0,1,0,0,0,1,0,0,0,2,'2011-12-12 23:15:32'),(7,'PMNT','Payment',1,999999,000001,0,1,0,0,0,1,0,0,0,2,'2011-12-12 23:15:32'),(8,'ADJT','Adjustment',1,999999,000001,0,1,0,0,0,1,0,0,0,2,'2011-12-12 23:15:32'),(9,'FXAT','Fix Asset',1,999999,000001,0,1,0,0,0,1,0,0,0,2,'2011-12-12 23:15:32'),(10,'PYRL','Payroll',1,999999,000001,0,1,0,0,0,1,0,0,0,2,'2011-12-12 23:15:32');
/*!40000 ALTER TABLE `documentSequence` ENABLE KEYS */;
UNLOCK TABLES;

--
-- Table structure for table `documentSetting`
--

DROP TABLE IF EXISTS `documentSetting`;
/*!40101 SET @saved_cs_client     = @@character_set_client */;
/*!40101 SET character_set_client = utf8 */;
CREATE TABLE `documentSetting` (
  `documentSettingId` int(11) NOT NULL AUTO_INCREMENT,
  `documentSequenceId` int(11) NOT NULL,
  `leafId` int(11) NOT NULL,
  `isDefault` tinyint(1) NOT NULL,
  `isNew` tinyint(1) NOT NULL COMMENT 'New|',
  `isDraft` tinyint(1) NOT NULL COMMENT 'Draft|',
  `isUpdate` tinyint(1) NOT NULL COMMENT 'Updated|',
  `isDelete` tinyint(1) NOT NULL COMMENT 'Delete|',
  `isActive` tinyint(1) NOT NULL COMMENT 'Active|',
  `isApproved` tinyint(1) NOT NULL COMMENT 'Approved|',
  `isReview` tinyint(1) NOT NULL,
  `isPost` tinyint(1) NOT NULL,
  `executeBy` int(11) NOT NULL COMMENT 'By|',
  `executeTime` datetime NOT NULL,
  PRIMARY KEY (`documentSettingId`),
  KEY `leafId` (`leafId`),
  KEY `documentSequenceId` (`documentSequenceId`),
  CONSTRAINT `documentsetting_ibfk_1` FOREIGN KEY (`documentSequenceId`) REFERENCES `documentSequence` (`documentSequenceId`) ON DELETE CASCADE ON UPDATE CASCADE,
  CONSTRAINT `documentsetting_ibfk_2` FOREIGN KEY (`leafId`) REFERENCES `leaf` (`leafId`) ON DELETE CASCADE ON UPDATE CASCADE
) ENGINE=InnoDB AUTO_INCREMENT=2 DEFAULT CHARSET=utf8 COLLATE=utf8_unicode_ci;
/*!40101 SET character_set_client = @saved_cs_client */;

--
-- Dumping data for table `documentSetting`
--

LOCK TABLES `documentSetting` WRITE;
/*!40000 ALTER TABLE `documentSetting` DISABLE KEYS */;
INSERT INTO `documentSetting` VALUES (1,1,37,0,1,0,0,0,1,0,0,0,2,'0000-00-00 00:00:00');
/*!40000 ALTER TABLE `documentSetting` ENABLE KEYS */;
UNLOCK TABLES;

--
-- Table structure for table `documentcategory`
--

DROP TABLE IF EXISTS `documentcategory`;
/*!40101 SET @saved_cs_client     = @@character_set_client */;
/*!40101 SET character_set_client = utf8 */;
CREATE TABLE `documentcategory` (
  `documentCategoryId` int(11) NOT NULL AUTO_INCREMENT COMMENT 'Document|',
  `documentCategoryTitle` varchar(64) COLLATE utf8_unicode_ci NOT NULL,
  `documentCategoryDesc` varchar(128) COLLATE utf8_unicode_ci NOT NULL,
  `documentCategorySequence` int(11) NOT NULL,
  `documentCategoryCode` varchar(4) COLLATE utf8_unicode_ci NOT NULL,
  `documentCategoryEnglish` varchar(128) COLLATE utf8_unicode_ci NOT NULL,
  `isDefault` tinyint(1) NOT NULL,
  `isNew` tinyint(1) NOT NULL,
  `isDraft` tinyint(1) NOT NULL,
  `IsUpdate` tinyint(1) NOT NULL,
  `isDelete` tinyint(1) NOT NULL,
  `isActive` tinyint(1) NOT NULL,
  `isApproved` tinyint(1) NOT NULL,
  `isReview` tinyint(1) NOT NULL,
  `isPost` tinyint(1) NOT NULL,
  `executeBy` int(11) NOT NULL,
  `executeTime` datetime NOT NULL,
  PRIMARY KEY (`documentCategoryId`)
) ENGINE=InnoDB AUTO_INCREMENT=6 DEFAULT CHARSET=utf8 COLLATE=utf8_unicode_ci COMMENT='Document Category Audit Trail';
/*!40101 SET character_set_client = @saved_cs_client */;

--
-- Dumping data for table `documentcategory`
--

LOCK TABLES `documentcategory` WRITE;
/*!40000 ALTER TABLE `documentcategory` DISABLE KEYS */;
INSERT INTO `documentcategory` VALUES (3,'System Audit Trail','System Audit Trail',0,'','',0,1,0,0,0,1,0,0,0,2,'0000-00-00 00:00:00'),(5,'ab','k',7,'k','j',0,0,0,1,0,1,0,0,0,2,'2011-07-17 09:48:23');
/*!40000 ALTER TABLE `documentcategory` ENABLE KEYS */;
UNLOCK TABLES;

--
-- Table structure for table `extlabel`
--

DROP TABLE IF EXISTS `extlabel`;
/*!40101 SET @saved_cs_client     = @@character_set_client */;
/*!40101 SET character_set_client = utf8 */;
CREATE TABLE `extlabel` (
  `extLabelId` int(11) NOT NULL AUTO_INCREMENT,
  `extLabeLEnglish` varchar(32) NOT NULL,
  `isDefault` tinyint(1) NOT NULL,
  `isNew` tinyint(1) NOT NULL,
  `isDraft` tinyint(1) NOT NULL,
  `isUpdate` tinyint(1) NOT NULL,
  `isDelete` tinyint(1) NOT NULL,
  `isActive` tinyint(1) NOT NULL,
  `isApproved` tinyint(1) NOT NULL,
  `isReview` tinyint(1) NOT NULL,
  `isPost` tinyint(1) NOT NULL,
  `executeBy` tinyint(1) NOT NULL,
  `executeTime` datetime NOT NULL,
  PRIMARY KEY (`extLabelId`)
) ENGINE=InnoDB DEFAULT CHARSET=latin1;
/*!40101 SET character_set_client = @saved_cs_client */;

--
-- Dumping data for table `extlabel`
--

LOCK TABLES `extlabel` WRITE;
/*!40000 ALTER TABLE `extlabel` DISABLE KEYS */;
/*!40000 ALTER TABLE `extlabel` ENABLE KEYS */;
UNLOCK TABLES;

--
-- Table structure for table `extlabeltranslate`
--

DROP TABLE IF EXISTS `extlabeltranslate`;
/*!40101 SET @saved_cs_client     = @@character_set_client */;
/*!40101 SET character_set_client = utf8 */;
CREATE TABLE `extlabeltranslate` (
  `extLabelTranslateId` int(11) NOT NULL AUTO_INCREMENT COMMENT 'Label|',
  `extLabelId` int(11) NOT NULL,
  `languageId` int(11) NOT NULL,
  `extLabelNative` varchar(64) COLLATE utf8_unicode_ci NOT NULL COMMENT 'Native|',
  PRIMARY KEY (`extLabelTranslateId`)
) ENGINE=InnoDB DEFAULT CHARSET=utf8 COLLATE=utf8_unicode_ci;
/*!40101 SET character_set_client = @saved_cs_client */;

--
-- Dumping data for table `extlabeltranslate`
--

LOCK TABLES `extlabeltranslate` WRITE;
/*!40000 ALTER TABLE `extlabeltranslate` DISABLE KEYS */;
/*!40000 ALTER TABLE `extlabeltranslate` ENABLE KEYS */;
UNLOCK TABLES;

--
-- Table structure for table `folder`
--

DROP TABLE IF EXISTS `folder`;
/*!40101 SET @saved_cs_client     = @@character_set_client */;
/*!40101 SET character_set_client = utf8 */;
CREATE TABLE `folder` (
  `folderId` int(11) NOT NULL AUTO_INCREMENT COMMENT 'folder|',
  `applicationId` int(11) NOT NULL,
  `moduleId` int(11) NOT NULL COMMENT 'Tab|',
  `iconId` int(11) NOT NULL DEFAULT '281' COMMENT 'Icon|',
  `folderSequence` int(11) NOT NULL COMMENT 'Sequence|',
  `folderCode` varchar(4) COLLATE utf8_unicode_ci NOT NULL,
  `folderPath` varchar(64) COLLATE utf8_unicode_ci NOT NULL COMMENT 'Path|',
  `folderEnglish` varchar(128) COLLATE utf8_unicode_ci NOT NULL COMMENT 'English|',
  `isDefault` tinyint(1) NOT NULL,
  `isNew` tinyint(1) NOT NULL COMMENT 'New|',
  `isDraft` tinyint(1) NOT NULL COMMENT 'Draft|',
  `isUpdate` tinyint(1) NOT NULL COMMENT 'Updated|',
  `isDelete` tinyint(1) NOT NULL COMMENT 'Delete|',
  `isActive` tinyint(1) NOT NULL COMMENT 'Active|',
  `isApproved` tinyint(1) NOT NULL COMMENT 'Approved|',
  `isReview` tinyint(1) NOT NULL,
  `isPost` tinyint(1) NOT NULL,
  `executeBy` int(11) NOT NULL COMMENT 'By|',
  `executeTime` datetime NOT NULL,
  PRIMARY KEY (`folderId`),
  KEY `tabId` (`moduleId`),
  KEY `iconId` (`iconId`)
) ENGINE=InnoDB AUTO_INCREMENT=92 DEFAULT CHARSET=utf8 COLLATE=utf8_unicode_ci;
/*!40101 SET character_set_client = @saved_cs_client */;

--
-- Dumping data for table `folder`
--

LOCK TABLES `folder` WRITE;
/*!40000 ALTER TABLE `folder` DISABLE KEYS */;
INSERT INTO `folder` VALUES (1,1,1,281,1,'sys','system','System Entry',0,1,0,0,0,1,0,0,0,2,'2011-11-22 18:30:06'),(2,1,1,281,2,'sys','system','Common',0,1,0,0,0,1,0,0,0,2,'2011-11-22 18:30:06'),(3,1,2,281,1,'sys','system','Common',0,1,0,0,0,1,0,0,0,2,'2011-11-22 18:30:06'),(4,1,3,281,1,'sys','system','Common',0,1,0,0,0,1,0,0,0,2,'2011-11-22 18:30:06'),(5,2,4,281,1,'sys','sample','Single Form',0,1,0,0,0,1,0,0,0,2,'2011-11-22 18:30:06'),(6,2,4,491,2,'sys','sample','Multiplied Form',0,1,0,0,0,1,0,0,0,2,'2011-11-22 18:30:06'),(7,3,5,491,1,'gl','ifinancial','Setting',0,1,0,0,0,1,0,0,0,2,'2011-11-22 18:30:06'),(8,3,24,491,2,'gl','ifinancial','Budget',0,1,0,0,0,1,0,0,0,2,'2011-11-22 18:30:06'),(9,3,24,491,3,'gl','ifinancial','Forecast',0,1,0,0,0,1,0,0,0,2,'2011-11-22 18:30:06'),(10,3,24,491,4,'gl','ifinancial','Journal',0,1,0,0,0,1,0,0,0,2,'2011-11-22 18:30:06'),(11,5,6,281,1,'','','reserve',0,1,0,0,0,1,0,0,0,2,'2011-11-22 18:30:06'),(12,5,25,491,2,'','','reserve',0,1,0,0,0,1,0,0,0,2,'2011-11-22 18:30:06'),(13,5,7,491,1,'','','reserve',0,1,0,0,0,1,0,0,0,2,'2011-11-22 18:30:06'),(14,6,15,281,1,'po','po','Document No',0,1,0,0,0,1,0,0,0,2,'2011-11-22 18:30:06'),(15,6,28,491,2,'po','po','Inventory and Purchasing',0,1,0,0,0,1,0,0,0,2,'2011-11-22 18:30:06'),(16,6,28,491,3,'po','po','Suppliers',0,1,0,0,0,1,0,0,0,2,'2011-11-22 18:30:06'),(17,6,28,491,5,'po','po','Shippers',0,1,0,0,0,1,0,0,0,2,'2011-11-22 18:30:06'),(18,6,35,841,6,'po','po','Reports',0,1,0,0,0,1,0,0,0,2,'2011-11-22 18:30:06'),(19,7,8,281,1,'mbr','membership','Document No',0,1,0,0,0,1,0,0,0,2,'2011-11-22 18:30:06'),(20,7,19,491,1,'mbr','membership','Dividen',0,1,0,0,0,1,0,0,0,2,'2011-11-22 18:30:06'),(21,7,36,841,4,'mbr','membership','Report',0,1,0,0,0,1,0,0,0,2,'2011-11-22 18:30:06'),(22,8,9,281,1,'bank','bank','Document No',0,1,0,0,0,1,0,0,0,2,'2011-11-22 18:30:06'),(23,8,20,491,1,'bank','bank','Bank ',0,1,0,0,0,1,0,0,0,2,'2011-11-22 18:30:06'),(24,13,10,281,1,'fa','fa','Document No',0,1,0,0,0,1,0,0,0,2,'2011-11-22 18:30:06'),(25,13,21,491,1,'fa','fa','Fix Asset',0,1,0,0,0,1,0,0,0,2,'2011-11-22 18:30:06'),(26,13,21,491,2,'fa','fa','Disposal',0,1,0,0,0,1,0,0,0,2,'2011-11-22 18:30:06'),(27,13,21,491,3,'fa','fa','Depreciation',0,1,0,0,0,1,0,0,0,2,'2011-11-22 18:30:06'),(28,13,21,491,4,'fa','fa','Write Off',0,1,0,0,0,1,0,0,0,2,'2011-11-22 18:30:06'),(29,13,21,491,5,'fa','fa','Adjustment',0,1,0,0,0,1,0,0,0,2,'2011-11-22 18:30:06'),(30,13,38,841,6,'fa','fa','Report',0,1,0,0,0,1,0,0,0,2,'2011-11-22 18:30:06'),(31,14,11,281,1,'dm','dm','Setting',0,1,0,0,0,1,0,0,0,2,'2011-11-22 18:30:06'),(32,14,22,852,2,'dm','dm','Public',0,1,0,0,0,1,0,0,0,2,'2011-11-22 18:30:06'),(33,14,22,852,3,'dm','dm','Group',0,1,0,0,0,1,0,0,0,2,'2011-11-22 18:30:06'),(34,14,22,852,4,'dm','dm','Private',0,1,0,0,0,1,0,0,0,2,'2011-11-22 18:30:06'),(35,16,23,491,1,'py','py','Document No',0,1,0,0,0,1,0,0,0,2,'2011-11-22 18:30:06'),(36,16,13,491,1,'py','py','Designation',0,1,0,0,0,1,0,0,0,2,'2011-11-22 18:30:06'),(37,16,13,491,2,'py','py','Category',0,1,0,0,0,1,0,0,0,2,'2011-11-22 18:30:06'),(38,16,13,491,3,'py','py','Management',0,1,0,0,0,1,0,0,0,2,'2011-11-22 18:30:06'),(39,16,13,491,4,'py','py','Parameter',0,1,0,0,0,1,0,0,0,2,'2011-11-22 18:30:06'),(40,16,30,841,1,'py','py','Report',0,1,0,0,0,1,0,0,0,2,'2011-11-22 18:30:06'),(41,17,14,491,1,'hr','hr','Setting',0,1,0,0,0,1,0,0,0,2,'2011-11-22 18:30:06'),(42,17,29,491,2,'hr','hr','Leave Management Module',0,1,0,0,0,1,0,0,0,2,'2011-11-22 18:30:06'),(43,17,29,491,3,'hr','hr','Recruitment Management',0,1,0,0,0,1,0,0,0,2,'2011-11-22 18:30:06'),(44,17,29,491,4,'hr','hr','Key Performance Index',0,1,0,0,0,1,0,0,0,2,'2011-11-22 18:30:06'),(45,17,40,841,1,'hr','hr','Report',0,1,0,0,0,1,0,0,0,2,'2011-11-22 18:30:06'),(46,17,40,841,2,'hr','hr','Custom Report',0,1,0,0,0,1,0,0,0,2,'2011-11-22 18:30:06'),(47,3,32,841,1,'gl','ifinancial','Financial Report',0,1,0,0,0,1,0,0,0,2,'2011-11-22 18:30:06'),(48,3,32,841,2,'gl','ifinancial','Report',0,1,0,0,0,1,0,0,0,2,'2011-11-22 18:30:06'),(49,5,34,841,1,'','','reserve',0,1,0,0,0,1,0,0,0,2,'2011-11-22 18:30:06'),(50,5,34,841,2,'ap','ap','Custom Report',0,1,0,0,0,1,0,0,0,2,'2011-11-22 18:30:06'),(51,6,28,491,4,'po','po','Custom Report',0,1,0,0,0,1,0,0,0,2,'2011-11-22 18:30:06'),(52,7,36,841,5,'mbr','mbr','Custom Report',0,1,0,0,0,1,0,0,0,2,'2011-11-22 18:30:06'),(53,8,37,841,2,'bank','bank','Report',0,1,0,0,0,1,0,0,0,2,'2011-11-22 18:30:06'),(54,8,37,841,3,'bank','bank','Custom Report',0,1,0,0,0,1,0,0,0,2,'2011-11-22 18:30:06'),(55,13,38,841,7,'fa','fa','Custom Report',0,1,0,0,0,1,0,0,0,2,'2011-11-22 18:30:06'),(56,16,30,841,2,'py','py','Custom Report',0,1,0,0,0,1,0,0,0,2,'2011-11-22 18:30:06'),(57,4,16,491,1,'ar','ifinancial','Document Numbering',0,1,0,0,0,1,0,0,0,2,'2011-11-22 18:30:06'),(58,4,27,491,2,'ar','ifinancial','Invoice',0,1,0,0,0,1,0,0,0,2,'2011-11-22 18:30:06'),(59,4,27,491,3,'ar','ifinancial','Voucher',0,1,0,0,0,1,0,0,0,2,'2011-11-22 18:30:06'),(60,15,17,491,1,'cb','cb','Setting',0,1,0,0,0,1,0,0,0,2,'2011-11-22 18:30:06'),(61,15,12,652,2,'cb','cb','Reverse  Payment',0,1,0,0,0,1,0,0,0,2,'2011-11-22 18:30:06'),(62,15,12,652,3,'cb','cb','Refund Payment',0,1,0,0,0,1,0,0,0,2,'2011-11-22 18:30:06'),(63,4,33,841,1,'ar','ifinancial','Report',0,1,0,0,0,1,0,0,0,2,'2011-11-22 18:30:06'),(64,4,33,841,2,'ar','ifinancial','Custom Report',0,1,0,0,0,1,0,0,0,2,'2011-11-22 18:30:06'),(65,15,26,841,4,'cb','cb','Report',0,1,0,0,0,1,0,0,0,2,'2011-11-22 18:30:06'),(66,15,26,841,5,'cb','cb','Custom Report',0,1,0,0,0,1,0,0,0,2,'2011-11-22 18:30:06'),(67,1,31,281,1,'sys','system','Common',0,1,0,0,0,1,0,0,0,2,'2011-11-22 18:30:06'),(68,6,35,841,7,'po','po','Custom Report',0,1,0,0,0,1,0,0,0,2,'2011-11-22 18:30:06'),(69,7,18,491,2,'mbr','membership','Membership',0,1,0,0,0,1,0,0,0,2,'2011-11-22 18:30:06'),(70,17,29,491,1,'hr','hr','Personal Information Management',0,1,0,0,0,1,0,0,0,2,'2011-11-22 18:30:06'),(71,6,28,491,1,'po','po','Customers And Orders',0,1,0,0,0,1,0,0,0,2,'2011-11-22 18:30:06'),(72,5,25,491,1,'','','reserve',0,1,0,0,0,1,0,0,0,2,'2011-11-22 18:30:06'),(73,15,12,652,1,'cb','cb','Receive Payment',0,1,0,0,0,1,0,0,0,2,'2011-11-22 18:30:06'),(74,3,32,841,3,'gl','ifinancial','Custom Report',0,1,0,0,0,1,0,0,0,2,'2011-11-22 18:30:06'),(75,3,24,281,1,'gl','ifinancial','Chart Of Account',0,1,0,0,0,1,0,0,0,2,'2011-11-22 18:30:06'),(76,3,24,281,5,'','','Reserve',0,1,0,0,0,1,0,0,0,2,'2011-11-22 18:30:06'),(77,4,27,491,1,'ar','ifinancial','Sales',0,1,0,0,0,1,0,0,0,2,'2011-11-22 18:30:06'),(78,3,5,491,2,'gl','ifinancial','Financial',0,1,0,0,0,1,0,0,0,2,'2011-11-22 18:30:06'),(79,4,27,491,4,'ar','ifinancial','Adjustment',0,1,0,0,0,1,0,0,0,2,'2011-11-22 18:30:06'),(80,4,16,491,5,'ar','ifinancial','Setting',0,1,0,0,0,1,0,0,0,2,'2011-11-22 18:30:06'),(81,4,27,491,5,'ar','ifinancial','Late Interest',0,1,0,0,0,1,0,0,0,2,'2011-11-22 18:30:06'),(82,19,41,841,1,'BP','ifinancial','Document No',0,1,0,0,0,1,0,0,0,2,'2011-11-22 18:30:06'),(83,19,42,841,1,'BP','ifinancial','Business Partner',0,1,0,0,0,1,0,0,0,2,'2011-11-22 18:30:06'),(84,19,43,841,1,'BP','ifinancial','Report',0,1,0,0,0,1,0,0,0,2,'2011-11-22 18:30:06'),(85,19,43,841,2,'BP','ifinancial','Custom Report',0,1,0,0,0,1,0,0,0,2,'2011-11-22 18:30:06'),(86,19,41,841,2,'BP','businessPartner','Setting',0,1,0,0,0,1,0,0,0,2,'2011-11-22 18:30:06'),(87,16,23,491,2,'py','py','Setting',0,1,0,0,0,1,0,0,0,2,'2011-11-22 18:30:06'),(88,6,15,281,1,'po','po','Setting',0,1,0,0,0,1,0,0,0,2,'2011-11-22 18:30:06'),(89,7,8,281,2,'mbr','membership','Setting',0,1,0,0,0,1,0,0,0,2,'2011-11-22 18:30:06'),(90,8,9,281,2,'bank','bank','Setting',0,1,0,0,0,1,0,0,0,2,'2011-11-22 18:30:06'),(91,13,10,281,2,'fa','fa','Setting',0,1,0,0,0,1,0,0,0,2,'2011-11-22 18:30:06');
/*!40000 ALTER TABLE `folder` ENABLE KEYS */;
UNLOCK TABLES;

--
-- Table structure for table `folderaccess`
--

DROP TABLE IF EXISTS `folderaccess`;
/*!40101 SET @saved_cs_client     = @@character_set_client */;
/*!40101 SET character_set_client = utf8 */;
CREATE TABLE `folderaccess` (
  `folderAccessId` int(11) NOT NULL AUTO_INCREMENT COMMENT 'Access|',
  `teamId` int(11) NOT NULL COMMENT 'Group|',
  `folderId` int(11) NOT NULL COMMENT 'Folder|',
  `folderAccessValue` tinyint(1) NOT NULL COMMENT 'Value|',
  PRIMARY KEY (`folderAccessId`),
  KEY `groupId` (`teamId`),
  KEY `folderId` (`folderId`)
) ENGINE=InnoDB AUTO_INCREMENT=638 DEFAULT CHARSET=utf8 COLLATE=utf8_unicode_ci;
/*!40101 SET character_set_client = @saved_cs_client */;

--
-- Dumping data for table `folderaccess`
--

LOCK TABLES `folderaccess` WRITE;
/*!40000 ALTER TABLE `folderaccess` DISABLE KEYS */;
INSERT INTO `folderaccess` VALUES (1,1,1,1),(2,1,2,1),(3,1,3,1),(4,1,4,1),(5,1,5,1),(6,1,6,1),(7,1,7,1),(8,1,8,1),(9,1,9,1),(10,1,10,1),(11,1,11,1),(12,1,12,1),(13,1,13,1),(14,1,14,1),(15,1,15,1),(16,1,16,1),(17,1,17,1),(18,1,18,1),(19,1,19,1),(20,1,20,1),(21,1,21,1),(22,1,22,1),(23,1,23,1),(24,1,24,1),(25,1,25,1),(26,1,26,1),(27,1,27,1),(28,1,28,1),(29,1,29,1),(30,1,30,1),(31,1,31,1),(32,1,32,1),(33,1,33,1),(34,1,34,1),(35,1,35,1),(36,1,36,1),(37,1,37,1),(38,1,38,1),(39,1,39,1),(40,1,40,1),(41,1,41,1),(42,1,42,1),(43,1,43,1),(44,1,44,1),(45,1,45,1),(46,1,46,1),(47,1,47,1),(48,1,48,1),(49,1,49,1),(50,1,50,1),(51,1,51,1),(52,1,52,1),(53,1,53,1),(54,1,54,1),(55,1,55,1),(56,1,56,1),(57,1,57,1),(58,1,58,1),(59,1,59,1),(60,1,60,1),(61,1,61,1),(62,1,62,1),(63,1,63,1),(64,1,64,1),(65,1,65,1),(66,1,66,1),(67,1,67,1),(68,1,68,1),(69,1,69,1),(70,1,70,1),(71,1,71,1),(72,1,72,1),(73,1,73,1),(74,1,74,1),(75,1,75,1),(76,1,76,1),(77,1,77,1),(78,1,78,1),(79,1,79,1),(80,1,80,1),(81,1,81,1),(82,1,82,1),(83,1,83,1),(84,1,84,1),(85,1,85,1),(86,1,86,1),(87,1,87,1),(88,1,88,1),(89,1,89,1),(90,1,90,1),(91,1,91,1),(92,2,1,1),(93,2,2,1),(94,2,3,1),(95,2,4,1),(96,2,5,1),(97,2,6,1),(98,2,7,1),(99,2,8,1),(100,2,9,1),(101,2,10,1),(102,2,11,1),(103,2,12,1),(104,2,13,1),(105,2,14,1),(106,2,15,1),(107,2,16,1),(108,2,17,1),(109,2,18,1),(110,2,19,1),(111,2,20,1),(112,2,21,1),(113,2,22,1),(114,2,23,1),(115,2,24,1),(116,2,25,1),(117,2,26,1),(118,2,27,1),(119,2,28,1),(120,2,29,1),(121,2,30,1),(122,2,31,1),(123,2,32,1),(124,2,33,1),(125,2,34,1),(126,2,35,1),(127,2,36,1),(128,2,37,1),(129,2,38,1),(130,2,39,1),(131,2,40,1),(132,2,41,1),(133,2,42,1),(134,2,43,1),(135,2,44,1),(136,2,45,1),(137,2,46,1),(138,2,47,1),(139,2,48,1),(140,2,49,1),(141,2,50,1),(142,2,51,1),(143,2,52,1),(144,2,53,1),(145,2,54,1),(146,2,55,1),(147,2,56,1),(148,2,57,1),(149,2,58,1),(150,2,59,1),(151,2,60,1),(152,2,61,1),(153,2,62,1),(154,2,63,1),(155,2,64,1),(156,2,65,1),(157,2,66,1),(158,2,67,1),(159,2,68,1),(160,2,69,1),(161,2,70,1),(162,2,71,1),(163,2,72,1),(164,2,73,1),(165,2,74,1),(166,2,75,1),(167,2,76,1),(168,2,77,1),(169,2,78,1),(170,2,79,1),(171,2,80,1),(172,2,81,1),(173,2,82,1),(174,2,83,1),(175,2,84,1),(176,2,85,1),(177,2,86,1),(178,2,87,1),(179,2,88,1),(180,2,89,1),(181,2,90,1),(182,2,91,1),(183,3,1,1),(184,3,2,1),(185,3,3,1),(186,3,4,1),(187,3,5,1),(188,3,6,1),(189,3,7,1),(190,3,8,1),(191,3,9,1),(192,3,10,1),(193,3,11,1),(194,3,12,1),(195,3,13,1),(196,3,14,1),(197,3,15,1),(198,3,16,1),(199,3,17,1),(200,3,18,1),(201,3,19,1),(202,3,20,1),(203,3,21,1),(204,3,22,1),(205,3,23,1),(206,3,24,1),(207,3,25,1),(208,3,26,1),(209,3,27,1),(210,3,28,1),(211,3,29,1),(212,3,30,1),(213,3,31,1),(214,3,32,1),(215,3,33,1),(216,3,34,1),(217,3,35,1),(218,3,36,1),(219,3,37,1),(220,3,38,1),(221,3,39,1),(222,3,40,1),(223,3,41,1),(224,3,42,1),(225,3,43,1),(226,3,44,1),(227,3,45,1),(228,3,46,1),(229,3,47,1),(230,3,48,1),(231,3,49,1),(232,3,50,1),(233,3,51,1),(234,3,52,1),(235,3,53,1),(236,3,54,1),(237,3,55,1),(238,3,56,1),(239,3,57,1),(240,3,58,1),(241,3,59,1),(242,3,60,1),(243,3,61,1),(244,3,62,1),(245,3,63,1),(246,3,64,1),(247,3,65,1),(248,3,66,1),(249,3,67,1),(250,3,68,1),(251,3,69,1),(252,3,70,1),(253,3,71,1),(254,3,72,1),(255,3,73,1),(256,3,74,1),(257,3,75,1),(258,3,76,1),(259,3,77,1),(260,3,78,1),(261,3,79,1),(262,3,80,1),(263,3,81,1),(264,3,82,1),(265,3,83,1),(266,3,84,1),(267,3,85,1),(268,3,86,1),(269,3,87,1),(270,3,88,1),(271,3,89,1),(272,3,90,1),(273,3,91,1),(274,4,1,1),(275,4,2,1),(276,4,3,1),(277,4,4,1),(278,4,5,1),(279,4,6,1),(280,4,7,1),(281,4,8,1),(282,4,9,1),(283,4,10,1),(284,4,11,1),(285,4,12,1),(286,4,13,1),(287,4,14,1),(288,4,15,1),(289,4,16,1),(290,4,17,1),(291,4,18,1),(292,4,19,1),(293,4,20,1),(294,4,21,1),(295,4,22,1),(296,4,23,1),(297,4,24,1),(298,4,25,1),(299,4,26,1),(300,4,27,1),(301,4,28,1),(302,4,29,1),(303,4,30,1),(304,4,31,1),(305,4,32,1),(306,4,33,1),(307,4,34,1),(308,4,35,1),(309,4,36,1),(310,4,37,1),(311,4,38,1),(312,4,39,1),(313,4,40,1),(314,4,41,1),(315,4,42,1),(316,4,43,1),(317,4,44,1),(318,4,45,1),(319,4,46,1),(320,4,47,1),(321,4,48,1),(322,4,49,1),(323,4,50,1),(324,4,51,1),(325,4,52,1),(326,4,53,1),(327,4,54,1),(328,4,55,1),(329,4,56,1),(330,4,57,1),(331,4,58,1),(332,4,59,1),(333,4,60,1),(334,4,61,1),(335,4,62,1),(336,4,63,1),(337,4,64,1),(338,4,65,1),(339,4,66,1),(340,4,67,1),(341,4,68,1),(342,4,69,1),(343,4,70,1),(344,4,71,1),(345,4,72,1),(346,4,73,1),(347,4,74,1),(348,4,75,1),(349,4,76,1),(350,4,77,1),(351,4,78,1),(352,4,79,1),(353,4,80,1),(354,4,81,1),(355,4,82,1),(356,4,83,1),(357,4,84,1),(358,4,85,1),(359,4,86,1),(360,4,87,1),(361,4,88,1),(362,4,89,1),(363,4,90,1),(364,4,91,1),(365,5,1,1),(366,5,2,1),(367,5,3,1),(368,5,4,1),(369,5,5,1),(370,5,6,1),(371,5,7,1),(372,5,8,1),(373,5,9,1),(374,5,10,1),(375,5,11,1),(376,5,12,1),(377,5,13,1),(378,5,14,1),(379,5,15,1),(380,5,16,1),(381,5,17,1),(382,5,18,1),(383,5,19,1),(384,5,20,1),(385,5,21,1),(386,5,22,1),(387,5,23,1),(388,5,24,1),(389,5,25,1),(390,5,26,1),(391,5,27,1),(392,5,28,1),(393,5,29,1),(394,5,30,1),(395,5,31,1),(396,5,32,1),(397,5,33,1),(398,5,34,1),(399,5,35,1),(400,5,36,1),(401,5,37,1),(402,5,38,1),(403,5,39,1),(404,5,40,1),(405,5,41,1),(406,5,42,1),(407,5,43,1),(408,5,44,1),(409,5,45,1),(410,5,46,1),(411,5,47,1),(412,5,48,1),(413,5,49,1),(414,5,50,1),(415,5,51,1),(416,5,52,1),(417,5,53,1),(418,5,54,1),(419,5,55,1),(420,5,56,1),(421,5,57,1),(422,5,58,1),(423,5,59,1),(424,5,60,1),(425,5,61,1),(426,5,62,1),(427,5,63,1),(428,5,64,1),(429,5,65,1),(430,5,66,1),(431,5,67,1),(432,5,68,1),(433,5,69,1),(434,5,70,1),(435,5,71,1),(436,5,72,1),(437,5,73,1),(438,5,74,1),(439,5,75,1),(440,5,76,1),(441,5,77,1),(442,5,78,1),(443,5,79,1),(444,5,80,1),(445,5,81,1),(446,5,82,1),(447,5,83,1),(448,5,84,1),(449,5,85,1),(450,5,86,1),(451,5,87,1),(452,5,88,1),(453,5,89,1),(454,5,90,1),(455,5,91,1),(456,6,1,1),(457,6,2,1),(458,6,3,1),(459,6,4,1),(460,6,5,1),(461,6,6,1),(462,6,7,1),(463,6,8,1),(464,6,9,1),(465,6,10,1),(466,6,11,1),(467,6,12,1),(468,6,13,1),(469,6,14,1),(470,6,15,1),(471,6,16,1),(472,6,17,1),(473,6,18,1),(474,6,19,1),(475,6,20,1),(476,6,21,1),(477,6,22,1),(478,6,23,1),(479,6,24,1),(480,6,25,1),(481,6,26,1),(482,6,27,1),(483,6,28,1),(484,6,29,1),(485,6,30,1),(486,6,31,1),(487,6,32,1),(488,6,33,1),(489,6,34,1),(490,6,35,1),(491,6,36,1),(492,6,37,1),(493,6,38,1),(494,6,39,1),(495,6,40,1),(496,6,41,1),(497,6,42,1),(498,6,43,1),(499,6,44,1),(500,6,45,1),(501,6,46,1),(502,6,47,1),(503,6,48,1),(504,6,49,1),(505,6,50,1),(506,6,51,1),(507,6,52,1),(508,6,53,1),(509,6,54,1),(510,6,55,1),(511,6,56,1),(512,6,57,1),(513,6,58,1),(514,6,59,1),(515,6,60,1),(516,6,61,1),(517,6,62,1),(518,6,63,1),(519,6,64,1),(520,6,65,1),(521,6,66,1),(522,6,67,1),(523,6,68,1),(524,6,69,1),(525,6,70,1),(526,6,71,1),(527,6,72,1),(528,6,73,1),(529,6,74,1),(530,6,75,1),(531,6,76,1),(532,6,77,1),(533,6,78,1),(534,6,79,1),(535,6,80,1),(536,6,81,1),(537,6,82,1),(538,6,83,1),(539,6,84,1),(540,6,85,1),(541,6,86,1),(542,6,87,1),(543,6,88,1),(544,6,89,1),(545,6,90,1),(546,6,91,1),(547,7,1,1),(548,7,2,1),(549,7,3,1),(550,7,4,1),(551,7,5,1),(552,7,6,1),(553,7,7,1),(554,7,8,1),(555,7,9,1),(556,7,10,1),(557,7,11,1),(558,7,12,1),(559,7,13,1),(560,7,14,1),(561,7,15,1),(562,7,16,1),(563,7,17,1),(564,7,18,1),(565,7,19,1),(566,7,20,1),(567,7,21,1),(568,7,22,1),(569,7,23,1),(570,7,24,1),(571,7,25,1),(572,7,26,1),(573,7,27,1),(574,7,28,1),(575,7,29,1),(576,7,30,1),(577,7,31,1),(578,7,32,1),(579,7,33,1),(580,7,34,1),(581,7,35,1),(582,7,36,1),(583,7,37,1),(584,7,38,1),(585,7,39,1),(586,7,40,1),(587,7,41,1),(588,7,42,1),(589,7,43,1),(590,7,44,1),(591,7,45,1),(592,7,46,1),(593,7,47,1),(594,7,48,1),(595,7,49,1),(596,7,50,1),(597,7,51,1),(598,7,52,1),(599,7,53,1),(600,7,54,1),(601,7,55,1),(602,7,56,1),(603,7,57,1),(604,7,58,1),(605,7,59,1),(606,7,60,1),(607,7,61,1),(608,7,62,1),(609,7,63,1),(610,7,64,1),(611,7,65,1),(612,7,66,1),(613,7,67,1),(614,7,68,1),(615,7,69,1),(616,7,70,1),(617,7,71,1),(618,7,72,1),(619,7,73,1),(620,7,74,1),(621,7,75,1),(622,7,76,1),(623,7,77,1),(624,7,78,1),(625,7,79,1),(626,7,80,1),(627,7,81,1),(628,7,82,1),(629,7,83,1),(630,7,84,1),(631,7,85,1),(632,7,86,1),(633,7,87,1),(634,7,88,1),(635,7,89,1),(636,7,90,1),(637,7,91,1);
/*!40000 ALTER TABLE `folderaccess` ENABLE KEYS */;
UNLOCK TABLES;

--
-- Table structure for table `foldertranslate`
--

DROP TABLE IF EXISTS `foldertranslate`;
/*!40101 SET @saved_cs_client     = @@character_set_client */;
/*!40101 SET character_set_client = utf8 */;
CREATE TABLE `foldertranslate` (
  `folderTranslateId` int(11) NOT NULL AUTO_INCREMENT COMMENT 'translate|',
  `folderId` int(11) NOT NULL COMMENT 'folder|',
  `languageId` int(11) NOT NULL COMMENT 'language|',
  `folderNative` varchar(128) COLLATE utf8_unicode_ci NOT NULL COMMENT 'Folder|',
  `isDefault` tinyint(1) NOT NULL,
  `isNew` tinyint(1) NOT NULL,
  `isDraft` tinyint(1) NOT NULL,
  `isUpdate` tinyint(1) NOT NULL,
  `isDelete` tinyint(1) NOT NULL,
  `isActive` tinyint(1) NOT NULL,
  `isApproved` tinyint(1) NOT NULL,
  `isReview` tinyint(1) NOT NULL,
  `isPost` tinyint(1) NOT NULL,
  `executeBy` int(11) NOT NULL,
  `executeTime` datetime NOT NULL,
  PRIMARY KEY (`folderTranslateId`)
) ENGINE=InnoDB AUTO_INCREMENT=92 DEFAULT CHARSET=utf8 COLLATE=utf8_unicode_ci;
/*!40101 SET character_set_client = @saved_cs_client */;

--
-- Dumping data for table `foldertranslate`
--

LOCK TABLES `foldertranslate` WRITE;
/*!40000 ALTER TABLE `foldertranslate` DISABLE KEYS */;
INSERT INTO `foldertranslate` VALUES (1,1,21,'System Entry',0,1,0,0,0,1,0,0,0,2,'2012-03-11 03:11:31'),(2,2,21,'Common',0,1,0,0,0,1,0,0,0,2,'2012-03-11 03:11:31'),(3,3,21,'Common',0,1,0,0,0,1,0,0,0,2,'2012-03-11 03:11:31'),(4,4,21,'Common',0,1,0,0,0,1,0,0,0,2,'2012-03-11 03:11:31'),(5,5,21,'Single Form',0,1,0,0,0,1,0,0,0,2,'2012-03-11 03:11:31'),(6,6,21,'Multiplied Form',0,1,0,0,0,1,0,0,0,2,'2012-03-11 03:11:31'),(7,7,21,'Setting',0,1,0,0,0,1,0,0,0,2,'2012-03-11 03:11:31'),(8,8,21,'Budget',0,1,0,0,0,1,0,0,0,2,'2012-03-11 03:11:31'),(9,9,21,'Forecast',0,1,0,0,0,1,0,0,0,2,'2012-03-11 03:11:31'),(10,10,21,'Journal',0,1,0,0,0,1,0,0,0,2,'2012-03-11 03:11:31'),(11,11,21,'reserve',0,1,0,0,0,1,0,0,0,2,'2012-03-11 03:11:31'),(12,12,21,'reserve',0,1,0,0,0,1,0,0,0,2,'2012-03-11 03:11:31'),(13,13,21,'reserve',0,1,0,0,0,1,0,0,0,2,'2012-03-11 03:11:31'),(14,14,21,'Document No',0,1,0,0,0,1,0,0,0,2,'2012-03-11 03:11:31'),(15,15,21,'Inventory and Purchasing',0,1,0,0,0,1,0,0,0,2,'2012-03-11 03:11:31'),(16,16,21,'Suppliers',0,1,0,0,0,1,0,0,0,2,'2012-03-11 03:11:31'),(17,17,21,'Shippers',0,1,0,0,0,1,0,0,0,2,'2012-03-11 03:11:31'),(18,18,21,'Reports',0,1,0,0,0,1,0,0,0,2,'2012-03-11 03:11:31'),(19,19,21,'Document No',0,1,0,0,0,1,0,0,0,2,'2012-03-11 03:11:31'),(20,20,21,'Dividen',0,1,0,0,0,1,0,0,0,2,'2012-03-11 03:11:31'),(21,21,21,'Report',0,1,0,0,0,1,0,0,0,2,'2012-03-11 03:11:31'),(22,22,21,'Document No',0,1,0,0,0,1,0,0,0,2,'2012-03-11 03:11:31'),(23,23,21,'Bank ',0,1,0,0,0,1,0,0,0,2,'2012-03-11 03:11:31'),(24,24,21,'Document No',0,1,0,0,0,1,0,0,0,2,'2012-03-11 03:11:31'),(25,25,21,'Fix Asset',0,1,0,0,0,1,0,0,0,2,'2012-03-11 03:11:31'),(26,26,21,'Disposal',0,1,0,0,0,1,0,0,0,2,'2012-03-11 03:11:31'),(27,27,21,'Depreciation',0,1,0,0,0,1,0,0,0,2,'2012-03-11 03:11:31'),(28,28,21,'Write Off',0,1,0,0,0,1,0,0,0,2,'2012-03-11 03:11:31'),(29,29,21,'Adjustment',0,1,0,0,0,1,0,0,0,2,'2012-03-11 03:11:31'),(30,30,21,'Report',0,1,0,0,0,1,0,0,0,2,'2012-03-11 03:11:31'),(31,31,21,'Setting',0,1,0,0,0,1,0,0,0,2,'2012-03-11 03:11:31'),(32,32,21,'Public',0,1,0,0,0,1,0,0,0,2,'2012-03-11 03:11:31'),(33,33,21,'Group',0,1,0,0,0,1,0,0,0,2,'2012-03-11 03:11:31'),(34,34,21,'Private',0,1,0,0,0,1,0,0,0,2,'2012-03-11 03:11:31'),(35,35,21,'Document No',0,1,0,0,0,1,0,0,0,2,'2012-03-11 03:11:31'),(36,36,21,'Designation',0,1,0,0,0,1,0,0,0,2,'2012-03-11 03:11:31'),(37,37,21,'Category',0,1,0,0,0,1,0,0,0,2,'2012-03-11 03:11:31'),(38,38,21,'Management',0,1,0,0,0,1,0,0,0,2,'2012-03-11 03:11:31'),(39,39,21,'Parameter',0,1,0,0,0,1,0,0,0,2,'2012-03-11 03:11:31'),(40,40,21,'Report',0,1,0,0,0,1,0,0,0,2,'2012-03-11 03:11:31'),(41,41,21,'Setting',0,1,0,0,0,1,0,0,0,2,'2012-03-11 03:11:31'),(42,42,21,'Leave Management Module',0,1,0,0,0,1,0,0,0,2,'2012-03-11 03:11:31'),(43,43,21,'Recruitment Management',0,1,0,0,0,1,0,0,0,2,'2012-03-11 03:11:31'),(44,44,21,'Key Performance Index',0,1,0,0,0,1,0,0,0,2,'2012-03-11 03:11:31'),(45,45,21,'Report',0,1,0,0,0,1,0,0,0,2,'2012-03-11 03:11:31'),(46,46,21,'Custom Report',0,1,0,0,0,1,0,0,0,2,'2012-03-11 03:11:31'),(47,47,21,'Financial Report',0,1,0,0,0,1,0,0,0,2,'2012-03-11 03:11:31'),(48,48,21,'Report',0,1,0,0,0,1,0,0,0,2,'2012-03-11 03:11:31'),(49,49,21,'reserve',0,1,0,0,0,1,0,0,0,2,'2012-03-11 03:11:31'),(50,50,21,'Custom Report',0,1,0,0,0,1,0,0,0,2,'2012-03-11 03:11:31'),(51,51,21,'Custom Report',0,1,0,0,0,1,0,0,0,2,'2012-03-11 03:11:31'),(52,52,21,'Custom Report',0,1,0,0,0,1,0,0,0,2,'2012-03-11 03:11:31'),(53,53,21,'Report',0,1,0,0,0,1,0,0,0,2,'2012-03-11 03:11:31'),(54,54,21,'Custom Report',0,1,0,0,0,1,0,0,0,2,'2012-03-11 03:11:31'),(55,55,21,'Custom Report',0,1,0,0,0,1,0,0,0,2,'2012-03-11 03:11:31'),(56,56,21,'Custom Report',0,1,0,0,0,1,0,0,0,2,'2012-03-11 03:11:31'),(57,57,21,'Document Numbering',0,1,0,0,0,1,0,0,0,2,'2012-03-11 03:11:31'),(58,58,21,'Invoice',0,1,0,0,0,1,0,0,0,2,'2012-03-11 03:11:31'),(59,59,21,'Voucher',0,1,0,0,0,1,0,0,0,2,'2012-03-11 03:11:31'),(60,60,21,'Setting',0,1,0,0,0,1,0,0,0,2,'2012-03-11 03:11:31'),(61,61,21,'Reverse  Payment',0,1,0,0,0,1,0,0,0,2,'2012-03-11 03:11:31'),(62,62,21,'Refund Payment',0,1,0,0,0,1,0,0,0,2,'2012-03-11 03:11:31'),(63,63,21,'Report',0,1,0,0,0,1,0,0,0,2,'2012-03-11 03:11:31'),(64,64,21,'Custom Report',0,1,0,0,0,1,0,0,0,2,'2012-03-11 03:11:31'),(65,65,21,'Report',0,1,0,0,0,1,0,0,0,2,'2012-03-11 03:11:31'),(66,66,21,'Custom Report',0,1,0,0,0,1,0,0,0,2,'2012-03-11 03:11:31'),(67,67,21,'Common',0,1,0,0,0,1,0,0,0,2,'2012-03-11 03:11:31'),(68,68,21,'Custom Report',0,1,0,0,0,1,0,0,0,2,'2012-03-11 03:11:31'),(69,69,21,'Membership',0,1,0,0,0,1,0,0,0,2,'2012-03-11 03:11:31'),(70,70,21,'Personal Information Management',0,1,0,0,0,1,0,0,0,2,'2012-03-11 03:11:31'),(71,71,21,'Customers And Orders',0,1,0,0,0,1,0,0,0,2,'2012-03-11 03:11:31'),(72,72,21,'reserve',0,1,0,0,0,1,0,0,0,2,'2012-03-11 03:11:31'),(73,73,21,'Receive Payment',0,1,0,0,0,1,0,0,0,2,'2012-03-11 03:11:31'),(74,74,21,'Custom Report',0,1,0,0,0,1,0,0,0,2,'2012-03-11 03:11:31'),(75,75,21,'Chart Of Account',0,1,0,0,0,1,0,0,0,2,'2012-03-11 03:11:31'),(76,76,21,'Reserve',0,1,0,0,0,1,0,0,0,2,'2012-03-11 03:11:31'),(77,77,21,'Sales',0,1,0,0,0,1,0,0,0,2,'2012-03-11 03:11:31'),(78,78,21,'Financial',0,1,0,0,0,1,0,0,0,2,'2012-03-11 03:11:31'),(79,79,21,'Adjustment',0,1,0,0,0,1,0,0,0,2,'2012-03-11 03:11:31'),(80,80,21,'Setting',0,1,0,0,0,1,0,0,0,2,'2012-03-11 03:11:31'),(81,81,21,'Late Interest',0,1,0,0,0,1,0,0,0,2,'2012-03-11 03:11:31'),(82,82,21,'Document No',0,1,0,0,0,1,0,0,0,2,'2012-03-11 03:11:31'),(83,83,21,'Business Partner',0,1,0,0,0,1,0,0,0,2,'2012-03-11 03:11:31'),(84,84,21,'Report',0,1,0,0,0,1,0,0,0,2,'2012-03-11 03:11:31'),(85,85,21,'Custom Report',0,1,0,0,0,1,0,0,0,2,'2012-03-11 03:11:31'),(86,86,21,'Setting',0,1,0,0,0,1,0,0,0,2,'2012-03-11 03:11:31'),(87,87,21,'Setting',0,1,0,0,0,1,0,0,0,2,'2012-03-11 03:11:31'),(88,88,21,'Setting',0,1,0,0,0,1,0,0,0,2,'2012-03-11 03:11:31'),(89,89,21,'Setting',0,1,0,0,0,1,0,0,0,2,'2012-03-11 03:11:31'),(90,90,21,'Setting',0,1,0,0,0,1,0,0,0,2,'2012-03-11 03:11:31'),(91,91,21,'Setting',0,1,0,0,0,1,0,0,0,2,'2012-03-11 03:11:31');
/*!40000 ALTER TABLE `foldertranslate` ENABLE KEYS */;
UNLOCK TABLES;

--
-- Table structure for table `icon`
--

DROP TABLE IF EXISTS `icon`;
/*!40101 SET @saved_cs_client     = @@character_set_client */;
/*!40101 SET character_set_client = utf8 */;
CREATE TABLE `icon` (
  `iconId` int(11) NOT NULL AUTO_INCREMENT COMMENT 'Icon|',
  `iconName` varchar(64) COLLATE utf8_unicode_ci NOT NULL COMMENT 'Name|',
  `iconSize` int(11) NOT NULL,
  `isDefault` tinyint(4) NOT NULL COMMENT 'default|',
  `isActive` int(11) NOT NULL DEFAULT '1',
  PRIMARY KEY (`iconId`)
) ENGINE=InnoDB AUTO_INCREMENT=1512 DEFAULT CHARSET=utf8 COLLATE=utf8_unicode_ci;
/*!40101 SET character_set_client = @saved_cs_client */;

--
-- Dumping data for table `icon`
--

LOCK TABLES `icon` WRITE;
/*!40000 ALTER TABLE `icon` DISABLE KEYS */;
INSERT INTO `icon` VALUES (29,'accept',16,2,1),(31,'acroread',16,2,1),(32,'add',16,2,1),(33,'ai',16,2,1),(34,'aktion',16,2,1),(35,'anchor',16,2,1),(36,'application',16,2,1),(37,'application_add',16,2,1),(38,'application_cascade',16,2,1),(39,'application_delete',16,2,1),(40,'application_double',16,2,1),(41,'application_edit',16,2,1),(42,'application_error',16,2,1),(43,'application_form',16,2,1),(44,'application_form_add',16,2,1),(45,'application_form_delete',16,2,1),(46,'application_form_edit',16,2,1),(47,'application_form_magnify',16,2,1),(48,'application_get',16,2,1),(49,'application_go',16,2,1),(50,'application_home',16,2,1),(51,'application_key',16,2,1),(52,'application_lightning',16,2,1),(53,'application_link',16,2,1),(54,'application_osx',16,2,1),(55,'application_osx_terminal',16,2,1),(56,'application_put',16,2,1),(57,'application_side_boxes',16,2,1),(58,'application_side_contract',16,2,1),(59,'application_side_expand',16,2,1),(60,'application_side_list',16,2,1),(61,'application_side_tree',16,2,1),(62,'application_split',16,2,1),(63,'application_tile_horizontal',16,2,1),(64,'application_tile_vertical',16,2,1),(65,'application_view_columns',16,2,1),(66,'application_view_detail',16,2,1),(67,'application_view_gallery',16,2,1),(68,'application_view_icons',16,2,1),(69,'application_view_list',16,2,1),(70,'application_view_tile',16,2,1),(71,'application_xp',16,2,1),(72,'application_xp_terminal',16,2,1),(73,'ark',16,2,1),(74,'arrow_branch',16,2,1),(75,'arrow_divide',16,2,1),(76,'arrow_down',16,2,1),(77,'arrow_in',16,2,1),(78,'arrow_inout',16,2,1),(79,'arrow_join',16,2,1),(80,'arrow_left',16,2,1),(81,'arrow_merge',16,2,1),(82,'arrow_out',16,2,1),(83,'arrow_redo',16,2,1),(84,'arrow_refresh',16,2,1),(85,'arrow_refresh_small',16,2,1),(86,'arrow_right',16,2,1),(87,'arrow_rotate_anticlockwise',16,2,1),(88,'arrow_rotate_clockwise',16,2,1),(89,'arrow_switch',16,2,1),(90,'arrow_turn_left',16,2,1),(91,'arrow_turn_right',16,2,1),(92,'arrow_undo',16,2,1),(93,'arrow_up',16,2,1),(94,'arts',16,2,1),(95,'ascend',16,2,1),(96,'asterisk_orange',16,2,1),(97,'asterisk_yellow',16,2,1),(98,'attach',16,2,1),(100,'award_star_add',16,2,1),(101,'award_star_bronze_1',16,2,1),(102,'award_star_bronze_2',16,2,1),(103,'award_star_bronze_3',16,2,1),(104,'award_star_delete',16,2,1),(105,'award_star_gold_1',16,2,1),(106,'award_star_gold_2',16,2,1),(107,'award_star_gold_3',16,2,1),(108,'award_star_silver_1',16,2,1),(109,'award_star_silver_2',16,2,1),(110,'award_star_silver_3',16,2,1),(111,'basket',16,2,1),(112,'basket_add',16,2,1),(113,'basket_delete',16,2,1),(114,'basket_edit',16,2,1),(115,'basket_error',16,2,1),(116,'basket_go',16,2,1),(117,'basket_put',16,2,1),(118,'basket_remove',16,2,1),(119,'bell',16,2,1),(120,'bell_add',16,2,1),(121,'bell_delete',16,2,1),(122,'bell_error',16,2,1),(123,'bell_go',16,2,1),(124,'bell_link',16,2,1),(125,'bin',16,2,1),(126,'bin_closed',16,2,1),(127,'bin_empty',16,2,1),(128,'blue',16,2,1),(130,'bomb',16,2,1),(131,'book',16,2,1),(133,'book_add',16,2,1),(134,'book_addresses',16,2,1),(135,'book_delete',16,2,1),(136,'book_edit',16,2,1),(137,'book_error',16,2,1),(138,'book_go',16,2,1),(139,'book_key',16,2,1),(140,'book_link',16,2,1),(141,'book_next',16,2,1),(142,'book_open',16,2,1),(143,'book_previous',16,2,1),(144,'box',16,2,1),(145,'brick',16,2,1),(146,'bricks',16,2,1),(147,'brick_add',16,2,1),(148,'brick_delete',16,2,1),(149,'brick_edit',16,2,1),(150,'brick_error',16,2,1),(151,'brick_go',16,2,1),(152,'brick_link',16,2,1),(153,'briefcase',16,2,1),(154,'browser',16,2,1),(155,'bug',16,2,1),(156,'bug_add',16,2,1),(157,'bug_delete',16,2,1),(158,'bug_edit',16,2,1),(159,'bug_error',16,2,1),(160,'bug_go',16,2,1),(161,'bug_link',16,2,1),(162,'building',16,2,1),(163,'building_add',16,2,1),(164,'building_delete',16,2,1),(165,'building_edit',16,2,1),(166,'building_error',16,2,1),(167,'building_go',16,2,1),(168,'building_key',16,2,1),(169,'building_link',16,2,1),(170,'bullet_add',16,2,1),(171,'bullet_arrow_bottom',16,2,1),(172,'bullet_arrow_down',16,2,1),(173,'bullet_arrow_top',16,2,1),(174,'bullet_arrow_up',16,2,1),(175,'bullet_black',16,2,1),(176,'bullet_blue',16,2,1),(177,'bullet_delete',16,2,1),(178,'bullet_disk',16,2,1),(179,'bullet_error',16,2,1),(180,'bullet_feed',16,2,1),(181,'bullet_go',16,2,1),(182,'bullet_green',16,2,1),(183,'bullet_key',16,2,1),(184,'bullet_orange',16,2,1),(185,'bullet_picture',16,2,1),(186,'bullet_pink',16,2,1),(187,'bullet_purple',16,2,1),(188,'bullet_red',16,2,1),(189,'bullet_star',16,2,1),(190,'bullet_toggle_minus',16,2,1),(191,'bullet_toggle_plus',16,2,1),(192,'bullet_white',16,2,1),(193,'bullet_wrench',16,2,1),(194,'bullet_yellow',16,2,1),(197,'cake',16,2,1),(198,'calculator',16,2,1),(199,'calculator_add',16,2,1),(200,'calculator_delete',16,2,1),(201,'calculator_edit',16,2,1),(202,'calculator_error',16,2,1),(203,'calculator_link',16,2,1),(204,'calendar',16,2,1),(205,'calendar_add',16,2,1),(206,'calendar_delete',16,2,1),(207,'calendar_edit',16,2,1),(208,'calendar_link',16,2,1),(209,'calendar_view_day',16,2,1),(210,'calendar_view_month',16,2,1),(211,'calendar_view_week',16,2,1),(212,'camera',16,2,1),(213,'camera_add',16,2,1),(214,'camera_delete',16,2,1),(215,'camera_edit',16,2,1),(216,'camera_error',16,2,1),(217,'camera_go',16,2,1),(218,'camera_link',16,2,1),(219,'camera_small',16,2,1),(220,'cancel',16,2,1),(221,'car',16,2,1),(222,'cart',16,2,1),(223,'cart_add',16,2,1),(224,'cart_delete',16,2,1),(225,'cart_edit',16,2,1),(226,'cart_error',16,2,1),(227,'cart_go',16,2,1),(228,'cart_put',16,2,1),(229,'cart_remove',16,2,1),(230,'car_add',16,2,1),(231,'car_delete',16,2,1),(232,'CC99FF',16,2,1),(233,'CCFFCC',16,2,1),(234,'ccffff',16,2,1),(235,'cd',16,2,1),(236,'cd_add',16,2,1),(237,'cd_burn',16,2,1),(238,'cd_delete',16,2,1),(239,'cd_edit',16,2,1),(240,'cd_eject',16,2,1),(241,'cd_go',16,2,1),(242,'chart_bar',16,2,1),(243,'chart_bar_add',16,2,1),(244,'chart_bar_delete',16,2,1),(245,'chart_bar_edit',16,2,1),(246,'chart_bar_error',16,2,1),(247,'chart_bar_link',16,2,1),(248,'chart_curve',16,2,1),(249,'chart_curve_add',16,2,1),(250,'chart_curve_delete',16,2,1),(251,'chart_curve_edit',16,2,1),(252,'chart_curve_error',16,2,1),(253,'chart_curve_go',16,2,1),(254,'chart_curve_link',16,2,1),(255,'chart_line',16,2,1),(256,'chart_line_add',16,2,1),(257,'chart_line_delete',16,2,1),(258,'chart_line_edit',16,2,1),(259,'chart_line_error',16,2,1),(260,'chart_line_link',16,2,1),(261,'chart_organisation',16,2,1),(262,'chart_organisation_add',16,2,1),(263,'chart_organisation_delete',16,2,1),(264,'chart_pie',16,2,1),(265,'chart_pie_add',16,2,1),(266,'chart_pie_delete',16,2,1),(267,'chart_pie_edit',16,2,1),(268,'chart_pie_error',16,2,1),(269,'chart_pie_link',16,2,1),(270,'clock',16,2,1),(271,'clock_add',16,2,1),(272,'clock_delete',16,2,1),(273,'clock_edit',16,2,1),(274,'clock_error',16,2,1),(275,'clock_go',16,2,1),(276,'clock_link',16,2,1),(277,'clock_pause',16,2,1),(278,'clock_play',16,2,1),(279,'clock_red',16,2,1),(280,'clock_stop',16,2,1),(281,'cog',16,2,1),(282,'cog_add',16,2,1),(283,'cog_delete',16,2,1),(284,'cog_edit',16,2,1),(285,'cog_error',16,2,1),(286,'cog_go',16,2,1),(287,'coins',16,2,1),(288,'coins_add',16,2,1),(289,'coins_delete',16,2,1),(290,'colors',16,2,1),(291,'color_swatch',16,2,1),(292,'color_wheel',16,2,1),(293,'comment',16,2,1),(294,'comments',16,2,1),(295,'comments_add',16,2,1),(296,'comments_delete',16,2,1),(297,'comment_add',16,2,1),(298,'comment_delete',16,2,1),(299,'comment_edit',16,2,1),(300,'compress',16,2,1),(301,'computer',16,2,1),(302,'computer_add',16,2,1),(303,'computer_delete',16,2,1),(304,'computer_edit',16,2,1),(305,'computer_error',16,2,1),(306,'computer_go',16,2,1),(307,'computer_key',16,2,1),(308,'computer_link',16,2,1),(309,'connect',16,2,1),(310,'contrast',16,2,1),(311,'contrast_decrease',16,2,1),(312,'contrast_high',16,2,1),(313,'contrast_increase',16,2,1),(314,'contrast_low',16,2,1),(315,'controller',16,2,1),(316,'controller_add',16,2,1),(317,'controller_delete',16,2,1),(318,'controller_error',16,2,1),(319,'control_eject',16,2,1),(320,'control_eject_blue',16,2,1),(321,'control_end',16,2,1),(322,'control_end_blue',16,2,1),(323,'control_equalizer',16,2,1),(324,'control_equalizer_blue',16,2,1),(325,'control_fastforward',16,2,1),(326,'control_fastforward_blue',16,2,1),(327,'control_pause',16,2,1),(328,'control_pause_blue',16,2,1),(329,'control_play',16,2,1),(330,'control_play_blue',16,2,1),(331,'control_repeat',16,2,1),(332,'control_repeat_blue',16,2,1),(333,'control_rewind',16,2,1),(334,'control_rewind_blue',16,2,1),(335,'control_start',16,2,1),(336,'control_start_blue',16,2,1),(337,'control_stop',16,2,1),(338,'control_stop_blue',16,2,1),(339,'cookie',16,2,1),(341,'creditcards',16,2,1),(342,'cross',16,2,1),(344,'css',16,2,1),(345,'css_add',16,2,1),(346,'css_delete',16,2,1),(347,'css_go',16,2,1),(348,'css_valid',16,2,1),(350,'cup',16,2,1),(351,'cup_add',16,2,1),(352,'cup_delete',16,2,1),(353,'cup_edit',16,2,1),(354,'cup_error',16,2,1),(355,'cup_go',16,2,1),(356,'cup_key',16,2,1),(357,'cup_link',16,2,1),(358,'cursor',16,2,1),(359,'cut',16,2,1),(360,'cut_red',16,2,1),(361,'database',16,2,1),(362,'database_add',16,2,1),(363,'database_connect',16,2,1),(364,'database_delete',16,2,1),(365,'database_edit',16,2,1),(366,'database_error',16,2,1),(367,'database_gear',16,2,1),(368,'database_go',16,2,1),(369,'database_key',16,2,1),(370,'database_lightning',16,2,1),(371,'database_link',16,2,1),(372,'database_refresh',16,2,1),(373,'database_save',16,2,1),(374,'database_table',16,2,1),(375,'date',16,2,1),(376,'date_add',16,2,1),(377,'date_delete',16,2,1),(378,'date_edit',16,2,1),(379,'date_error',16,2,1),(380,'date_go',16,2,1),(381,'date_link',16,2,1),(382,'date_magnify',16,2,1),(383,'date_next',16,2,1),(384,'date_previous',16,2,1),(385,'delete',16,2,1),(386,'descend',16,2,1),(387,'disconnect',16,2,1),(389,'disk_multiple',16,2,1),(390,'disc',16,2,1),(391,'document',16,2,1),(392,'door',16,2,1),(393,'door_in',16,2,1),(394,'door_open',16,2,1),(395,'door_out',16,2,1),(396,'drink',16,2,1),(397,'drink_empty',16,2,1),(398,'drive',16,2,1),(399,'drive_add',16,2,1),(400,'drive_burn',16,2,1),(401,'drive_cd',16,2,1),(402,'drive_cd_empty',16,2,1),(403,'drive_delete',16,2,1),(404,'drive_disk',16,2,1),(405,'drive_edit',16,2,1),(406,'drive_error',16,2,1),(407,'drive_go',16,2,1),(408,'drive_key',16,2,1),(409,'drive_link',16,2,1),(410,'drive_magnify',16,2,1),(411,'drive_network',16,2,1),(412,'drive_rename',16,2,1),(413,'drive_user',16,2,1),(414,'drive_web',16,2,1),(415,'dvd',16,2,1),(416,'dvd_add',16,2,1),(417,'dvd_delete',16,2,1),(418,'dvd_edit',16,2,1),(419,'dvd_error',16,2,1),(420,'dvd_go',16,2,1),(421,'dvd_key',16,2,1),(422,'dvd_link',16,2,1),(423,'email',16,2,1),(424,'email_add',16,2,1),(425,'email_attach',16,2,1),(426,'email_delete',16,2,1),(427,'email_edit',16,2,1),(428,'email_error',16,2,1),(429,'email_go',16,2,1),(430,'email_link',16,2,1),(431,'email_open',16,2,1),(432,'email_open_image',16,2,1),(433,'emoticon_evilgrin',16,2,1),(434,'emoticon_grin',16,2,1),(435,'emoticon_happy',16,2,1),(436,'emoticon_smile',16,2,1),(437,'emoticon_surprised',16,2,1),(438,'emoticon_tongue',16,2,1),(439,'emoticon_unhappy',16,2,1),(440,'emoticon_waii',16,2,1),(441,'emoticon_wink',16,2,1),(442,'error',16,2,1),(443,'error_add',16,2,1),(444,'error_delete',16,2,1),(445,'error_go',16,2,1),(447,'exclamation',16,2,1),(449,'exec',16,2,1),(450,'eye',16,2,1),(451,'feed',16,2,1),(452,'feed_add',16,2,1),(453,'feed_delete',16,2,1),(454,'feed_disk',16,2,1),(455,'feed_edit',16,2,1),(456,'feed_error',16,2,1),(457,'feed_go',16,2,1),(458,'feed_key',16,2,1),(459,'feed_link',16,2,1),(460,'feed_magnify',16,2,1),(461,'female',16,2,1),(472,'film',16,2,1),(473,'film_add',16,2,1),(474,'film_delete',16,2,1),(475,'film_edit',16,2,1),(476,'film_error',16,2,1),(477,'film_go',16,2,1),(478,'film_key',16,2,1),(479,'film_link',16,2,1),(480,'film_save',16,2,1),(481,'find',16,2,1),(483,'flags',16,2,1),(484,'flag_blue',16,2,1),(485,'flag_green',16,2,1),(486,'flag_orange',16,2,1),(487,'flag_pink',16,2,1),(488,'flag_purple',16,2,1),(489,'flag_red',16,2,1),(490,'flag_yellow',16,2,1),(491,'folder',16,2,1),(492,'folder_add',16,2,1),(493,'folder_bell',16,2,1),(494,'folder_brick',16,2,1),(495,'folder_bug',16,2,1),(496,'folder_camera',16,2,1),(497,'folder_database',16,2,1),(498,'folder_delete',16,2,1),(499,'folder_edit',16,2,1),(500,'folder_error',16,2,1),(501,'folder_explore',16,2,1),(502,'folder_feed',16,2,1),(503,'folder_find',16,2,1),(504,'folder_go',16,2,1),(505,'folder_grey',16,2,1),(506,'folder_heart',16,2,1),(507,'folder_image',16,2,1),(508,'folder_key',16,2,1),(509,'folder_lightbulb',16,2,1),(510,'folder_link',16,2,1),(511,'folder_magnify',16,2,1),(512,'folder_page',16,2,1),(513,'folder_page_white',16,2,1),(514,'folder_palette',16,2,1),(515,'folder_picture',16,2,1),(516,'folder_star',16,2,1),(517,'folder_table',16,2,1),(518,'folder_user',16,2,1),(519,'folder_wrench',16,2,1),(520,'font',16,2,1),(521,'fonts',16,2,1),(522,'font_add',16,2,1),(523,'font_delete',16,2,1),(524,'font_go',16,2,1),(526,'gimp',16,2,1),(527,'group',16,2,1),(528,'group_add',16,2,1),(529,'group_delete',16,2,1),(530,'group_edit',16,2,1),(531,'group_error',16,2,1),(532,'group_gear',16,2,1),(533,'group_go',16,2,1),(534,'group_key',16,2,1),(535,'group_link',16,2,1),(536,'heart',16,2,1),(537,'heart_add',16,2,1),(538,'heart_delete',16,2,1),(539,'help',16,2,1),(541,'hourglass',16,2,1),(542,'hourglass_add',16,2,1),(543,'hourglass_delete',16,2,1),(544,'hourglass_go',16,2,1),(545,'hourglass_link',16,2,1),(546,'house',16,2,1),(547,'house_go',16,2,1),(548,'house_link',16,2,1),(549,'html',16,2,1),(550,'html_add',16,2,1),(551,'html_delete',16,2,1),(552,'html_go',16,2,1),(553,'html_valid',16,2,1),(556,'image',16,2,1),(557,'images',16,2,1),(558,'image_add',16,2,1),(559,'image_delete',16,2,1),(560,'image_edit',16,2,1),(561,'image_link',16,2,1),(565,'information',16,2,1),(566,'ipod',16,2,1),(567,'ipod_cast',16,2,1),(568,'ipod_cast_add',16,2,1),(569,'ipod_cast_delete',16,2,1),(570,'ipod_sound',16,2,1),(571,'java',16,2,1),(572,'java_jar',16,2,1),(573,'joystick',16,2,1),(574,'joystick_add',16,2,1),(575,'joystick_delete',16,2,1),(576,'joystick_error',16,2,1),(578,'key',16,2,1),(579,'keyboard',16,2,1),(580,'keyboard_add',16,2,1),(581,'keyboard_delete',16,2,1),(582,'keyboard_magnify',16,2,1),(583,'key_add',16,2,1),(584,'key_delete',16,2,1),(585,'key_go',16,2,1),(586,'kservices',16,2,1),(587,'layers',16,2,1),(588,'layout',16,2,1),(589,'layout_add',16,2,1),(590,'layout_content',16,2,1),(591,'layout_delete',16,2,1),(592,'layout_edit',16,2,1),(593,'layout_error',16,2,1),(594,'layout_header',16,2,1),(595,'layout_link',16,2,1),(596,'layout_sidebar',16,2,1),(597,'lightbulb',16,2,1),(598,'lightbulb_add',16,2,1),(599,'lightbulb_delete',16,2,1),(600,'lightbulb_off',16,2,1),(601,'lightning',16,2,1),(602,'lightning_add',16,2,1),(603,'lightning_delete',16,2,1),(604,'lightning_go',16,2,1),(605,'link',16,2,1),(606,'link_add',16,2,1),(607,'link_break',16,2,1),(608,'link_delete',16,2,1),(609,'link_edit',16,2,1),(610,'link_error',16,2,1),(611,'link_go',16,2,1),(612,'lock',16,2,1),(613,'lock_add',16,2,1),(614,'lock_break',16,2,1),(615,'lock_delete',16,2,1),(616,'lock_edit',16,2,1),(617,'lock_go',16,2,1),(618,'lock_open',16,2,1),(619,'lorry',16,2,1),(620,'lorry_add',16,2,1),(621,'lorry_delete',16,2,1),(622,'lorry_error',16,2,1),(623,'lorry_flatbed',16,2,1),(624,'lorry_go',16,2,1),(625,'lorry_link',16,2,1),(626,'magifier_zoom_out',16,2,1),(627,'magnifier',16,2,1),(628,'magnifier_zoom_in',16,2,1),(629,'male',16,2,1),(630,'map',16,2,1),(631,'map_add',16,2,1),(632,'map_delete',16,2,1),(633,'map_edit',16,2,1),(634,'map_go',16,2,1),(635,'map_magnify',16,2,1),(636,'medal_bronze_1',16,2,1),(637,'medal_bronze_2',16,2,1),(638,'medal_bronze_3',16,2,1),(639,'medal_bronze_add',16,2,1),(640,'medal_bronze_delete',16,2,1),(641,'medal_gold_1',16,2,1),(642,'medal_gold_2',16,2,1),(643,'medal_gold_3',16,2,1),(644,'medal_gold_add',16,2,1),(645,'medal_gold_delete',16,2,1),(646,'medal_silver_1',16,2,1),(647,'medal_silver_2',16,2,1),(648,'medal_silver_3',16,2,1),(649,'medal_silver_add',16,2,1),(650,'medal_silver_delete',16,2,1),(651,'mime',16,2,1),(652,'money',16,2,1),(653,'money_add',16,2,1),(654,'money_delete',16,2,1),(655,'money_dollar',16,2,1),(656,'money_euro',16,2,1),(657,'money_pound',16,2,1),(658,'money_yen',16,2,1),(659,'monitor',16,2,1),(660,'monitor_add',16,2,1),(661,'monitor_delete',16,2,1),(662,'monitor_edit',16,2,1),(663,'monitor_error',16,2,1),(664,'monitor_go',16,2,1),(665,'monitor_lightning',16,2,1),(666,'monitor_link',16,2,1),(667,'mouse',16,2,1),(668,'mouse_add',16,2,1),(669,'mouse_delete',16,2,1),(670,'mouse_error',16,2,1),(673,'music',16,2,1),(674,'new',16,2,1),(675,'newspaper',16,2,1),(676,'newspaper_add',16,2,1),(677,'newspaper_delete',16,2,1),(678,'newspaper_go',16,2,1),(679,'newspaper_link',16,2,1),(680,'note',16,2,1),(681,'note_add',16,2,1),(682,'note_delete',16,2,1),(683,'note_edit',16,2,1),(684,'note_error',16,2,1),(685,'note_go',16,2,1),(686,'ooo_gulls',16,2,1),(687,'openoffice',16,2,1),(688,'overlays',16,2,1),(689,'package',16,2,1),(690,'package_add',16,2,1),(691,'package_delete',16,2,1),(692,'package_go',16,2,1),(693,'package_graphics',16,2,1),(694,'package_green',16,2,1),(695,'package_link',16,2,1),(696,'page-first-disabled',16,2,1),(697,'page-first',16,2,1),(698,'page-last-disabled',16,2,1),(699,'page-last',16,2,1),(700,'page-next-disabled',16,2,1),(701,'page-next',16,2,1),(702,'page-prev-disabled',16,2,1),(703,'page-prev',16,2,1),(704,'page',16,2,1),(705,'page_add',16,2,1),(706,'page_attach',16,2,1),(707,'page_code',16,2,1),(708,'page_copy',16,2,1),(709,'page_delete',16,2,1),(710,'page_edit',16,2,1),(711,'page_error',16,2,1),(712,'page_excel',16,2,1),(713,'page_find',16,2,1),(714,'page_gear',16,2,1),(715,'page_go',16,2,1),(716,'page_green',16,2,1),(717,'page_key',16,2,1),(718,'page_lightning',16,2,1),(719,'page_link',16,2,1),(720,'page_paintbrush',16,2,1),(721,'page_paste',16,2,1),(722,'page_red',16,2,1),(723,'page_refresh',16,2,1),(724,'page_save',16,2,1),(725,'page_white',16,2,1),(726,'page_white_acrobat',16,2,1),(727,'page_white_actionscript',16,2,1),(728,'page_white_add',16,2,1),(729,'page_white_c',16,2,1),(730,'page_white_camera',16,2,1),(731,'page_white_cd',16,2,1),(732,'page_white_code',16,2,1),(733,'page_white_code_red',16,2,1),(734,'page_white_coldfusion',16,2,1),(735,'page_white_compressed',16,2,1),(736,'page_white_copy',16,2,1),(737,'page_white_cplusplus',16,2,1),(738,'page_white_csharp',16,2,1),(739,'page_white_cup',16,2,1),(740,'page_white_database',16,2,1),(741,'page_white_delete',16,2,1),(742,'page_white_dvd',16,2,1),(743,'page_white_edit',16,2,1),(744,'page_white_error',16,2,1),(745,'page_white_excel',16,2,1),(746,'page_white_find',16,2,1),(747,'page_white_flash',16,2,1),(748,'page_white_freehand',16,2,1),(749,'page_white_gear',16,2,1),(750,'page_white_get',16,2,1),(751,'page_white_go',16,2,1),(752,'page_white_h',16,2,1),(753,'page_white_horizontal',16,2,1),(754,'page_white_key',16,2,1),(755,'page_white_lightning',16,2,1),(756,'page_white_link',16,2,1),(757,'page_white_magnify',16,2,1),(758,'page_white_medal',16,2,1),(759,'page_white_office',16,2,1),(760,'page_white_paint',16,2,1),(761,'page_white_paintbrush',16,2,1),(762,'page_white_paste',16,2,1),(763,'page_white_php',16,2,1),(764,'page_white_picture',16,2,1),(765,'page_white_powerpoint',16,2,1),(766,'page_white_put',16,2,1),(767,'page_white_ruby',16,2,1),(768,'page_white_stack',16,2,1),(769,'page_white_star',16,2,1),(770,'page_white_swoosh',16,2,1),(771,'page_white_text',16,2,1),(772,'page_white_text_width',16,2,1),(773,'page_white_tux',16,2,1),(774,'page_white_vector',16,2,1),(775,'page_white_visualstudio',16,2,1),(776,'page_white_width',16,2,1),(777,'page_white_word',16,2,1),(778,'page_white_world',16,2,1),(779,'page_white_wrench',16,2,1),(780,'page_white_zip',16,2,1),(781,'page_word',16,2,1),(782,'page_world',16,2,1),(783,'paintbrush',16,2,1),(784,'paintcan',16,2,1),(785,'palette',16,2,1),(786,'paste_plain',16,2,1),(787,'paste_word',16,2,1),(789,'pencil',16,2,1),(790,'pencil_add',16,2,1),(791,'pencil_delete',16,2,1),(792,'pencil_go',16,2,1),(793,'phone',16,2,1),(794,'phone_add',16,2,1),(795,'phone_delete',16,2,1),(796,'phone_sound',16,2,1),(797,'photo',16,2,1),(798,'photos',16,2,1),(799,'photo_add',16,2,1),(800,'photo_delete',16,2,1),(801,'photo_link',16,2,1),(802,'php-icon',16,2,1),(803,'picture',16,2,1),(804,'pictures',16,2,1),(805,'picture_add',16,2,1),(806,'picture_delete',16,2,1),(807,'picture_edit',16,2,1),(808,'picture_empty',16,2,1),(809,'picture_error',16,2,1),(810,'picture_go',16,2,1),(811,'picture_key',16,2,1),(812,'picture_link',16,2,1),(813,'picture_save',16,2,1),(814,'pilcrow',16,2,1),(815,'pill',16,2,1),(816,'pill_add',16,2,1),(817,'pill_delete',16,2,1),(818,'pill_go',16,2,1),(820,'plugin',16,2,1),(821,'plugin_add',16,2,1),(822,'plugin_delete',16,2,1),(823,'plugin_disabled',16,2,1),(824,'plugin_edit',16,2,1),(825,'plugin_error',16,2,1),(826,'plugin_go',16,2,1),(827,'plugin_link',16,2,1),(830,'printer',16,2,1),(831,'printer_add',16,2,1),(832,'printer_delete',16,2,1),(833,'printer_empty',16,2,1),(834,'printer_error',16,2,1),(837,'quicktime',16,2,1),(838,'rainbow',16,2,1),(839,'realplayer',16,2,1),(840,'red',16,2,1),(841,'report',16,2,1),(842,'report_add',16,2,1),(843,'report_delete',16,2,1),(844,'report_disk',16,2,1),(845,'report_edit',16,2,1),(846,'report_go',16,2,1),(847,'report_key',16,2,1),(848,'report_link',16,2,1),(849,'report_magnify',16,2,1),(850,'report_picture',16,2,1),(851,'report_user',16,2,1),(852,'report_word',16,2,1),(853,'resultset_first',16,2,1),(854,'resultset_last',16,2,1),(855,'resultset_next',16,2,1),(856,'resultset_previous',16,2,1),(857,'rosette',16,2,1),(858,'rpm',16,2,1),(859,'rss',16,2,1),(860,'rss_add',16,2,1),(861,'rss_delete',16,2,1),(862,'rss_go',16,2,1),(863,'rss_valid',16,2,1),(864,'rtf',16,2,1),(865,'ruby',16,2,1),(866,'ruby_add',16,2,1),(867,'ruby_delete',16,2,1),(868,'ruby_gear',16,2,1),(869,'ruby_get',16,2,1),(870,'ruby_go',16,2,1),(871,'ruby_key',16,2,1),(872,'ruby_link',16,2,1),(873,'ruby_put',16,2,1),(874,'script',16,2,1),(875,'script_add',16,2,1),(876,'script_code',16,2,1),(877,'script_code_red',16,2,1),(878,'script_delete',16,2,1),(879,'script_edit',16,2,1),(880,'script_error',16,2,1),(881,'script_gear',16,2,1),(882,'script_go',16,2,1),(883,'script_key',16,2,1),(884,'script_lightning',16,2,1),(885,'script_link',16,2,1),(886,'script_palette',16,2,1),(887,'script_save',16,2,1),(888,'server',16,2,1),(889,'server_add',16,2,1),(890,'server_chart',16,2,1),(891,'server_compressed',16,2,1),(892,'server_connect',16,2,1),(893,'server_database',16,2,1),(894,'server_delete',16,2,1),(895,'server_edit',16,2,1),(896,'server_error',16,2,1),(897,'server_go',16,2,1),(898,'server_key',16,2,1),(899,'server_lightning',16,2,1),(900,'server_link',16,2,1),(901,'server_uncompressed',16,2,1),(902,'shading',16,2,1),(903,'shape_align_bottom',16,2,1),(904,'shape_align_center',16,2,1),(905,'shape_align_left',16,2,1),(906,'shape_align_middle',16,2,1),(907,'shape_align_right',16,2,1),(908,'shape_align_top',16,2,1),(909,'shape_flip_horizontal',16,2,1),(910,'shape_flip_vertical',16,2,1),(911,'shape_group',16,2,1),(912,'shape_handles',16,2,1),(913,'shape_move_back',16,2,1),(914,'shape_move_backwards',16,2,1),(915,'shape_move_forwards',16,2,1),(916,'shape_move_front',16,2,1),(917,'shape_rotate_anticlockwise',16,2,1),(918,'shape_rotate_clockwise',16,2,1),(919,'shape_square',16,2,1),(920,'shape_square_add',16,2,1),(921,'shape_square_delete',16,2,1),(922,'shape_square_edit',16,2,1),(923,'shape_square_error',16,2,1),(924,'shape_square_go',16,2,1),(925,'shape_square_key',16,2,1),(926,'shape_square_link',16,2,1),(927,'shape_ungroup',16,2,1),(928,'shield',16,2,1),(929,'shield_add',16,2,1),(930,'shield_delete',16,2,1),(931,'shield_go',16,2,1),(932,'sitemap',16,2,1),(933,'sitemap_color',16,2,1),(934,'sound',16,2,1),(935,'sound_add',16,2,1),(936,'sound_delete',16,2,1),(937,'sound_low',16,2,1),(938,'sound_mute',16,2,1),(939,'sound_none',16,2,1),(940,'spellcheck',16,2,1),(941,'sport_8ball',16,2,1),(942,'sport_basketball',16,2,1),(943,'sport_football',16,2,1),(944,'sport_golf',16,2,1),(945,'sport_raquet',16,2,1),(946,'sport_shuttlecock',16,2,1),(947,'sport_soccer',16,2,1),(948,'sport_tennis',16,2,1),(949,'star',16,2,1),(950,'status_away',16,2,1),(951,'status_busy',16,2,1),(952,'status_offline',16,2,1),(953,'status_online',16,2,1),(954,'stop',16,2,1),(955,'style',16,2,1),(956,'stylesheet',16,2,1),(957,'style_add',16,2,1),(958,'style_delete',16,2,1),(959,'style_edit',16,2,1),(960,'style_go',16,2,1),(962,'swf',16,2,1),(963,'tab',16,2,1),(964,'table',16,2,1),(965,'table_add',16,2,1),(966,'table_delete',16,2,1),(967,'table_edit',16,2,1),(968,'table_error',16,2,1),(969,'table_gear',16,2,1),(970,'table_go',16,2,1),(971,'table_key',16,2,1),(972,'table_lightning',16,2,1),(973,'table_link',16,2,1),(974,'table_multiple',16,2,1),(975,'table_refresh',16,2,1),(976,'table_relationship',16,2,1),(977,'table_row_delete',16,2,1),(978,'table_row_insert',16,2,1),(979,'table_save',16,2,1),(980,'table_sort',16,2,1),(981,'tab_add',16,2,1),(982,'tab_delete',16,2,1),(983,'tab_edit',16,2,1),(984,'tab_go',16,2,1),(985,'tag',16,1,1),(986,'tag_blue',16,2,1),(987,'tag_blue_add',16,2,1),(988,'tag_blue_delete',16,2,1),(989,'tag_blue_edit',16,2,1),(990,'tag_green',16,2,1),(991,'tag_orange',16,2,1),(992,'tag_pink',16,2,1),(993,'tag_purple',16,2,1),(994,'tag_red',16,2,1),(995,'tag_yellow',16,2,1),(996,'tar',16,2,1),(997,'telephone',16,2,1),(998,'telephone_add',16,2,1),(999,'telephone_delete',16,2,1),(1000,'telephone_edit',16,2,1),(1001,'telephone_error',16,2,1),(1002,'telephone_go',16,2,1),(1003,'telephone_key',16,2,1),(1004,'telephone_link',16,2,1),(1005,'television',16,2,1),(1006,'television_add',16,2,1),(1007,'television_delete',16,2,1),(1008,'terminal',16,2,1),(1010,'textfield',16,2,1),(1011,'textfield_add',16,2,1),(1012,'textfield_delete',16,2,1),(1013,'textfield_key',16,2,1),(1014,'textfield_rename',16,2,1),(1015,'text_align_center',16,2,1),(1016,'text_align_justify',16,2,1),(1017,'text_align_left',16,2,1),(1018,'text_align_right',16,2,1),(1019,'text_allcaps',16,2,1),(1020,'text_bold',16,2,1),(1021,'text_columns',16,2,1),(1022,'text_dropcaps',16,2,1),(1023,'text_heading_1',16,2,1),(1024,'text_heading_2',16,2,1),(1025,'text_heading_3',16,2,1),(1026,'text_heading_4',16,2,1),(1027,'text_heading_5',16,2,1),(1028,'text_heading_6',16,2,1),(1029,'text_horizontalrule',16,2,1),(1030,'text_indent',16,2,1),(1031,'text_indent_remove',16,2,1),(1032,'text_italic',16,2,1),(1033,'text_kerning',16,2,1),(1034,'text_letterspacing',16,2,1),(1035,'text_letter_omega',16,2,1),(1036,'text_linespacing',16,2,1),(1037,'text_list_bullets',16,2,1),(1038,'text_list_numbers',16,2,1),(1039,'text_lowercase',16,2,1),(1040,'text_padding_bottom',16,2,1),(1041,'text_padding_left',16,2,1),(1042,'text_padding_right',16,2,1),(1043,'text_padding_top',16,2,1),(1044,'text_replace',16,2,1),(1045,'text_signature',16,2,1),(1046,'text_smallcaps',16,2,1),(1047,'text_strikethrough',16,2,1),(1048,'text_subscript',16,2,1),(1049,'text_superscript',16,2,1),(1050,'text_underline',16,2,1),(1051,'text_uppercase',16,2,1),(1052,'tgz',16,2,1),(1053,'Thumbs.db',16,2,1),(1054,'thumb_down',16,2,1),(1055,'thumb_up',16,2,1),(1056,'tick',16,2,1),(1058,'time',16,2,1),(1059,'timeline_marker',16,2,1),(1060,'time_add',16,2,1),(1061,'time_delete',16,2,1),(1062,'time_go',16,2,1),(1063,'transmit',16,2,1),(1064,'transmit_add',16,2,1),(1065,'transmit_blue',16,2,1),(1066,'transmit_delete',16,2,1),(1067,'transmit_edit',16,2,1),(1068,'transmit_error',16,2,1),(1069,'transmit_go',16,2,1),(1070,'tux',16,2,1),(1072,'user',16,2,1),(1073,'user_add',16,2,1),(1074,'user_comment',16,2,1),(1075,'user_delete',16,2,1),(1076,'user_edit',16,2,1),(1077,'user_female',16,2,1),(1078,'user_go',16,2,1),(1079,'user_gray',16,2,1),(1080,'user_green',16,2,1),(1081,'user_orange',16,2,1),(1082,'user_red',16,2,1),(1083,'user_suit',16,2,1),(1084,'vcard',16,2,1),(1085,'vcard_add',16,2,1),(1086,'vcard_delete',16,2,1),(1087,'vcard_edit',16,2,1),(1088,'vector',16,2,1),(1089,'vector_add',16,2,1),(1090,'vector_delete',16,2,1),(1091,'video',16,2,1),(1093,'wand',16,2,1),(1094,'weather_clouds',16,2,1),(1095,'weather_cloudy',16,2,1),(1096,'weather_lightning',16,2,1),(1097,'weather_rain',16,2,1),(1098,'weather_snow',16,2,1),(1099,'weather_sun',16,2,1),(1100,'webcam',16,2,1),(1101,'webcam_add',16,2,1),(1102,'webcam_delete',16,2,1),(1103,'webcam_error',16,2,1),(1107,'world',16,2,1),(1108,'world_add',16,2,1),(1109,'world_delete',16,2,1),(1110,'world_edit',16,2,1),(1111,'world_go',16,2,1),(1112,'world_link',16,2,1),(1113,'wrench',16,2,1),(1114,'wrench_orange',16,2,1),(1115,'www',16,2,1),(1116,'xhtml',16,2,1),(1117,'xhtml_add',16,2,1),(1118,'xhtml_delete',16,2,1),(1119,'xhtml_go',16,2,1),(1120,'xhtml_valid',16,2,1),(1121,'yellow',16,2,1),(1123,'zoom',16,2,1),(1124,'zoom_in',16,2,1),(1125,'zoom_out',16,2,1),(1319,'.',64,0,1),(1320,'..',64,0,1),(1321,'.DS_Store',64,0,1),(1322,'10_64x64',64,0,1),(1323,'11_64x64',64,0,1),(1324,'12_64x64',64,0,1),(1325,'13_64x64',64,0,1),(1326,'14_64x64',64,0,1),(1327,'15_64x64',64,0,1),(1328,'16_64x64',64,0,1),(1329,'17_64x64',64,0,1),(1330,'18_64x64',64,0,1),(1331,'19_64x64',64,0,1),(1332,'1_64x64',64,0,1),(1333,'20_64x64',64,0,1),(1334,'21_64x64',64,0,1),(1335,'22_64x64',64,0,1),(1336,'23_64x64',64,0,1),(1337,'24_64x64',64,0,1),(1338,'25_64x64',64,0,1),(1339,'26_64x64',64,0,1),(1340,'27_64x64',64,0,1),(1341,'28_64x64',64,0,1),(1342,'29_64x64',64,0,1),(1343,'2_64x64',64,0,1),(1344,'30_64x64',64,0,1),(1345,'31_64x64',64,0,1),(1346,'32_64x64',64,0,1),(1347,'33_64x64',64,0,1),(1348,'34_64x64',64,0,1),(1349,'35_64x64',64,0,1),(1350,'36_64x64',64,0,1),(1351,'37_64x64',64,0,1),(1352,'38_64x64',64,0,1),(1353,'39_64x64',64,0,1),(1354,'3_64x64',64,0,1),(1355,'40_64x64',64,0,1),(1356,'41_64x64',64,0,1),(1357,'42_64x64',64,0,1),(1358,'43_64x64',64,0,1),(1359,'44_64x64',64,0,1),(1360,'45_64x64',64,0,1),(1361,'46_64x64',64,0,1),(1362,'47_64x64',64,0,1),(1363,'48_64x64',64,0,1),(1364,'49_64x64',64,0,1),(1365,'4_64x64',64,0,1),(1366,'50_64x64',64,0,1),(1367,'51_64x64',64,0,1),(1368,'52_64x64',64,0,1),(1369,'53_64x64',64,0,1),(1370,'54_64x64',64,0,1),(1371,'55_64x64',64,0,1),(1372,'56_64x64',64,0,1),(1373,'57_64x64',64,0,1),(1374,'58_64x64',64,0,1),(1375,'59_64x64',64,0,1),(1376,'5_64x64',64,0,1),(1377,'60_64x64',64,0,1),(1378,'6_64x64',64,0,1),(1379,'7_64x64',64,0,1),(1380,'8_64x64',64,0,1),(1381,'9_64x64',64,0,1),(1382,'App Store',64,0,1),(1383,'Assorted',64,0,1),(1384,'Backgammon',64,0,1),(1385,'BandB',64,0,1),(1386,'BandR',64,0,1),(1387,'Battery',64,0,1),(1388,'BatteryG',64,0,1),(1389,'BlockPuzzle',64,0,1),(1390,'BooksB',64,0,1),(1391,'BooksG',64,0,1),(1392,'BooksR',64,0,1),(1393,'BooksY',64,0,1),(1394,'BossPrefs',64,0,1),(1395,'BossTool',64,0,1),(1396,'Calculator Alt',64,0,1),(1397,'Calculator',64,0,1),(1398,'Calendar Kate',64,0,1),(1399,'Calendar',64,0,1),(1400,'Calendar_alt',64,0,1),(1401,'Camera',64,0,1),(1402,'Camera1',64,0,1),(1403,'Camera2',64,0,1),(1404,'Camera3',64,0,1),(1405,'Categories',64,0,1),(1406,'Chat',64,0,1),(1407,'Chat1',64,0,1),(1408,'Chess',64,0,1),(1409,'Chuzzle',64,0,1),(1410,'Clock Alt',64,0,1),(1411,'Clock',64,0,1),(1412,'Clock1',64,0,1),(1413,'Collage',64,0,1),(1414,'Contacts',64,0,1),(1415,'Converter',64,0,1),(1416,'CubicMan',64,0,1),(1417,'Customize',64,0,1),(1418,'DailyMotion',64,0,1),(1419,'Facebook',64,0,1),(1420,'Finder Alt',64,0,1),(1421,'Finder',64,0,1),(1422,'FiveDice',64,0,1),(1423,'Flashlight',64,0,1),(1424,'fring',64,0,1),(1425,'Games',64,0,1),(1426,'genesis4iphone',64,0,1),(1427,'gpSPhone',64,0,1),(1428,'gpSPhone1',64,0,1),(1429,'iBlackjack',64,0,1),(1430,'iCave',64,0,1),(1431,'iCopter',64,0,1),(1432,'Installer',64,0,1),(1433,'iPhysics1',64,0,1),(1434,'iPhysics2',64,0,1),(1435,'iPhysiscs',64,0,1),(1436,'iPod',64,0,1),(1437,'iQuickBlock',64,0,1),(1438,'iSlsk',64,0,1),(1439,'iSnake',64,0,1),(1440,'iSolitaire',64,0,1),(1441,'iTunes',64,0,1),(1442,'iTunes_alt',64,0,1),(1443,'iZoo Alt',64,0,1),(1444,'iZoo',64,0,1),(1445,'Kate',64,0,1),(1446,'Labyrinth',64,0,1),(1447,'Labyrinth1',64,0,1),(1448,'LightsOff',64,0,1),(1449,'MacThemes',64,0,1),(1450,'Mail',64,0,1),(1451,'Maps',64,0,1),(1452,'Messages',64,0,1),(1453,'MIIS iPhone Icons by ABH',64,0,1),(1454,'Mines',64,0,1),(1455,'MMS',64,0,1),(1456,'MobileScrobbler',64,0,1),(1457,'Multimedia',64,0,1),(1458,'Music',64,0,1),(1459,'MxTube',64,0,1),(1460,'NES',64,0,1),(1461,'Notes',64,0,1),(1462,'ParkingLot',64,0,1),(1463,'PDFViewer',64,0,1),(1464,'Phone Alt',64,0,1),(1465,'Phone Default',64,0,1),(1466,'Phone',64,0,1),(1467,'Phone_alt',64,0,1),(1468,'Photos',64,0,1),(1469,'Photos_alt',64,0,1),(1470,'Pianist',64,0,1),(1471,'Poof',64,0,1),(1472,'Pool Alt',64,0,1),(1473,'Pool',64,0,1),(1474,'preview.jpg',64,0,1),(1475,'RagingThunder',64,0,1),(1476,'Remote',64,0,1),(1477,'Respring',64,0,1),(1478,'Ringtones',64,0,1),(1479,'Safari Alt',64,0,1),(1480,'Safari',64,0,1),(1481,'ScummVM',64,0,1),(1482,'SendFile',64,0,1),(1483,'Settings',64,0,1),(1484,'Sketches',64,0,1),(1485,'SMBPrefs',64,0,1),(1486,'snes4iphone',64,0,1),(1487,'Stocks',64,0,1),(1488,'SysInfo',64,0,1),(1489,'Terminal',64,0,1),(1490,'Text',64,0,1),(1491,'Text1',64,0,1),(1492,'ToDoList',64,0,1),(1493,'ToDoList1',64,0,1),(1494,'TouchPad',64,0,1),(1495,'Tribal',64,0,1),(1496,'Tribal2',64,0,1),(1497,'Tris',64,0,1),(1498,'TuneWiki',64,0,1),(1499,'TwistedFingers',64,0,1),(1500,'VideoRecorder',64,0,1),(1501,'Videos',64,0,1),(1502,'VNSea',64,0,1),(1503,'Voice Memos',64,0,1),(1504,'Voice Memos_alt',64,0,1),(1505,'Weather Alt',64,0,1),(1506,'Weather',64,0,1),(1507,'WeDict',64,0,1),(1508,'WeDictRed',64,0,1),(1509,'Wikipedia',64,0,1),(1510,'WildEyes',64,0,1),(1511,'YouTube',64,0,1);
/*!40000 ALTER TABLE `icon` ENABLE KEYS */;
UNLOCK TABLES;

--
-- Table structure for table `language`
--

DROP TABLE IF EXISTS `language`;
/*!40101 SET @saved_cs_client     = @@character_set_client */;
/*!40101 SET character_set_client = utf8 */;
CREATE TABLE `language` (
  `languageId` int(11) NOT NULL AUTO_INCREMENT COMMENT 'Language|',
  `languageDesc` varchar(64) COLLATE utf8_unicode_ci NOT NULL COMMENT 'Description|',
  `languageCode` varchar(8) COLLATE utf8_unicode_ci NOT NULL COMMENT 'Code|',
  `isGoogle` tinyint(1) NOT NULL,
  `isBing` tinyint(1) NOT NULL,
  `isSpeakLite` tinyint(1) NOT NULL,
  `isWebServices` tinyint(1) NOT NULL,
  `isDefault` tinyint(1) NOT NULL,
  `isNew` tinyint(1) NOT NULL,
  `isDraft` tinyint(1) NOT NULL,
  `isUpdate` tinyint(1) NOT NULL,
  `isDelete` tinyint(1) NOT NULL,
  `isActive` tinyint(1) NOT NULL,
  `isApproved` tinyint(1) NOT NULL,
  `isReview` tinyint(1) NOT NULL,
  `isPost` tinyint(1) NOT NULL,
  `executeBy` int(11) NOT NULL,
  `executeTime` datetime NOT NULL,
  PRIMARY KEY (`languageId`)
) ENGINE=InnoDB AUTO_INCREMENT=61 DEFAULT CHARSET=utf8 COLLATE=utf8_unicode_ci;
/*!40101 SET character_set_client = @saved_cs_client */;

--
-- Dumping data for table `language`
--

LOCK TABLES `language` WRITE;
/*!40000 ALTER TABLE `language` DISABLE KEYS */;
INSERT INTO `language` VALUES (9,'Afrikaans','af',0,0,0,0,0,0,0,0,0,1,0,0,0,2,'2011-07-05 00:00:00'),(10,'Albanian','sq',0,0,0,0,0,0,0,0,0,1,0,0,0,2,'2011-07-05 00:00:00'),(11,'Arabic','ar',0,1,0,0,0,0,0,0,0,1,0,0,0,2,'2011-07-05 00:00:00'),(12,'Belarusian','be',0,0,0,0,0,0,0,0,0,1,0,0,0,2,'2011-07-05 00:00:00'),(13,'Bulgarian','bg',0,0,0,0,0,0,0,0,0,1,0,0,0,2,'2011-07-05 00:00:00'),(14,'Catalan','ca',0,1,0,0,0,0,0,0,0,1,0,0,0,2,'2011-07-05 00:00:00'),(15,'Chinese Simplified','zh-CN',0,1,0,0,0,0,0,0,0,1,0,0,0,2,'2011-07-05 00:00:00'),(16,'Chinease Traditional','zh-TW',0,1,0,0,0,0,0,0,0,1,0,0,0,2,'2011-07-05 00:00:00'),(17,'Croation','hr',0,0,0,0,0,0,0,0,0,1,0,0,0,2,'2011-07-05 00:00:00'),(18,'Czech','cs',0,1,0,0,0,0,0,0,0,1,0,0,0,2,'2011-07-05 00:00:00'),(19,'Danish','da',0,1,0,0,0,0,0,0,0,1,0,0,0,2,'2011-07-05 00:00:00'),(20,'Dutch','nl',0,1,0,0,0,0,0,0,0,1,0,0,0,2,'2011-07-05 00:00:00'),(21,'English','en',0,1,0,0,0,0,0,0,0,1,0,0,0,2,'2011-07-05 00:00:00'),(22,'Estonian','et',0,1,0,0,0,0,0,0,0,1,0,0,0,2,'2011-07-05 00:00:00'),(23,'Filpino','tl',0,0,0,0,0,0,0,0,0,1,0,0,0,2,'2011-07-05 00:00:00'),(24,'Finnish','fi',0,1,0,0,0,0,0,0,0,1,0,0,0,2,'2011-07-05 00:00:00'),(25,'French','fr',0,1,0,0,0,0,0,0,0,1,0,0,0,2,'2011-07-05 00:00:00'),(26,'Galician','gl',0,0,0,0,0,0,0,0,0,1,0,0,0,2,'2011-07-05 00:00:00'),(27,'German','de',0,1,0,0,0,0,0,0,0,1,0,0,0,2,'2011-07-05 00:00:00'),(28,'Greek','el',0,1,0,0,0,0,0,0,0,1,0,0,0,2,'2011-07-05 00:00:00'),(29,'Haitian Creole','ht',0,1,0,0,0,0,0,0,0,1,0,0,0,2,'2011-07-05 00:00:00'),(30,'Hebrew','he',0,1,0,0,0,0,0,0,0,1,0,0,0,2,'2011-07-05 00:00:00'),(31,'Hindi','hi',0,1,0,0,0,0,0,0,0,1,0,0,0,2,'2011-07-05 00:00:00'),(32,'Hungarian','hu',0,1,0,0,0,0,0,0,0,1,0,0,0,2,'2011-07-05 00:00:00'),(33,'Icelandic','is',0,0,0,0,0,0,0,0,0,1,0,0,0,2,'2011-07-05 00:00:00'),(34,'Indonesian','id',0,1,0,0,0,0,0,0,0,1,0,0,0,2,'2011-07-05 00:00:00'),(35,'Irish','ga',0,0,0,0,0,0,0,0,0,1,0,0,0,2,'2011-07-05 00:00:00'),(36,'Italian','it',0,1,0,0,0,0,0,0,0,1,0,0,0,2,'2011-07-05 00:00:00'),(37,'Japanse','ja',0,0,0,0,0,0,0,0,0,1,0,0,0,2,'2011-07-05 00:00:00'),(38,'Latvian','lv',0,1,0,0,0,0,0,0,0,1,0,0,0,2,'2011-07-05 00:00:00'),(39,'lithuanian','lt',0,0,0,0,0,0,0,0,0,1,0,0,0,2,'2011-07-05 00:00:00'),(40,'Macedonian','mk',0,0,0,0,0,0,0,0,0,1,0,0,0,2,'2011-07-05 00:00:00'),(41,'Malay','ms',0,0,0,0,0,0,0,0,0,1,0,0,0,2,'2011-07-05 00:00:00'),(42,'Maltese','mt',0,0,0,0,0,0,0,0,0,1,0,0,0,2,'2011-07-05 00:00:00'),(43,'Norwegian','no',0,1,0,0,0,0,0,0,0,1,0,0,0,2,'2011-07-05 00:00:00'),(44,'Persian','fa',0,0,0,0,0,0,0,0,0,1,0,0,0,2,'2011-07-05 00:00:00'),(45,'Portuguese','pt',0,0,0,0,0,0,0,0,0,1,0,0,0,2,'2011-07-05 00:00:00'),(46,'Romanian','ro',0,1,0,0,0,0,0,0,0,1,0,0,0,2,'2011-07-05 00:00:00'),(47,'Rusia','ru',0,1,0,0,0,0,0,0,0,1,0,0,0,2,'2011-07-05 00:00:00'),(48,'Serbian','sr',0,0,0,0,0,0,0,0,0,1,0,0,0,2,'2011-07-05 00:00:00'),(49,'Slovak','sk',0,0,0,0,0,0,0,0,0,1,0,0,0,2,'2011-07-05 00:00:00'),(50,'Slovenian','sl',0,0,0,0,0,0,0,0,0,1,0,0,0,2,'2011-07-05 00:00:00'),(51,'Spanish','es',0,1,0,0,0,0,0,0,0,1,0,0,0,2,'2011-07-05 00:00:00'),(52,'Swahili','sw',0,0,0,0,0,0,0,0,0,1,0,0,0,2,'2011-07-05 00:00:00'),(53,'Swedish','sv',0,1,0,0,0,0,0,0,0,1,0,0,0,2,'2011-07-05 00:00:00'),(54,'Thai','th',0,1,0,0,0,0,0,0,0,1,0,0,0,2,'2011-07-05 00:00:00'),(55,'Ukranian','uk',0,1,0,0,0,0,0,0,0,1,0,0,0,2,'2011-07-05 00:00:00'),(56,'Vietnamese','vi',0,1,0,0,0,0,0,0,0,1,0,0,0,2,'2011-07-05 00:00:00'),(57,'Welsh','cy',0,0,0,0,0,0,0,0,0,1,0,0,0,2,'2011-07-05 00:00:00'),(58,'Yiddish','yi',0,0,0,0,0,0,0,0,0,1,0,0,0,2,'2011-07-05 00:00:00'),(60,'km','kk',0,0,0,0,0,0,0,1,0,1,0,0,0,2,'2011-07-05 04:49:03');
/*!40000 ALTER TABLE `language` ENABLE KEYS */;
UNLOCK TABLES;

--
-- Table structure for table `leaf`
--

DROP TABLE IF EXISTS `leaf`;
/*!40101 SET @saved_cs_client     = @@character_set_client */;
/*!40101 SET character_set_client = utf8 */;
CREATE TABLE `leaf` (
  `leafId` int(11) NOT NULL AUTO_INCREMENT COMMENT 'Leaf|',
  `applicationId` int(11) NOT NULL,
  `moduleId` int(11) NOT NULL COMMENT 'Accordion|',
  `folderId` int(11) NOT NULL COMMENT 'Folder|',
  `iconId` int(11) NOT NULL DEFAULT '36' COMMENT 'Icon|',
  `leafSequence` int(11) NOT NULL COMMENT 'Sequence|',
  `leafCode` char(4) COLLATE utf8_unicode_ci NOT NULL COMMENT 'Code|',
  `leafFilename` varchar(64) COLLATE utf8_unicode_ci NOT NULL COMMENT 'Filename|',
  `leafEnglish` varchar(64) COLLATE utf8_unicode_ci NOT NULL COMMENT 'English|',
  `isDefault` tinyint(1) NOT NULL,
  `isNew` tinyint(1) NOT NULL COMMENT 'New|',
  `isDraft` tinyint(1) NOT NULL COMMENT 'Draft|',
  `isUpdate` tinyint(1) NOT NULL COMMENT 'Updated|',
  `isDelete` tinyint(1) NOT NULL COMMENT 'Deleted|',
  `isActive` tinyint(1) NOT NULL COMMENT 'Active|',
  `isApproved` tinyint(1) NOT NULL COMMENT 'Approved|',
  `isReview` tinyint(1) NOT NULL,
  `isPost` tinyint(1) NOT NULL,
  `executeBy` int(11) NOT NULL COMMENT 'By|',
  `executeTime` datetime NOT NULL,
  PRIMARY KEY (`leafId`),
  KEY `tabId` (`moduleId`),
  KEY `folderId` (`folderId`),
  KEY `iconId` (`iconId`),
  KEY `isDefault` (`isDefault`),
  KEY `isNew` (`isNew`),
  KEY `isDraft` (`isDraft`),
  KEY `isUpdate` (`isUpdate`),
  KEY `isDelete` (`isDelete`),
  KEY `isActive` (`isActive`),
  KEY `isApproved` (`isApproved`),
  KEY `isPost` (`isPost`),
  KEY `isReview` (`isReview`),
  KEY `applicationId` (`applicationId`),
  CONSTRAINT `leaf_ibfk_1` FOREIGN KEY (`moduleId`) REFERENCES `module` (`moduleId`) ON DELETE CASCADE ON UPDATE CASCADE,
  CONSTRAINT `leaf_ibfk_2` FOREIGN KEY (`folderId`) REFERENCES `folder` (`folderId`) ON DELETE CASCADE ON UPDATE CASCADE,
  CONSTRAINT `leaf_ibfk_3` FOREIGN KEY (`iconId`) REFERENCES `icon` (`iconId`) ON DELETE CASCADE ON UPDATE CASCADE
) ENGINE=InnoDB AUTO_INCREMENT=106 DEFAULT CHARSET=utf8 COLLATE=utf8_unicode_ci;
/*!40101 SET character_set_client = @saved_cs_client */;

--
-- Dumping data for table `leaf`
--

LOCK TABLES `leaf` WRITE;
/*!40000 ALTER TABLE `leaf` DISABLE KEYS */;
INSERT INTO `leaf` VALUES (2,1,1,1,36,1,'','application.php','Application',0,1,0,0,0,1,0,0,0,2,'2011-11-22 18:30:06'),(3,1,1,1,36,2,'','module.php','Module',0,1,0,0,0,1,0,0,0,2,'2011-11-22 18:30:06'),(4,1,1,1,36,3,'','folder.php','Folder',0,1,0,0,0,1,0,0,0,2,'2011-11-22 18:30:06'),(5,1,1,1,36,4,'','leaf.php','Leaf',0,1,0,0,0,1,0,0,0,2,'2011-11-22 18:30:06'),(6,1,1,2,36,1,'','theme.php','Theme',0,1,0,0,0,1,0,0,0,2,'2011-11-22 18:30:06'),(7,1,1,2,36,2,'','language.php','Language',0,1,0,0,0,1,0,0,0,2,'2011-11-22 18:30:06'),(8,1,2,3,36,2,'','defaultLabel.php','Default Label',0,1,0,0,0,1,0,0,0,2,'2011-11-22 18:30:06'),(9,1,2,3,36,2,'','tableMapping.php','Table Mapping',0,1,0,0,0,1,0,0,0,2,'2011-11-22 18:30:06'),(10,1,2,3,36,2,'','string.php','System String',0,1,0,0,0,1,0,0,0,2,'2011-11-22 18:30:06'),(11,1,3,4,50,1,'','personal.php','Preference',0,1,0,0,0,1,0,0,0,2,'2011-11-22 18:30:06'),(12,1,3,4,50,2,'','password.php','Password',0,1,0,0,0,1,0,0,0,2,'2011-11-22 18:30:06'),(13,1,31,67,35,1,'','district.php','District',0,1,0,0,0,1,0,0,0,2,'2011-11-22 18:30:06'),(14,1,31,67,35,2,'','state.php','State',0,1,0,0,0,1,0,0,0,2,'2011-11-22 18:30:06'),(15,1,31,67,35,3,'','national.php','National',0,1,0,0,0,1,0,0,0,2,'2011-11-22 18:30:06'),(16,1,31,67,35,4,'','race.php','Race',0,1,0,0,0,1,0,0,0,2,'2011-11-22 18:30:06'),(17,1,31,67,35,5,'','religion.php','Religion',0,1,0,0,0,1,0,0,0,2,'2011-11-22 18:30:06'),(18,3,5,7,35,1,'','documentSetting.php','Document Number',0,1,0,0,0,1,0,0,0,2,'2011-11-22 18:30:06'),(19,2,5,67,43,1,'','religionv1.php','Religion Version 1 ',0,1,0,0,0,1,0,0,0,2,'2011-11-22 18:30:06'),(20,2,5,67,43,2,'','religionv2.php','Religion Version 2 ',0,1,0,0,0,1,0,0,0,2,'2011-11-22 18:30:06'),(21,2,5,67,43,3,'','religionv3.php','Religion Version 3 ',0,1,0,0,0,1,0,0,0,2,'2011-11-22 18:30:06'),(22,2,5,67,43,4,'','religionv4.php','Religion Version 4 ',0,1,0,0,0,1,0,0,0,2,'2011-11-22 18:30:06'),(23,2,6,67,43,1,'','religionv5.php','Religion Version 5 ',0,1,0,0,0,1,0,0,0,2,'2011-11-22 18:30:06'),(24,2,6,67,43,2,'','religionv6.php','Religion Version 6 ',0,1,0,0,0,1,0,0,0,2,'2011-11-22 18:30:06'),(25,1,31,67,36,6,'','gender.php','Gender',0,1,0,0,0,1,0,0,0,2,'2011-11-22 18:30:06'),(26,3,5,7,35,2,'','documentSequence.php','Document Sequence',0,1,0,0,0,1,0,0,0,2,'2011-11-22 18:30:06'),(27,3,5,78,35,3,'','generalLedgerChartOfAccountCategory.php','Chart Of Account Category',0,1,0,0,0,1,0,0,0,2,'2011-11-22 18:30:06'),(28,3,24,75,35,1,'','generalLedgerChartOfAccountSegment.php','Segment',0,1,0,0,0,1,0,0,0,2,'2011-11-22 18:30:06'),(29,3,24,75,35,2,'','generalLedgerChartOfAccount.php','Entry',0,1,0,0,0,1,0,0,0,2,'2011-11-22 18:30:06'),(30,3,24,75,35,3,'','generalLedgerChartOfAccountDimension.php','Dimension',0,1,0,0,0,1,0,0,0,2,'2011-11-22 18:30:06'),(31,3,24,75,35,4,'','generalLedgerChartOfAccountConsolidation.php','Account Consolidation',0,1,0,0,0,1,0,0,0,2,'2011-11-22 18:30:06'),(32,3,24,75,35,5,'','generalLedgerChartOfAccountSaperation.php','Account Saperation',0,1,0,0,0,1,0,0,0,2,'2011-11-22 18:30:06'),(33,3,24,8,35,1,'','generalLedgerBudget.php','Budget',0,1,0,0,0,1,0,0,0,2,'2011-11-22 18:30:06'),(34,3,24,8,35,2,'','generalLedgerBudgetChart.php','Chart',0,1,0,0,0,1,0,0,0,2,'2011-11-22 18:30:06'),(35,3,24,9,35,1,'','generalLedgerAccountForecast.php','Forecaset',0,1,0,0,0,1,0,0,0,2,'2011-11-22 18:30:06'),(36,3,24,9,35,2,'','generalLedgerForecast.php','Chart',0,1,0,0,0,1,0,0,0,2,'2011-11-22 18:30:06'),(37,3,24,10,35,1,'','generalLedgerJournal.php','Journal',0,1,0,0,0,1,0,0,0,2,'2011-11-22 18:30:06'),(38,3,24,10,35,2,'','generalLedgerJournalRecurring.php','Recurring Journal',0,1,0,0,0,1,0,0,0,2,'2011-11-22 18:30:06'),(39,3,24,10,35,3,'','generalLedgerJournalRecurringPosting.php','Recurring Journal Post',0,1,0,0,0,1,0,0,0,2,'2011-11-22 18:30:06'),(40,3,5,78,35,1,'','country.php','Country Currency',0,1,0,0,0,1,0,0,0,2,'2011-11-22 18:30:06'),(41,4,16,57,35,1,'','documentSetting.php','Document Number ',0,1,0,0,0,1,0,0,0,2,'2011-11-22 18:30:06'),(42,4,16,57,35,2,'','documentSequence.php','Document Sequence',0,1,0,0,0,1,0,0,0,2,'2011-11-22 18:30:06'),(43,4,16,80,35,1,'','depositType.php','Deposit Type',0,1,0,0,0,1,0,0,0,2,'2011-11-22 18:30:06'),(44,4,27,77,35,1,'','quotation.php','Quotation',0,1,0,0,0,1,0,0,0,2,'2011-11-22 18:30:06'),(45,4,27,77,35,2,'','sales.php','Sales Order',0,1,0,0,0,1,0,0,0,2,'2011-11-22 18:30:06'),(46,4,27,77,35,3,'','delivery.php','Delivery',0,1,0,0,0,1,0,0,0,2,'2011-11-22 18:30:06'),(47,4,27,77,35,4,'','return.php','Return Item',0,1,0,0,0,1,0,0,0,2,'2011-11-22 18:30:06'),(48,4,27,77,35,5,'','depositLedger.php','Deposit',0,1,0,0,0,1,0,0,0,2,'2011-11-22 18:30:06'),(49,4,27,77,35,6,'','invoiceandpayment.php','Invoice + Payment',0,1,0,0,0,1,0,0,0,2,'2011-11-22 18:30:06'),(50,4,27,59,35,1,'','voucherLedger.php','Payment Voucher',0,1,0,0,0,1,0,0,0,2,'2011-11-22 18:30:06'),(51,4,27,58,35,1,'','invoiceLedger.php','Invoice',0,1,0,0,0,1,0,0,0,2,'2011-11-22 18:30:06'),(52,4,27,58,35,2,'','invoiceRecurring.php','Recurring Invoice',0,1,0,0,0,1,0,0,0,2,'2011-11-22 18:30:06'),(53,4,27,58,35,4,'','invoiceReverse.php','Reverse Invoice',0,1,0,0,0,1,0,0,0,2,'2011-11-22 18:30:06'),(54,4,27,79,35,1,'','adjustmentLedger.php','adjustment.php',0,1,0,0,0,1,0,0,0,2,'2011-11-22 18:30:06'),(55,4,27,79,35,2,'','adjustmentHistory.php','Adjustment History',0,1,0,0,0,1,0,0,0,2,'2011-11-22 18:30:06'),(56,4,27,81,35,3,'','lateinterest.php','Late Interest',0,1,0,0,0,1,0,0,0,2,'2011-11-22 18:30:06'),(57,4,27,79,35,5,'','creditMemo.php','Credit Memo',0,1,0,0,0,1,0,0,0,2,'2011-11-22 18:30:06'),(58,7,8,19,35,1,'','documentSetting.php','Document Number',0,1,0,0,0,1,0,0,0,2,'2011-11-22 18:30:06'),(59,7,8,89,35,2,'','membershipSetting.php','Setting',0,1,0,0,0,1,0,0,0,2,'2011-11-22 18:30:06'),(60,7,8,19,35,3,'','documentAssign.php','Document Assign',0,1,0,0,0,1,0,0,0,2,'2011-11-22 18:30:06'),(61,7,18,69,35,1,'','membershipEntry.php','Entry',0,1,0,0,0,1,0,0,0,2,'2011-11-22 18:30:06'),(62,7,18,69,35,2,'','approved.php','Approved',0,1,0,0,0,1,0,0,0,2,'2011-11-22 18:30:06'),(63,7,18,69,35,3,'','update.php','Update',0,1,0,0,0,1,0,0,0,2,'2011-11-22 18:30:06'),(64,7,19,20,35,1,'','dividen.php','Dividen',0,1,0,0,0,1,0,0,0,2,'2011-11-22 18:30:06'),(65,7,36,21,35,2,'','shareReport.php','List Share',0,1,0,0,0,1,0,0,0,2,'2011-11-22 18:30:06'),(66,7,36,21,35,1,'','feeReport.php','List fee',0,1,0,0,0,1,0,0,0,2,'2011-11-22 18:30:06'),(67,7,36,21,35,3,'','voterReport.php','List Voter',0,1,0,0,0,1,0,0,0,2,'2011-11-22 18:30:06'),(68,7,8,19,35,2,'','documentSequence.php','Document Sequence',0,1,0,0,0,1,0,0,0,2,'2011-11-22 18:30:06'),(69,1,31,67,36,7,'','marriage.php','Marriage Status',0,1,0,0,0,1,0,0,0,2,'2011-11-22 18:30:06'),(70,1,31,67,36,8,'','skill.php','Skill',0,1,0,0,0,1,0,0,0,2,'2011-11-22 18:30:06'),(71,1,31,67,36,9,'','disease.php','Disease',0,1,0,0,0,1,0,0,0,2,'2011-11-22 18:30:06'),(72,1,31,67,36,10,'','saving.php','Saving',0,1,0,0,0,1,0,0,0,2,'2011-11-22 18:30:06'),(73,1,31,67,36,11,'','impair.php','Impair',0,1,0,0,0,1,0,0,0,2,'2011-11-22 18:30:06'),(74,1,31,67,36,12,'','education.php','Education',0,1,0,0,0,1,0,0,0,2,'2011-11-22 18:30:06'),(75,1,31,67,36,13,'','bank.php','Bank',0,1,0,0,0,1,0,0,0,2,'2011-11-22 18:30:06'),(76,1,31,67,36,14,'','family.php','Family',0,1,0,0,0,1,0,0,0,2,'2011-11-22 18:30:06'),(77,8,9,22,35,1,'','bank.php','Bank Account',0,1,0,0,0,1,0,0,0,2,'2011-11-22 18:30:06'),(78,8,9,22,35,2,'','bankCategory.php','Bank Category',0,1,0,0,0,1,0,0,0,2,'2011-11-22 18:30:06'),(79,8,20,23,35,1,'','bankBalance.php','Bank Balance ',0,1,0,0,0,1,0,0,0,2,'2011-11-22 18:30:06'),(80,8,20,23,35,2,'','bankTransfer.php','Transfer Funds',0,1,0,0,0,1,0,0,0,2,'2011-11-22 18:30:06'),(81,8,20,23,35,3,'','bankDeposit.php','Deposit Payment',0,1,0,0,0,1,0,0,0,2,'2011-11-22 18:30:06'),(82,8,37,53,35,1,'','bankCashFlowReport.php','Bank Cash Flow Report',0,1,0,0,0,1,0,0,0,2,'2011-11-22 18:30:06'),(83,7,36,21,35,5,'','memberReport.php','List Member',0,1,0,0,0,1,0,0,0,2,'2011-11-22 18:30:06'),(84,7,36,21,35,4,'','dividenReport.php','Dividen Report',0,1,0,0,0,1,0,0,0,2,'2011-11-22 18:30:06'),(85,4,27,79,35,3,'','refundLedger.php','Refund',0,1,0,0,0,1,0,0,0,2,'2011-11-22 18:30:06'),(86,19,41,86,82,1,'','businessPartnerCategory.php','Business Partner Category',0,1,0,0,0,1,0,0,0,2,'2011-11-22 18:30:06'),(87,19,42,83,83,2,'','businessPartner.php','Business Partner',0,1,0,0,0,1,0,0,0,2,'2011-11-22 18:30:06'),(88,4,16,80,35,3,'','invoiceCategory.php','Invoice Category',0,1,0,0,0,1,0,0,0,2,'2011-11-22 18:30:06'),(89,4,16,80,35,4,'','invoiceType.php','Invoice Type',0,1,0,0,0,1,0,0,0,2,'2011-11-22 18:30:06'),(90,4,16,80,35,5,'','lateInterestType.php','Late Interest Type',0,1,0,0,0,1,0,0,0,2,'2011-11-22 18:30:06'),(91,7,8,89,35,1,'','membershipType.php','Membership Type',0,1,0,0,0,1,0,0,0,2,'2011-11-22 18:30:06'),(92,3,24,10,35,4,'','generalLedgerJournalHistory.php','Journal History',0,1,0,0,0,1,0,0,0,2,'2011-11-22 18:30:06'),(93,4,27,79,35,4,'','refundHistory.php','Refund History',0,1,0,0,0,1,0,0,0,2,'2011-11-22 18:30:06'),(94,4,27,58,35,5,'','invoiceHistory.php','Invoice History',0,1,0,0,0,1,0,0,0,2,'2011-11-22 18:30:06'),(95,19,41,86,82,2,'','businessPartnerAccount.php','Business Partner Account',0,1,0,0,0,1,0,0,0,2,'2011-11-22 18:30:06'),(96,8,20,23,35,4,'','bankRenconcile.php','Bank Reconcilation',0,1,0,0,0,1,0,0,0,2,'2011-11-22 18:30:06'),(97,4,27,58,35,3,'','invoiceRecurringPosting.php','Recurring Invoice Posting',0,1,0,0,0,1,0,0,0,2,'2011-11-22 18:30:06'),(98,3,5,78,35,4,'','generalLedgerChartOfAccountType.php','Chart Of Account Type',0,1,0,0,0,1,0,0,0,2,'2011-11-22 18:30:06'),(99,3,5,78,35,5,'','generalLedgerChartOfAccountSegmentType.php','Chart Of Account Segment Type',0,1,0,0,0,1,0,0,0,2,'2011-11-22 18:30:06'),(100,3,5,78,35,6,'','generalLedgerBudgetType.php','Budget Type',0,1,0,0,0,1,0,0,0,2,'2011-11-22 18:30:06'),(101,3,5,78,35,7,'','generalLedgerForecastType.php','Forecast  Type',0,1,0,0,0,1,0,0,0,2,'2011-11-22 18:30:06'),(102,3,5,78,35,8,'','generalLedgerJournalType.php','Journal  Type',0,1,0,0,0,1,0,0,0,2,'2011-11-22 18:30:06'),(103,3,24,75,35,6,'','generalLedgerChartOfAccountAccess.php','Account Access',0,1,0,0,0,1,0,0,0,2,'2011-11-22 18:30:06'),(104,3,5,78,35,2,'','financialDuration.php','Setting Financial Period',0,1,0,0,0,1,0,0,0,2,'2011-11-22 18:30:06'),(105,4,16,80,35,2,'','voucherType.php','Voucher Type',0,1,0,0,0,1,0,0,0,2,'2011-11-22 18:30:06');
/*!40000 ALTER TABLE `leaf` ENABLE KEYS */;
UNLOCK TABLES;

--
-- Table structure for table `leafUserBookmark`
--

DROP TABLE IF EXISTS `leafUserBookmark`;
/*!40101 SET @saved_cs_client     = @@character_set_client */;
/*!40101 SET character_set_client = utf8 */;
CREATE TABLE `leafUserBookmark` (
  `leafUserId` int(11) NOT NULL AUTO_INCREMENT COMMENT 'Leaf User|',
  `leafId` int(11) NOT NULL COMMENT 'leaf|',
  `leafSequence` int(11) NOT NULL COMMENT 'Sequence|',
  `staffId` int(11) NOT NULL,
  PRIMARY KEY (`leafUserId`),
  KEY `leafId` (`leafId`),
  KEY `staffId` (`staffId`),
  CONSTRAINT `leafuserbookmark_ibfk_1` FOREIGN KEY (`staffId`) REFERENCES `staff` (`staffId`) ON DELETE CASCADE ON UPDATE CASCADE
) ENGINE=InnoDB DEFAULT CHARSET=utf8 COLLATE=utf8_unicode_ci COMMENT='This is User Predefine  long list tree grid.';
/*!40101 SET character_set_client = @saved_cs_client */;

--
-- Dumping data for table `leafUserBookmark`
--

LOCK TABLES `leafUserBookmark` WRITE;
/*!40000 ALTER TABLE `leafUserBookmark` DISABLE KEYS */;
/*!40000 ALTER TABLE `leafUserBookmark` ENABLE KEYS */;
UNLOCK TABLES;

--
-- Table structure for table `leafaccess`
--

DROP TABLE IF EXISTS `leafaccess`;
/*!40101 SET @saved_cs_client     = @@character_set_client */;
/*!40101 SET character_set_client = utf8 */;
CREATE TABLE `leafaccess` (
  `leafAccessId` int(11) NOT NULL AUTO_INCREMENT COMMENT 'Access|',
  `leafId` int(11) NOT NULL COMMENT 'Leaf|',
  `staffId` int(11) NOT NULL COMMENT 'Staff|',
  `leafAccessDraftValue` tinyint(1) NOT NULL,
  `leafAccessCreateValue` tinyint(1) NOT NULL COMMENT 'Create|',
  `leafAccessReadValue` tinyint(1) NOT NULL,
  `leafAccessUpdateValue` tinyint(1) NOT NULL,
  `leafAccessDeleteValue` tinyint(1) NOT NULL,
  `leafAccessReviewValue` tinyint(1) NOT NULL,
  `leafAccessApprovedValue` tinyint(1) NOT NULL,
  `leafAccessPostValue` tinyint(1) NOT NULL,
  `leafAccessPrintValue` tinyint(1) NOT NULL,
  PRIMARY KEY (`leafAccessId`),
  KEY `leafId` (`leafId`),
  KEY `staffId` (`staffId`)
) ENGINE=InnoDB AUTO_INCREMENT=729 DEFAULT CHARSET=utf8 COLLATE=utf8_unicode_ci;
/*!40101 SET character_set_client = @saved_cs_client */;

--
-- Dumping data for table `leafaccess`
--

LOCK TABLES `leafaccess` WRITE;
/*!40000 ALTER TABLE `leafaccess` DISABLE KEYS */;
INSERT INTO `leafaccess` VALUES (1,2,2,1,1,1,1,1,1,1,1,1),(2,2,3,1,1,1,1,1,1,1,1,1),(3,2,4,1,1,1,1,1,1,1,1,1),(4,2,5,1,1,1,1,1,1,1,1,1),(5,2,6,1,1,1,1,1,1,1,1,1),(6,2,7,1,1,1,1,1,1,1,1,1),(7,2,8,1,1,1,1,1,1,1,1,1),(8,3,2,1,1,1,1,1,1,1,1,1),(9,3,3,1,1,1,1,1,1,1,1,1),(10,3,4,1,1,1,1,1,1,1,1,1),(11,3,5,1,1,1,1,1,1,1,1,1),(12,3,6,1,1,1,1,1,1,1,1,1),(13,3,7,1,1,1,1,1,1,1,1,1),(14,3,8,1,1,1,1,1,1,1,1,1),(15,4,2,1,1,1,1,1,1,1,1,1),(16,4,3,1,1,1,1,1,1,1,1,1),(17,4,4,1,1,1,1,1,1,1,1,1),(18,4,5,1,1,1,1,1,1,1,1,1),(19,4,6,1,1,1,1,1,1,1,1,1),(20,4,7,1,1,1,1,1,1,1,1,1),(21,4,8,1,1,1,1,1,1,1,1,1),(22,5,2,1,1,1,1,1,1,1,1,1),(23,5,3,1,1,1,1,1,1,1,1,1),(24,5,4,1,1,1,1,1,1,1,1,1),(25,5,5,1,1,1,1,1,1,1,1,1),(26,5,6,1,1,1,1,1,1,1,1,1),(27,5,7,1,1,1,1,1,1,1,1,1),(28,5,8,1,1,1,1,1,1,1,1,1),(29,6,2,1,1,1,1,1,1,1,1,1),(30,6,3,1,1,1,1,1,1,1,1,1),(31,6,4,1,1,1,1,1,1,1,1,1),(32,6,5,1,1,1,1,1,1,1,1,1),(33,6,6,1,1,1,1,1,1,1,1,1),(34,6,7,1,1,1,1,1,1,1,1,1),(35,6,8,1,1,1,1,1,1,1,1,1),(36,7,2,1,1,1,1,1,1,1,1,1),(37,7,3,1,1,1,1,1,1,1,1,1),(38,7,4,1,1,1,1,1,1,1,1,1),(39,7,5,1,1,1,1,1,1,1,1,1),(40,7,6,1,1,1,1,1,1,1,1,1),(41,7,7,1,1,1,1,1,1,1,1,1),(42,7,8,1,1,1,1,1,1,1,1,1),(43,8,2,1,1,1,1,1,1,1,1,1),(44,8,3,1,1,1,1,1,1,1,1,1),(45,8,4,1,1,1,1,1,1,1,1,1),(46,8,5,1,1,1,1,1,1,1,1,1),(47,8,6,1,1,1,1,1,1,1,1,1),(48,8,7,1,1,1,1,1,1,1,1,1),(49,8,8,1,1,1,1,1,1,1,1,1),(50,9,2,1,1,1,1,1,1,1,1,1),(51,9,3,1,1,1,1,1,1,1,1,1),(52,9,4,1,1,1,1,1,1,1,1,1),(53,9,5,1,1,1,1,1,1,1,1,1),(54,9,6,1,1,1,1,1,1,1,1,1),(55,9,7,1,1,1,1,1,1,1,1,1),(56,9,8,1,1,1,1,1,1,1,1,1),(57,10,2,1,1,1,1,1,1,1,1,1),(58,10,3,1,1,1,1,1,1,1,1,1),(59,10,4,1,1,1,1,1,1,1,1,1),(60,10,5,1,1,1,1,1,1,1,1,1),(61,10,6,1,1,1,1,1,1,1,1,1),(62,10,7,1,1,1,1,1,1,1,1,1),(63,10,8,1,1,1,1,1,1,1,1,1),(64,11,2,1,1,1,1,1,1,1,1,1),(65,11,3,1,1,1,1,1,1,1,1,1),(66,11,4,1,1,1,1,1,1,1,1,1),(67,11,5,1,1,1,1,1,1,1,1,1),(68,11,6,1,1,1,1,1,1,1,1,1),(69,11,7,1,1,1,1,1,1,1,1,1),(70,11,8,1,1,1,1,1,1,1,1,1),(71,12,2,1,1,1,1,1,1,1,1,1),(72,12,3,1,1,1,1,1,1,1,1,1),(73,12,4,1,1,1,1,1,1,1,1,1),(74,12,5,1,1,1,1,1,1,1,1,1),(75,12,6,1,1,1,1,1,1,1,1,1),(76,12,7,1,1,1,1,1,1,1,1,1),(77,12,8,1,1,1,1,1,1,1,1,1),(78,13,2,1,1,1,1,1,1,1,1,1),(79,13,3,1,1,1,1,1,1,1,1,1),(80,13,4,1,1,1,1,1,1,1,1,1),(81,13,5,1,1,1,1,1,1,1,1,1),(82,13,6,1,1,1,1,1,1,1,1,1),(83,13,7,1,1,1,1,1,1,1,1,1),(84,13,8,1,1,1,1,1,1,1,1,1),(85,14,2,1,1,1,1,1,1,1,1,1),(86,14,3,1,1,1,1,1,1,1,1,1),(87,14,4,1,1,1,1,1,1,1,1,1),(88,14,5,1,1,1,1,1,1,1,1,1),(89,14,6,1,1,1,1,1,1,1,1,1),(90,14,7,1,1,1,1,1,1,1,1,1),(91,14,8,1,1,1,1,1,1,1,1,1),(92,15,2,1,1,1,1,1,1,1,1,1),(93,15,3,1,1,1,1,1,1,1,1,1),(94,15,4,1,1,1,1,1,1,1,1,1),(95,15,5,1,1,1,1,1,1,1,1,1),(96,15,6,1,1,1,1,1,1,1,1,1),(97,15,7,1,1,1,1,1,1,1,1,1),(98,15,8,1,1,1,1,1,1,1,1,1),(99,16,2,1,1,1,1,1,1,1,1,1),(100,16,3,1,1,1,1,1,1,1,1,1),(101,16,4,1,1,1,1,1,1,1,1,1),(102,16,5,1,1,1,1,1,1,1,1,1),(103,16,6,1,1,1,1,1,1,1,1,1),(104,16,7,1,1,1,1,1,1,1,1,1),(105,16,8,1,1,1,1,1,1,1,1,1),(106,17,2,1,1,1,1,1,1,1,1,1),(107,17,3,1,1,1,1,1,1,1,1,1),(108,17,4,1,1,1,1,1,1,1,1,1),(109,17,5,1,1,1,1,1,1,1,1,1),(110,17,6,1,1,1,1,1,1,1,1,1),(111,17,7,1,1,1,1,1,1,1,1,1),(112,17,8,1,1,1,1,1,1,1,1,1),(113,18,2,1,1,1,1,1,1,1,1,1),(114,18,3,1,1,1,1,1,1,1,1,1),(115,18,4,1,1,1,1,1,1,1,1,1),(116,18,5,1,1,1,1,1,1,1,1,1),(117,18,6,1,1,1,1,1,1,1,1,1),(118,18,7,1,1,1,1,1,1,1,1,1),(119,18,8,1,1,1,1,1,1,1,1,1),(120,19,2,1,1,1,1,1,1,1,1,1),(121,19,3,1,1,1,1,1,1,1,1,1),(122,19,4,1,1,1,1,1,1,1,1,1),(123,19,5,1,1,1,1,1,1,1,1,1),(124,19,6,1,1,1,1,1,1,1,1,1),(125,19,7,1,1,1,1,1,1,1,1,1),(126,19,8,1,1,1,1,1,1,1,1,1),(127,20,2,1,1,1,1,1,1,1,1,1),(128,20,3,1,1,1,1,1,1,1,1,1),(129,20,4,1,1,1,1,1,1,1,1,1),(130,20,5,1,1,1,1,1,1,1,1,1),(131,20,6,1,1,1,1,1,1,1,1,1),(132,20,7,1,1,1,1,1,1,1,1,1),(133,20,8,1,1,1,1,1,1,1,1,1),(134,21,2,1,1,1,1,1,1,1,1,1),(135,21,3,1,1,1,1,1,1,1,1,1),(136,21,4,1,1,1,1,1,1,1,1,1),(137,21,5,1,1,1,1,1,1,1,1,1),(138,21,6,1,1,1,1,1,1,1,1,1),(139,21,7,1,1,1,1,1,1,1,1,1),(140,21,8,1,1,1,1,1,1,1,1,1),(141,22,2,1,1,1,1,1,1,1,1,1),(142,22,3,1,1,1,1,1,1,1,1,1),(143,22,4,1,1,1,1,1,1,1,1,1),(144,22,5,1,1,1,1,1,1,1,1,1),(145,22,6,1,1,1,1,1,1,1,1,1),(146,22,7,1,1,1,1,1,1,1,1,1),(147,22,8,1,1,1,1,1,1,1,1,1),(148,23,2,1,1,1,1,1,1,1,1,1),(149,23,3,1,1,1,1,1,1,1,1,1),(150,23,4,1,1,1,1,1,1,1,1,1),(151,23,5,1,1,1,1,1,1,1,1,1),(152,23,6,1,1,1,1,1,1,1,1,1),(153,23,7,1,1,1,1,1,1,1,1,1),(154,23,8,1,1,1,1,1,1,1,1,1),(155,24,2,1,1,1,1,1,1,1,1,1),(156,24,3,1,1,1,1,1,1,1,1,1),(157,24,4,1,1,1,1,1,1,1,1,1),(158,24,5,1,1,1,1,1,1,1,1,1),(159,24,6,1,1,1,1,1,1,1,1,1),(160,24,7,1,1,1,1,1,1,1,1,1),(161,24,8,1,1,1,1,1,1,1,1,1),(162,25,2,1,1,1,1,1,1,1,1,1),(163,25,3,1,1,1,1,1,1,1,1,1),(164,25,4,1,1,1,1,1,1,1,1,1),(165,25,5,1,1,1,1,1,1,1,1,1),(166,25,6,1,1,1,1,1,1,1,1,1),(167,25,7,1,1,1,1,1,1,1,1,1),(168,25,8,1,1,1,1,1,1,1,1,1),(169,26,2,1,1,1,1,1,1,1,1,1),(170,26,3,1,1,1,1,1,1,1,1,1),(171,26,4,1,1,1,1,1,1,1,1,1),(172,26,5,1,1,1,1,1,1,1,1,1),(173,26,6,1,1,1,1,1,1,1,1,1),(174,26,7,1,1,1,1,1,1,1,1,1),(175,26,8,1,1,1,1,1,1,1,1,1),(176,27,2,1,1,1,1,1,1,1,1,1),(177,27,3,1,1,1,1,1,1,1,1,1),(178,27,4,1,1,1,1,1,1,1,1,1),(179,27,5,1,1,1,1,1,1,1,1,1),(180,27,6,1,1,1,1,1,1,1,1,1),(181,27,7,1,1,1,1,1,1,1,1,1),(182,27,8,1,1,1,1,1,1,1,1,1),(183,28,2,1,1,1,1,1,1,1,1,1),(184,28,3,1,1,1,1,1,1,1,1,1),(185,28,4,1,1,1,1,1,1,1,1,1),(186,28,5,1,1,1,1,1,1,1,1,1),(187,28,6,1,1,1,1,1,1,1,1,1),(188,28,7,1,1,1,1,1,1,1,1,1),(189,28,8,1,1,1,1,1,1,1,1,1),(190,29,2,1,1,1,1,1,1,1,1,1),(191,29,3,1,1,1,1,1,1,1,1,1),(192,29,4,1,1,1,1,1,1,1,1,1),(193,29,5,1,1,1,1,1,1,1,1,1),(194,29,6,1,1,1,1,1,1,1,1,1),(195,29,7,1,1,1,1,1,1,1,1,1),(196,29,8,1,1,1,1,1,1,1,1,1),(197,30,2,1,1,1,1,1,1,1,1,1),(198,30,3,1,1,1,1,1,1,1,1,1),(199,30,4,1,1,1,1,1,1,1,1,1),(200,30,5,1,1,1,1,1,1,1,1,1),(201,30,6,1,1,1,1,1,1,1,1,1),(202,30,7,1,1,1,1,1,1,1,1,1),(203,30,8,1,1,1,1,1,1,1,1,1),(204,31,2,1,1,1,1,1,1,1,1,1),(205,31,3,1,1,1,1,1,1,1,1,1),(206,31,4,1,1,1,1,1,1,1,1,1),(207,31,5,1,1,1,1,1,1,1,1,1),(208,31,6,1,1,1,1,1,1,1,1,1),(209,31,7,1,1,1,1,1,1,1,1,1),(210,31,8,1,1,1,1,1,1,1,1,1),(211,32,2,1,1,1,1,1,1,1,1,1),(212,32,3,1,1,1,1,1,1,1,1,1),(213,32,4,1,1,1,1,1,1,1,1,1),(214,32,5,1,1,1,1,1,1,1,1,1),(215,32,6,1,1,1,1,1,1,1,1,1),(216,32,7,1,1,1,1,1,1,1,1,1),(217,32,8,1,1,1,1,1,1,1,1,1),(218,33,2,1,1,1,1,1,1,1,1,1),(219,33,3,1,1,1,1,1,1,1,1,1),(220,33,4,1,1,1,1,1,1,1,1,1),(221,33,5,1,1,1,1,1,1,1,1,1),(222,33,6,1,1,1,1,1,1,1,1,1),(223,33,7,1,1,1,1,1,1,1,1,1),(224,33,8,1,1,1,1,1,1,1,1,1),(225,34,2,1,1,1,1,1,1,1,1,1),(226,34,3,1,1,1,1,1,1,1,1,1),(227,34,4,1,1,1,1,1,1,1,1,1),(228,34,5,1,1,1,1,1,1,1,1,1),(229,34,6,1,1,1,1,1,1,1,1,1),(230,34,7,1,1,1,1,1,1,1,1,1),(231,34,8,1,1,1,1,1,1,1,1,1),(232,35,2,1,1,1,1,1,1,1,1,1),(233,35,3,1,1,1,1,1,1,1,1,1),(234,35,4,1,1,1,1,1,1,1,1,1),(235,35,5,1,1,1,1,1,1,1,1,1),(236,35,6,1,1,1,1,1,1,1,1,1),(237,35,7,1,1,1,1,1,1,1,1,1),(238,35,8,1,1,1,1,1,1,1,1,1),(239,36,2,1,1,1,1,1,1,1,1,1),(240,36,3,1,1,1,1,1,1,1,1,1),(241,36,4,1,1,1,1,1,1,1,1,1),(242,36,5,1,1,1,1,1,1,1,1,1),(243,36,6,1,1,1,1,1,1,1,1,1),(244,36,7,1,1,1,1,1,1,1,1,1),(245,36,8,1,1,1,1,1,1,1,1,1),(246,37,2,1,1,1,1,1,1,1,1,1),(247,37,3,1,1,1,1,1,1,1,1,1),(248,37,4,1,1,1,1,1,1,1,1,1),(249,37,5,1,1,1,1,1,1,1,1,1),(250,37,6,1,1,1,1,1,1,1,1,1),(251,37,7,1,1,1,1,1,1,1,1,1),(252,37,8,1,1,1,1,1,1,1,1,1),(253,38,2,1,1,1,1,1,1,1,1,1),(254,38,3,1,1,1,1,1,1,1,1,1),(255,38,4,1,1,1,1,1,1,1,1,1),(256,38,5,1,1,1,1,1,1,1,1,1),(257,38,6,1,1,1,1,1,1,1,1,1),(258,38,7,1,1,1,1,1,1,1,1,1),(259,38,8,1,1,1,1,1,1,1,1,1),(260,39,2,1,1,1,1,1,1,1,1,1),(261,39,3,1,1,1,1,1,1,1,1,1),(262,39,4,1,1,1,1,1,1,1,1,1),(263,39,5,1,1,1,1,1,1,1,1,1),(264,39,6,1,1,1,1,1,1,1,1,1),(265,39,7,1,1,1,1,1,1,1,1,1),(266,39,8,1,1,1,1,1,1,1,1,1),(267,40,2,1,1,1,1,1,1,1,1,1),(268,40,3,1,1,1,1,1,1,1,1,1),(269,40,4,1,1,1,1,1,1,1,1,1),(270,40,5,1,1,1,1,1,1,1,1,1),(271,40,6,1,1,1,1,1,1,1,1,1),(272,40,7,1,1,1,1,1,1,1,1,1),(273,40,8,1,1,1,1,1,1,1,1,1),(274,41,2,1,1,1,1,1,1,1,1,1),(275,41,3,1,1,1,1,1,1,1,1,1),(276,41,4,1,1,1,1,1,1,1,1,1),(277,41,5,1,1,1,1,1,1,1,1,1),(278,41,6,1,1,1,1,1,1,1,1,1),(279,41,7,1,1,1,1,1,1,1,1,1),(280,41,8,1,1,1,1,1,1,1,1,1),(281,42,2,1,1,1,1,1,1,1,1,1),(282,42,3,1,1,1,1,1,1,1,1,1),(283,42,4,1,1,1,1,1,1,1,1,1),(284,42,5,1,1,1,1,1,1,1,1,1),(285,42,6,1,1,1,1,1,1,1,1,1),(286,42,7,1,1,1,1,1,1,1,1,1),(287,42,8,1,1,1,1,1,1,1,1,1),(288,43,2,1,1,1,1,1,1,1,1,1),(289,43,3,1,1,1,1,1,1,1,1,1),(290,43,4,1,1,1,1,1,1,1,1,1),(291,43,5,1,1,1,1,1,1,1,1,1),(292,43,6,1,1,1,1,1,1,1,1,1),(293,43,7,1,1,1,1,1,1,1,1,1),(294,43,8,1,1,1,1,1,1,1,1,1),(295,44,2,1,1,1,1,1,1,1,1,1),(296,44,3,1,1,1,1,1,1,1,1,1),(297,44,4,1,1,1,1,1,1,1,1,1),(298,44,5,1,1,1,1,1,1,1,1,1),(299,44,6,1,1,1,1,1,1,1,1,1),(300,44,7,1,1,1,1,1,1,1,1,1),(301,44,8,1,1,1,1,1,1,1,1,1),(302,45,2,1,1,1,1,1,1,1,1,1),(303,45,3,1,1,1,1,1,1,1,1,1),(304,45,4,1,1,1,1,1,1,1,1,1),(305,45,5,1,1,1,1,1,1,1,1,1),(306,45,6,1,1,1,1,1,1,1,1,1),(307,45,7,1,1,1,1,1,1,1,1,1),(308,45,8,1,1,1,1,1,1,1,1,1),(309,46,2,1,1,1,1,1,1,1,1,1),(310,46,3,1,1,1,1,1,1,1,1,1),(311,46,4,1,1,1,1,1,1,1,1,1),(312,46,5,1,1,1,1,1,1,1,1,1),(313,46,6,1,1,1,1,1,1,1,1,1),(314,46,7,1,1,1,1,1,1,1,1,1),(315,46,8,1,1,1,1,1,1,1,1,1),(316,47,2,1,1,1,1,1,1,1,1,1),(317,47,3,1,1,1,1,1,1,1,1,1),(318,47,4,1,1,1,1,1,1,1,1,1),(319,47,5,1,1,1,1,1,1,1,1,1),(320,47,6,1,1,1,1,1,1,1,1,1),(321,47,7,1,1,1,1,1,1,1,1,1),(322,47,8,1,1,1,1,1,1,1,1,1),(323,48,2,1,1,1,1,1,1,1,1,1),(324,48,3,1,1,1,1,1,1,1,1,1),(325,48,4,1,1,1,1,1,1,1,1,1),(326,48,5,1,1,1,1,1,1,1,1,1),(327,48,6,1,1,1,1,1,1,1,1,1),(328,48,7,1,1,1,1,1,1,1,1,1),(329,48,8,1,1,1,1,1,1,1,1,1),(330,49,2,1,1,1,1,1,1,1,1,1),(331,49,3,1,1,1,1,1,1,1,1,1),(332,49,4,1,1,1,1,1,1,1,1,1),(333,49,5,1,1,1,1,1,1,1,1,1),(334,49,6,1,1,1,1,1,1,1,1,1),(335,49,7,1,1,1,1,1,1,1,1,1),(336,49,8,1,1,1,1,1,1,1,1,1),(337,50,2,1,1,1,1,1,1,1,1,1),(338,50,3,1,1,1,1,1,1,1,1,1),(339,50,4,1,1,1,1,1,1,1,1,1),(340,50,5,1,1,1,1,1,1,1,1,1),(341,50,6,1,1,1,1,1,1,1,1,1),(342,50,7,1,1,1,1,1,1,1,1,1),(343,50,8,1,1,1,1,1,1,1,1,1),(344,51,2,1,1,1,1,1,1,1,1,1),(345,51,3,1,1,1,1,1,1,1,1,1),(346,51,4,1,1,1,1,1,1,1,1,1),(347,51,5,1,1,1,1,1,1,1,1,1),(348,51,6,1,1,1,1,1,1,1,1,1),(349,51,7,1,1,1,1,1,1,1,1,1),(350,51,8,1,1,1,1,1,1,1,1,1),(351,52,2,1,1,1,1,1,1,1,1,1),(352,52,3,1,1,1,1,1,1,1,1,1),(353,52,4,1,1,1,1,1,1,1,1,1),(354,52,5,1,1,1,1,1,1,1,1,1),(355,52,6,1,1,1,1,1,1,1,1,1),(356,52,7,1,1,1,1,1,1,1,1,1),(357,52,8,1,1,1,1,1,1,1,1,1),(358,53,2,1,1,1,1,1,1,1,1,1),(359,53,3,1,1,1,1,1,1,1,1,1),(360,53,4,1,1,1,1,1,1,1,1,1),(361,53,5,1,1,1,1,1,1,1,1,1),(362,53,6,1,1,1,1,1,1,1,1,1),(363,53,7,1,1,1,1,1,1,1,1,1),(364,53,8,1,1,1,1,1,1,1,1,1),(365,54,2,1,1,1,1,1,1,1,1,1),(366,54,3,1,1,1,1,1,1,1,1,1),(367,54,4,1,1,1,1,1,1,1,1,1),(368,54,5,1,1,1,1,1,1,1,1,1),(369,54,6,1,1,1,1,1,1,1,1,1),(370,54,7,1,1,1,1,1,1,1,1,1),(371,54,8,1,1,1,1,1,1,1,1,1),(372,55,2,1,1,1,1,1,1,1,1,1),(373,55,3,1,1,1,1,1,1,1,1,1),(374,55,4,1,1,1,1,1,1,1,1,1),(375,55,5,1,1,1,1,1,1,1,1,1),(376,55,6,1,1,1,1,1,1,1,1,1),(377,55,7,1,1,1,1,1,1,1,1,1),(378,55,8,1,1,1,1,1,1,1,1,1),(379,56,2,1,1,1,1,1,1,1,1,1),(380,56,3,1,1,1,1,1,1,1,1,1),(381,56,4,1,1,1,1,1,1,1,1,1),(382,56,5,1,1,1,1,1,1,1,1,1),(383,56,6,1,1,1,1,1,1,1,1,1),(384,56,7,1,1,1,1,1,1,1,1,1),(385,56,8,1,1,1,1,1,1,1,1,1),(386,57,2,1,1,1,1,1,1,1,1,1),(387,57,3,1,1,1,1,1,1,1,1,1),(388,57,4,1,1,1,1,1,1,1,1,1),(389,57,5,1,1,1,1,1,1,1,1,1),(390,57,6,1,1,1,1,1,1,1,1,1),(391,57,7,1,1,1,1,1,1,1,1,1),(392,57,8,1,1,1,1,1,1,1,1,1),(393,58,2,1,1,1,1,1,1,1,1,1),(394,58,3,1,1,1,1,1,1,1,1,1),(395,58,4,1,1,1,1,1,1,1,1,1),(396,58,5,1,1,1,1,1,1,1,1,1),(397,58,6,1,1,1,1,1,1,1,1,1),(398,58,7,1,1,1,1,1,1,1,1,1),(399,58,8,1,1,1,1,1,1,1,1,1),(400,59,2,1,1,1,1,1,1,1,1,1),(401,59,3,1,1,1,1,1,1,1,1,1),(402,59,4,1,1,1,1,1,1,1,1,1),(403,59,5,1,1,1,1,1,1,1,1,1),(404,59,6,1,1,1,1,1,1,1,1,1),(405,59,7,1,1,1,1,1,1,1,1,1),(406,59,8,1,1,1,1,1,1,1,1,1),(407,60,2,1,1,1,1,1,1,1,1,1),(408,60,3,1,1,1,1,1,1,1,1,1),(409,60,4,1,1,1,1,1,1,1,1,1),(410,60,5,1,1,1,1,1,1,1,1,1),(411,60,6,1,1,1,1,1,1,1,1,1),(412,60,7,1,1,1,1,1,1,1,1,1),(413,60,8,1,1,1,1,1,1,1,1,1),(414,61,2,1,1,1,1,1,1,1,1,1),(415,61,3,1,1,1,1,1,1,1,1,1),(416,61,4,1,1,1,1,1,1,1,1,1),(417,61,5,1,1,1,1,1,1,1,1,1),(418,61,6,1,1,1,1,1,1,1,1,1),(419,61,7,1,1,1,1,1,1,1,1,1),(420,61,8,1,1,1,1,1,1,1,1,1),(421,62,2,1,1,1,1,1,1,1,1,1),(422,62,3,1,1,1,1,1,1,1,1,1),(423,62,4,1,1,1,1,1,1,1,1,1),(424,62,5,1,1,1,1,1,1,1,1,1),(425,62,6,1,1,1,1,1,1,1,1,1),(426,62,7,1,1,1,1,1,1,1,1,1),(427,62,8,1,1,1,1,1,1,1,1,1),(428,63,2,1,1,1,1,1,1,1,1,1),(429,63,3,1,1,1,1,1,1,1,1,1),(430,63,4,1,1,1,1,1,1,1,1,1),(431,63,5,1,1,1,1,1,1,1,1,1),(432,63,6,1,1,1,1,1,1,1,1,1),(433,63,7,1,1,1,1,1,1,1,1,1),(434,63,8,1,1,1,1,1,1,1,1,1),(435,64,2,1,1,1,1,1,1,1,1,1),(436,64,3,1,1,1,1,1,1,1,1,1),(437,64,4,1,1,1,1,1,1,1,1,1),(438,64,5,1,1,1,1,1,1,1,1,1),(439,64,6,1,1,1,1,1,1,1,1,1),(440,64,7,1,1,1,1,1,1,1,1,1),(441,64,8,1,1,1,1,1,1,1,1,1),(442,65,2,1,1,1,1,1,1,1,1,1),(443,65,3,1,1,1,1,1,1,1,1,1),(444,65,4,1,1,1,1,1,1,1,1,1),(445,65,5,1,1,1,1,1,1,1,1,1),(446,65,6,1,1,1,1,1,1,1,1,1),(447,65,7,1,1,1,1,1,1,1,1,1),(448,65,8,1,1,1,1,1,1,1,1,1),(449,66,2,1,1,1,1,1,1,1,1,1),(450,66,3,1,1,1,1,1,1,1,1,1),(451,66,4,1,1,1,1,1,1,1,1,1),(452,66,5,1,1,1,1,1,1,1,1,1),(453,66,6,1,1,1,1,1,1,1,1,1),(454,66,7,1,1,1,1,1,1,1,1,1),(455,66,8,1,1,1,1,1,1,1,1,1),(456,67,2,1,1,1,1,1,1,1,1,1),(457,67,3,1,1,1,1,1,1,1,1,1),(458,67,4,1,1,1,1,1,1,1,1,1),(459,67,5,1,1,1,1,1,1,1,1,1),(460,67,6,1,1,1,1,1,1,1,1,1),(461,67,7,1,1,1,1,1,1,1,1,1),(462,67,8,1,1,1,1,1,1,1,1,1),(463,68,2,1,1,1,1,1,1,1,1,1),(464,68,3,1,1,1,1,1,1,1,1,1),(465,68,4,1,1,1,1,1,1,1,1,1),(466,68,5,1,1,1,1,1,1,1,1,1),(467,68,6,1,1,1,1,1,1,1,1,1),(468,68,7,1,1,1,1,1,1,1,1,1),(469,68,8,1,1,1,1,1,1,1,1,1),(470,69,2,1,1,1,1,1,1,1,1,1),(471,69,3,1,1,1,1,1,1,1,1,1),(472,69,4,1,1,1,1,1,1,1,1,1),(473,69,5,1,1,1,1,1,1,1,1,1),(474,69,6,1,1,1,1,1,1,1,1,1),(475,69,7,1,1,1,1,1,1,1,1,1),(476,69,8,1,1,1,1,1,1,1,1,1),(477,70,2,1,1,1,1,1,1,1,1,1),(478,70,3,1,1,1,1,1,1,1,1,1),(479,70,4,1,1,1,1,1,1,1,1,1),(480,70,5,1,1,1,1,1,1,1,1,1),(481,70,6,1,1,1,1,1,1,1,1,1),(482,70,7,1,1,1,1,1,1,1,1,1),(483,70,8,1,1,1,1,1,1,1,1,1),(484,71,2,1,1,1,1,1,1,1,1,1),(485,71,3,1,1,1,1,1,1,1,1,1),(486,71,4,1,1,1,1,1,1,1,1,1),(487,71,5,1,1,1,1,1,1,1,1,1),(488,71,6,1,1,1,1,1,1,1,1,1),(489,71,7,1,1,1,1,1,1,1,1,1),(490,71,8,1,1,1,1,1,1,1,1,1),(491,72,2,1,1,1,1,1,1,1,1,1),(492,72,3,1,1,1,1,1,1,1,1,1),(493,72,4,1,1,1,1,1,1,1,1,1),(494,72,5,1,1,1,1,1,1,1,1,1),(495,72,6,1,1,1,1,1,1,1,1,1),(496,72,7,1,1,1,1,1,1,1,1,1),(497,72,8,1,1,1,1,1,1,1,1,1),(498,73,2,1,1,1,1,1,1,1,1,1),(499,73,3,1,1,1,1,1,1,1,1,1),(500,73,4,1,1,1,1,1,1,1,1,1),(501,73,5,1,1,1,1,1,1,1,1,1),(502,73,6,1,1,1,1,1,1,1,1,1),(503,73,7,1,1,1,1,1,1,1,1,1),(504,73,8,1,1,1,1,1,1,1,1,1),(505,74,2,1,1,1,1,1,1,1,1,1),(506,74,3,1,1,1,1,1,1,1,1,1),(507,74,4,1,1,1,1,1,1,1,1,1),(508,74,5,1,1,1,1,1,1,1,1,1),(509,74,6,1,1,1,1,1,1,1,1,1),(510,74,7,1,1,1,1,1,1,1,1,1),(511,74,8,1,1,1,1,1,1,1,1,1),(512,75,2,1,1,1,1,1,1,1,1,1),(513,75,3,1,1,1,1,1,1,1,1,1),(514,75,4,1,1,1,1,1,1,1,1,1),(515,75,5,1,1,1,1,1,1,1,1,1),(516,75,6,1,1,1,1,1,1,1,1,1),(517,75,7,1,1,1,1,1,1,1,1,1),(518,75,8,1,1,1,1,1,1,1,1,1),(519,76,2,1,1,1,1,1,1,1,1,1),(520,76,3,1,1,1,1,1,1,1,1,1),(521,76,4,1,1,1,1,1,1,1,1,1),(522,76,5,1,1,1,1,1,1,1,1,1),(523,76,6,1,1,1,1,1,1,1,1,1),(524,76,7,1,1,1,1,1,1,1,1,1),(525,76,8,1,1,1,1,1,1,1,1,1),(526,77,2,1,1,1,1,1,1,1,1,1),(527,77,3,1,1,1,1,1,1,1,1,1),(528,77,4,1,1,1,1,1,1,1,1,1),(529,77,5,1,1,1,1,1,1,1,1,1),(530,77,6,1,1,1,1,1,1,1,1,1),(531,77,7,1,1,1,1,1,1,1,1,1),(532,77,8,1,1,1,1,1,1,1,1,1),(533,78,2,1,1,1,1,1,1,1,1,1),(534,78,3,1,1,1,1,1,1,1,1,1),(535,78,4,1,1,1,1,1,1,1,1,1),(536,78,5,1,1,1,1,1,1,1,1,1),(537,78,6,1,1,1,1,1,1,1,1,1),(538,78,7,1,1,1,1,1,1,1,1,1),(539,78,8,1,1,1,1,1,1,1,1,1),(540,79,2,1,1,1,1,1,1,1,1,1),(541,79,3,1,1,1,1,1,1,1,1,1),(542,79,4,1,1,1,1,1,1,1,1,1),(543,79,5,1,1,1,1,1,1,1,1,1),(544,79,6,1,1,1,1,1,1,1,1,1),(545,79,7,1,1,1,1,1,1,1,1,1),(546,79,8,1,1,1,1,1,1,1,1,1),(547,80,2,1,1,1,1,1,1,1,1,1),(548,80,3,1,1,1,1,1,1,1,1,1),(549,80,4,1,1,1,1,1,1,1,1,1),(550,80,5,1,1,1,1,1,1,1,1,1),(551,80,6,1,1,1,1,1,1,1,1,1),(552,80,7,1,1,1,1,1,1,1,1,1),(553,80,8,1,1,1,1,1,1,1,1,1),(554,81,2,1,1,1,1,1,1,1,1,1),(555,81,3,1,1,1,1,1,1,1,1,1),(556,81,4,1,1,1,1,1,1,1,1,1),(557,81,5,1,1,1,1,1,1,1,1,1),(558,81,6,1,1,1,1,1,1,1,1,1),(559,81,7,1,1,1,1,1,1,1,1,1),(560,81,8,1,1,1,1,1,1,1,1,1),(561,82,2,1,1,1,1,1,1,1,1,1),(562,82,3,1,1,1,1,1,1,1,1,1),(563,82,4,1,1,1,1,1,1,1,1,1),(564,82,5,1,1,1,1,1,1,1,1,1),(565,82,6,1,1,1,1,1,1,1,1,1),(566,82,7,1,1,1,1,1,1,1,1,1),(567,82,8,1,1,1,1,1,1,1,1,1),(568,83,2,1,1,1,1,1,1,1,1,1),(569,83,3,1,1,1,1,1,1,1,1,1),(570,83,4,1,1,1,1,1,1,1,1,1),(571,83,5,1,1,1,1,1,1,1,1,1),(572,83,6,1,1,1,1,1,1,1,1,1),(573,83,7,1,1,1,1,1,1,1,1,1),(574,83,8,1,1,1,1,1,1,1,1,1),(575,84,2,1,1,1,1,1,1,1,1,1),(576,84,3,1,1,1,1,1,1,1,1,1),(577,84,4,1,1,1,1,1,1,1,1,1),(578,84,5,1,1,1,1,1,1,1,1,1),(579,84,6,1,1,1,1,1,1,1,1,1),(580,84,7,1,1,1,1,1,1,1,1,1),(581,84,8,1,1,1,1,1,1,1,1,1),(582,85,2,1,1,1,1,1,1,1,1,1),(583,85,3,1,1,1,1,1,1,1,1,1),(584,85,4,1,1,1,1,1,1,1,1,1),(585,85,5,1,1,1,1,1,1,1,1,1),(586,85,6,1,1,1,1,1,1,1,1,1),(587,85,7,1,1,1,1,1,1,1,1,1),(588,85,8,1,1,1,1,1,1,1,1,1),(589,86,2,1,1,1,1,1,1,1,1,1),(590,86,3,1,1,1,1,1,1,1,1,1),(591,86,4,1,1,1,1,1,1,1,1,1),(592,86,5,1,1,1,1,1,1,1,1,1),(593,86,6,1,1,1,1,1,1,1,1,1),(594,86,7,1,1,1,1,1,1,1,1,1),(595,86,8,1,1,1,1,1,1,1,1,1),(596,87,2,1,1,1,1,1,1,1,1,1),(597,87,3,1,1,1,1,1,1,1,1,1),(598,87,4,1,1,1,1,1,1,1,1,1),(599,87,5,1,1,1,1,1,1,1,1,1),(600,87,6,1,1,1,1,1,1,1,1,1),(601,87,7,1,1,1,1,1,1,1,1,1),(602,87,8,1,1,1,1,1,1,1,1,1),(603,88,2,1,1,1,1,1,1,1,1,1),(604,88,3,1,1,1,1,1,1,1,1,1),(605,88,4,1,1,1,1,1,1,1,1,1),(606,88,5,1,1,1,1,1,1,1,1,1),(607,88,6,1,1,1,1,1,1,1,1,1),(608,88,7,1,1,1,1,1,1,1,1,1),(609,88,8,1,1,1,1,1,1,1,1,1),(610,89,2,1,1,1,1,1,1,1,1,1),(611,89,3,1,1,1,1,1,1,1,1,1),(612,89,4,1,1,1,1,1,1,1,1,1),(613,89,5,1,1,1,1,1,1,1,1,1),(614,89,6,1,1,1,1,1,1,1,1,1),(615,89,7,1,1,1,1,1,1,1,1,1),(616,89,8,1,1,1,1,1,1,1,1,1),(617,90,2,1,1,1,1,1,1,1,1,1),(618,90,3,1,1,1,1,1,1,1,1,1),(619,90,4,1,1,1,1,1,1,1,1,1),(620,90,5,1,1,1,1,1,1,1,1,1),(621,90,6,1,1,1,1,1,1,1,1,1),(622,90,7,1,1,1,1,1,1,1,1,1),(623,90,8,1,1,1,1,1,1,1,1,1),(624,91,2,1,1,1,1,1,1,1,1,1),(625,91,3,1,1,1,1,1,1,1,1,1),(626,91,4,1,1,1,1,1,1,1,1,1),(627,91,5,1,1,1,1,1,1,1,1,1),(628,91,6,1,1,1,1,1,1,1,1,1),(629,91,7,1,1,1,1,1,1,1,1,1),(630,91,8,1,1,1,1,1,1,1,1,1),(631,92,2,1,1,1,1,1,1,1,1,1),(632,92,3,1,1,1,1,1,1,1,1,1),(633,92,4,1,1,1,1,1,1,1,1,1),(634,92,5,1,1,1,1,1,1,1,1,1),(635,92,6,1,1,1,1,1,1,1,1,1),(636,92,7,1,1,1,1,1,1,1,1,1),(637,92,8,1,1,1,1,1,1,1,1,1),(638,93,2,1,1,1,1,1,1,1,1,1),(639,93,3,1,1,1,1,1,1,1,1,1),(640,93,4,1,1,1,1,1,1,1,1,1),(641,93,5,1,1,1,1,1,1,1,1,1),(642,93,6,1,1,1,1,1,1,1,1,1),(643,93,7,1,1,1,1,1,1,1,1,1),(644,93,8,1,1,1,1,1,1,1,1,1),(645,94,2,1,1,1,1,1,1,1,1,1),(646,94,3,1,1,1,1,1,1,1,1,1),(647,94,4,1,1,1,1,1,1,1,1,1),(648,94,5,1,1,1,1,1,1,1,1,1),(649,94,6,1,1,1,1,1,1,1,1,1),(650,94,7,1,1,1,1,1,1,1,1,1),(651,94,8,1,1,1,1,1,1,1,1,1),(652,95,2,1,1,1,1,1,1,1,1,1),(653,95,3,1,1,1,1,1,1,1,1,1),(654,95,4,1,1,1,1,1,1,1,1,1),(655,95,5,1,1,1,1,1,1,1,1,1),(656,95,6,1,1,1,1,1,1,1,1,1),(657,95,7,1,1,1,1,1,1,1,1,1),(658,95,8,1,1,1,1,1,1,1,1,1),(659,96,2,1,1,1,1,1,1,1,1,1),(660,96,3,1,1,1,1,1,1,1,1,1),(661,96,4,1,1,1,1,1,1,1,1,1),(662,96,5,1,1,1,1,1,1,1,1,1),(663,96,6,1,1,1,1,1,1,1,1,1),(664,96,7,1,1,1,1,1,1,1,1,1),(665,96,8,1,1,1,1,1,1,1,1,1),(666,97,2,1,1,1,1,1,1,1,1,1),(667,97,3,1,1,1,1,1,1,1,1,1),(668,97,4,1,1,1,1,1,1,1,1,1),(669,97,5,1,1,1,1,1,1,1,1,1),(670,97,6,1,1,1,1,1,1,1,1,1),(671,97,7,1,1,1,1,1,1,1,1,1),(672,97,8,1,1,1,1,1,1,1,1,1),(673,98,2,1,1,1,1,1,1,1,1,1),(674,98,3,1,1,1,1,1,1,1,1,1),(675,98,4,1,1,1,1,1,1,1,1,1),(676,98,5,1,1,1,1,1,1,1,1,1),(677,98,6,1,1,1,1,1,1,1,1,1),(678,98,7,1,1,1,1,1,1,1,1,1),(679,98,8,1,1,1,1,1,1,1,1,1),(680,99,2,1,1,1,1,1,1,1,1,1),(681,99,3,1,1,1,1,1,1,1,1,1),(682,99,4,1,1,1,1,1,1,1,1,1),(683,99,5,1,1,1,1,1,1,1,1,1),(684,99,6,1,1,1,1,1,1,1,1,1),(685,99,7,1,1,1,1,1,1,1,1,1),(686,99,8,1,1,1,1,1,1,1,1,1),(687,100,2,1,1,1,1,1,1,1,1,1),(688,100,3,1,1,1,1,1,1,1,1,1),(689,100,4,1,1,1,1,1,1,1,1,1),(690,100,5,1,1,1,1,1,1,1,1,1),(691,100,6,1,1,1,1,1,1,1,1,1),(692,100,7,1,1,1,1,1,1,1,1,1),(693,100,8,1,1,1,1,1,1,1,1,1),(694,101,2,1,1,1,1,1,1,1,1,1),(695,101,3,1,1,1,1,1,1,1,1,1),(696,101,4,1,1,1,1,1,1,1,1,1),(697,101,5,1,1,1,1,1,1,1,1,1),(698,101,6,1,1,1,1,1,1,1,1,1),(699,101,7,1,1,1,1,1,1,1,1,1),(700,101,8,1,1,1,1,1,1,1,1,1),(701,102,2,1,1,1,1,1,1,1,1,1),(702,102,3,1,1,1,1,1,1,1,1,1),(703,102,4,1,1,1,1,1,1,1,1,1),(704,102,5,1,1,1,1,1,1,1,1,1),(705,102,6,1,1,1,1,1,1,1,1,1),(706,102,7,1,1,1,1,1,1,1,1,1),(707,102,8,1,1,1,1,1,1,1,1,1),(708,103,2,1,1,1,1,1,1,1,1,1),(709,103,3,1,1,1,1,1,1,1,1,1),(710,103,4,1,1,1,1,1,1,1,1,1),(711,103,5,1,1,1,1,1,1,1,1,1),(712,103,6,1,1,1,1,1,1,1,1,1),(713,103,7,1,1,1,1,1,1,1,1,1),(714,103,8,1,1,1,1,1,1,1,1,1),(715,104,2,1,1,1,1,1,1,1,1,1),(716,104,3,1,1,1,1,1,1,1,1,1),(717,104,4,1,1,1,1,1,1,1,1,1),(718,104,5,1,1,1,1,1,1,1,1,1),(719,104,6,1,1,1,1,1,1,1,1,1),(720,104,7,1,1,1,1,1,1,1,1,1),(721,104,8,1,1,1,1,1,1,1,1,1),(722,105,2,1,1,1,1,1,1,1,1,1),(723,105,3,1,1,1,1,1,1,1,1,1),(724,105,4,1,1,1,1,1,1,1,1,1),(725,105,5,1,1,1,1,1,1,1,1,1),(726,105,6,1,1,1,1,1,1,1,1,1),(727,105,7,1,1,1,1,1,1,1,1,1),(728,105,8,1,1,1,1,1,1,1,1,1);
/*!40000 ALTER TABLE `leafaccess` ENABLE KEYS */;
UNLOCK TABLES;

--
-- Table structure for table `leaftranslate`
--

DROP TABLE IF EXISTS `leaftranslate`;
/*!40101 SET @saved_cs_client     = @@character_set_client */;
/*!40101 SET character_set_client = utf8 */;
CREATE TABLE `leaftranslate` (
  `leafTranslateId` int(11) NOT NULL AUTO_INCREMENT COMMENT 'translate|',
  `leafId` int(11) NOT NULL COMMENT 'leaf|',
  `languageId` int(11) NOT NULL COMMENT 'language|',
  `leafNative` varchar(128) COLLATE utf8_unicode_ci NOT NULL COMMENT 'Leaf|',
  `isDefault` tinyint(1) NOT NULL,
  `isNew` tinyint(1) NOT NULL,
  `isDraft` tinyint(1) NOT NULL,
  `isUpdate` tinyint(1) NOT NULL,
  `isDelete` tinyint(1) NOT NULL,
  `isActive` tinyint(1) NOT NULL,
  `isApproved` tinyint(1) NOT NULL,
  `isReview` tinyint(1) NOT NULL,
  `isPost` tinyint(1) NOT NULL,
  `executeBy` int(11) NOT NULL,
  `executeTime` datetime NOT NULL,
  PRIMARY KEY (`leafTranslateId`)
) ENGINE=InnoDB AUTO_INCREMENT=105 DEFAULT CHARSET=utf8 COLLATE=utf8_unicode_ci;
/*!40101 SET character_set_client = @saved_cs_client */;

--
-- Dumping data for table `leaftranslate`
--

LOCK TABLES `leaftranslate` WRITE;
/*!40000 ALTER TABLE `leaftranslate` DISABLE KEYS */;
INSERT INTO `leaftranslate` VALUES (1,2,21,'Application',0,1,0,0,0,1,0,0,0,2,'2012-03-11 03:11:31'),(2,3,21,'Module',0,1,0,0,0,1,0,0,0,2,'2012-03-11 03:11:31'),(3,4,21,'Folder',0,1,0,0,0,1,0,0,0,2,'2012-03-11 03:11:31'),(4,5,21,'Leaf',0,1,0,0,0,1,0,0,0,2,'2012-03-11 03:11:31'),(5,6,21,'Theme',0,1,0,0,0,1,0,0,0,2,'2012-03-11 03:11:31'),(6,7,21,'Language',0,1,0,0,0,1,0,0,0,2,'2012-03-11 03:11:31'),(7,8,21,'Default Label',0,1,0,0,0,1,0,0,0,2,'2012-03-11 03:11:31'),(8,9,21,'Table Mapping',0,1,0,0,0,1,0,0,0,2,'2012-03-11 03:11:31'),(9,10,21,'System String',0,1,0,0,0,1,0,0,0,2,'2012-03-11 03:11:31'),(10,11,21,'Preference',0,1,0,0,0,1,0,0,0,2,'2012-03-11 03:11:31'),(11,12,21,'Password',0,1,0,0,0,1,0,0,0,2,'2012-03-11 03:11:31'),(12,13,21,'District',0,1,0,0,0,1,0,0,0,2,'2012-03-11 03:11:31'),(13,14,21,'State',0,1,0,0,0,1,0,0,0,2,'2012-03-11 03:11:31'),(14,15,21,'National',0,1,0,0,0,1,0,0,0,2,'2012-03-11 03:11:31'),(15,16,21,'Race',0,1,0,0,0,1,0,0,0,2,'2012-03-11 03:11:31'),(16,17,21,'Religion',0,1,0,0,0,1,0,0,0,2,'2012-03-11 03:11:31'),(17,18,21,'Document Number',0,1,0,0,0,1,0,0,0,2,'2012-03-11 03:11:31'),(18,19,21,'Religion Version 1 ',0,1,0,0,0,1,0,0,0,2,'2012-03-11 03:11:31'),(19,20,21,'Religion Version 2 ',0,1,0,0,0,1,0,0,0,2,'2012-03-11 03:11:31'),(20,21,21,'Religion Version 3 ',0,1,0,0,0,1,0,0,0,2,'2012-03-11 03:11:31'),(21,22,21,'Religion Version 4 ',0,1,0,0,0,1,0,0,0,2,'2012-03-11 03:11:31'),(22,23,21,'Religion Version 5 ',0,1,0,0,0,1,0,0,0,2,'2012-03-11 03:11:31'),(23,24,21,'Religion Version 6 ',0,1,0,0,0,1,0,0,0,2,'2012-03-11 03:11:31'),(24,25,21,'Gender',0,1,0,0,0,1,0,0,0,2,'2012-03-11 03:11:31'),(25,26,21,'Document Sequence',0,1,0,0,0,1,0,0,0,2,'2012-03-11 03:11:31'),(26,27,21,'Chart Of Account Category',0,1,0,0,0,1,0,0,0,2,'2012-03-11 03:11:31'),(27,28,21,'Segment',0,1,0,0,0,1,0,0,0,2,'2012-03-11 03:11:31'),(28,29,21,'Entry',0,1,0,0,0,1,0,0,0,2,'2012-03-11 03:11:31'),(29,30,21,'Dimension',0,1,0,0,0,1,0,0,0,2,'2012-03-11 03:11:31'),(30,31,21,'Account Consolidation',0,1,0,0,0,1,0,0,0,2,'2012-03-11 03:11:31'),(31,32,21,'Account Saperation',0,1,0,0,0,1,0,0,0,2,'2012-03-11 03:11:31'),(32,33,21,'Budget',0,1,0,0,0,1,0,0,0,2,'2012-03-11 03:11:31'),(33,34,21,'Chart',0,1,0,0,0,1,0,0,0,2,'2012-03-11 03:11:31'),(34,35,21,'Forecaset',0,1,0,0,0,1,0,0,0,2,'2012-03-11 03:11:31'),(35,36,21,'Chart',0,1,0,0,0,1,0,0,0,2,'2012-03-11 03:11:31'),(36,37,21,'Journal',0,1,0,0,0,1,0,0,0,2,'2012-03-11 03:11:31'),(37,38,21,'Recurring Journal',0,1,0,0,0,1,0,0,0,2,'2012-03-11 03:11:31'),(38,39,21,'Recurring Journal Post',0,1,0,0,0,1,0,0,0,2,'2012-03-11 03:11:31'),(39,40,21,'Country Currency',0,1,0,0,0,1,0,0,0,2,'2012-03-11 03:11:31'),(40,41,21,'Document Number ',0,1,0,0,0,1,0,0,0,2,'2012-03-11 03:11:31'),(41,42,21,'Document Sequence',0,1,0,0,0,1,0,0,0,2,'2012-03-11 03:11:31'),(42,43,21,'Deposit Type',0,1,0,0,0,1,0,0,0,2,'2012-03-11 03:11:31'),(43,44,21,'Quotation',0,1,0,0,0,1,0,0,0,2,'2012-03-11 03:11:31'),(44,45,21,'Sales Order',0,1,0,0,0,1,0,0,0,2,'2012-03-11 03:11:31'),(45,46,21,'Delivery',0,1,0,0,0,1,0,0,0,2,'2012-03-11 03:11:31'),(46,47,21,'Return Item',0,1,0,0,0,1,0,0,0,2,'2012-03-11 03:11:31'),(47,48,21,'Deposit',0,1,0,0,0,1,0,0,0,2,'2012-03-11 03:11:31'),(48,49,21,'Invoice + Payment',0,1,0,0,0,1,0,0,0,2,'2012-03-11 03:11:31'),(49,50,21,'Payment Voucher',0,1,0,0,0,1,0,0,0,2,'2012-03-11 03:11:31'),(50,51,21,'Invoice',0,1,0,0,0,1,0,0,0,2,'2012-03-11 03:11:31'),(51,52,21,'Recurring Invoice',0,1,0,0,0,1,0,0,0,2,'2012-03-11 03:11:31'),(52,53,21,'Reverse Invoice',0,1,0,0,0,1,0,0,0,2,'2012-03-11 03:11:31'),(53,54,21,'adjustment.php',0,1,0,0,0,1,0,0,0,2,'2012-03-11 03:11:31'),(54,55,21,'Adjustment History',0,1,0,0,0,1,0,0,0,2,'2012-03-11 03:11:31'),(55,56,21,'Late Interest',0,1,0,0,0,1,0,0,0,2,'2012-03-11 03:11:31'),(56,57,21,'Credit Memo',0,1,0,0,0,1,0,0,0,2,'2012-03-11 03:11:31'),(57,58,21,'Document Number',0,1,0,0,0,1,0,0,0,2,'2012-03-11 03:11:31'),(58,59,21,'Setting',0,1,0,0,0,1,0,0,0,2,'2012-03-11 03:11:31'),(59,60,21,'Document Assign',0,1,0,0,0,1,0,0,0,2,'2012-03-11 03:11:31'),(60,61,21,'Entry',0,1,0,0,0,1,0,0,0,2,'2012-03-11 03:11:31'),(61,62,21,'Approved',0,1,0,0,0,1,0,0,0,2,'2012-03-11 03:11:31'),(62,63,21,'Update',0,1,0,0,0,1,0,0,0,2,'2012-03-11 03:11:31'),(63,64,21,'Dividen',0,1,0,0,0,1,0,0,0,2,'2012-03-11 03:11:31'),(64,65,21,'List Share',0,1,0,0,0,1,0,0,0,2,'2012-03-11 03:11:31'),(65,66,21,'List fee',0,1,0,0,0,1,0,0,0,2,'2012-03-11 03:11:31'),(66,67,21,'List Voter',0,1,0,0,0,1,0,0,0,2,'2012-03-11 03:11:31'),(67,68,21,'Document Sequence',0,1,0,0,0,1,0,0,0,2,'2012-03-11 03:11:31'),(68,69,21,'Marriage Status',0,1,0,0,0,1,0,0,0,2,'2012-03-11 03:11:31'),(69,70,21,'Skill',0,1,0,0,0,1,0,0,0,2,'2012-03-11 03:11:31'),(70,71,21,'Disease',0,1,0,0,0,1,0,0,0,2,'2012-03-11 03:11:31'),(71,72,21,'Saving',0,1,0,0,0,1,0,0,0,2,'2012-03-11 03:11:31'),(72,73,21,'Impair',0,1,0,0,0,1,0,0,0,2,'2012-03-11 03:11:31'),(73,74,21,'Education',0,1,0,0,0,1,0,0,0,2,'2012-03-11 03:11:31'),(74,75,21,'Bank',0,1,0,0,0,1,0,0,0,2,'2012-03-11 03:11:31'),(75,76,21,'Family',0,1,0,0,0,1,0,0,0,2,'2012-03-11 03:11:31'),(76,77,21,'Bank Account',0,1,0,0,0,1,0,0,0,2,'2012-03-11 03:11:31'),(77,78,21,'Bank Category',0,1,0,0,0,1,0,0,0,2,'2012-03-11 03:11:31'),(78,79,21,'Bank Balance ',0,1,0,0,0,1,0,0,0,2,'2012-03-11 03:11:31'),(79,80,21,'Transfer Funds',0,1,0,0,0,1,0,0,0,2,'2012-03-11 03:11:31'),(80,81,21,'Deposit Payment',0,1,0,0,0,1,0,0,0,2,'2012-03-11 03:11:31'),(81,82,21,'Bank Cash Flow Report',0,1,0,0,0,1,0,0,0,2,'2012-03-11 03:11:31'),(82,83,21,'List Member',0,1,0,0,0,1,0,0,0,2,'2012-03-11 03:11:31'),(83,84,21,'Dividen Report',0,1,0,0,0,1,0,0,0,2,'2012-03-11 03:11:31'),(84,85,21,'Refund',0,1,0,0,0,1,0,0,0,2,'2012-03-11 03:11:31'),(85,86,21,'Business Partner Category',0,1,0,0,0,1,0,0,0,2,'2012-03-11 03:11:31'),(86,87,21,'Business Partner',0,1,0,0,0,1,0,0,0,2,'2012-03-11 03:11:31'),(87,88,21,'Invoice Category',0,1,0,0,0,1,0,0,0,2,'2012-03-11 03:11:31'),(88,89,21,'Invoice Type',0,1,0,0,0,1,0,0,0,2,'2012-03-11 03:11:31'),(89,90,21,'Late Interest Type',0,1,0,0,0,1,0,0,0,2,'2012-03-11 03:11:31'),(90,91,21,'Membership Type',0,1,0,0,0,1,0,0,0,2,'2012-03-11 03:11:31'),(91,92,21,'Journal History',0,1,0,0,0,1,0,0,0,2,'2012-03-11 03:11:31'),(92,93,21,'Refund History',0,1,0,0,0,1,0,0,0,2,'2012-03-11 03:11:31'),(93,94,21,'Invoice History',0,1,0,0,0,1,0,0,0,2,'2012-03-11 03:11:31'),(94,95,21,'Business Partner Account',0,1,0,0,0,1,0,0,0,2,'2012-03-11 03:11:31'),(95,96,21,'Bank Reconcilation',0,1,0,0,0,1,0,0,0,2,'2012-03-11 03:11:31'),(96,97,21,'Recurring Invoice Posting',0,1,0,0,0,1,0,0,0,2,'2012-03-11 03:11:31'),(97,98,21,'Chart Of Account Type',0,1,0,0,0,1,0,0,0,2,'2012-03-11 03:11:31'),(98,99,21,'Chart Of Account Segment Type',0,1,0,0,0,1,0,0,0,2,'2012-03-11 03:11:31'),(99,100,21,'Budget Type',0,1,0,0,0,1,0,0,0,2,'2012-03-11 03:11:31'),(100,101,21,'Forecast  Type',0,1,0,0,0,1,0,0,0,2,'2012-03-11 03:11:31'),(101,102,21,'Journal  Type',0,1,0,0,0,1,0,0,0,2,'2012-03-11 03:11:31'),(102,103,21,'Account Access',0,1,0,0,0,1,0,0,0,2,'2012-03-11 03:11:31'),(103,104,21,'Setting Financial Period',0,1,0,0,0,1,0,0,0,2,'2012-03-11 03:11:31'),(104,105,21,'Voucher Type',0,1,0,0,0,1,0,0,0,2,'2012-03-11 03:11:31');
/*!40000 ALTER TABLE `leaftranslate` ENABLE KEYS */;
UNLOCK TABLES;

--
-- Table structure for table `midnightMarket`
--

DROP TABLE IF EXISTS `midnightMarket`;
/*!40101 SET @saved_cs_client     = @@character_set_client */;
/*!40101 SET character_set_client = utf8 */;
CREATE TABLE `midnightMarket` (
  `midnightMarketId` int(11) NOT NULL AUTO_INCREMENT COMMENT 'Religion|',
  `stateId` int(11) NOT NULL COMMENT 'Description|',
  `dayId` int(11) NOT NULL COMMENT 'Description|',
  `midnightMarketlocation` text COLLATE utf8_unicode_ci NOT NULL,
  `midnightMarketGps` text COLLATE utf8_unicode_ci NOT NULL,
  `isDefault` tinyint(1) NOT NULL COMMENT 'default|',
  `isNew` tinyint(1) NOT NULL COMMENT 'New|',
  `isDraft` tinyint(1) NOT NULL COMMENT 'Draft|',
  `isUpdate` tinyint(1) NOT NULL COMMENT 'Updated|',
  `isDelete` tinyint(1) NOT NULL COMMENT 'Delete|',
  `isActive` tinyint(1) NOT NULL COMMENT 'Active|',
  `isApproved` tinyint(1) NOT NULL COMMENT 'Approved|',
  `isReview` tinyint(1) NOT NULL,
  `isPost` tinyint(1) NOT NULL,
  `executeBy` int(11) NOT NULL COMMENT 'By|',
  `executeTime` datetime NOT NULL,
  PRIMARY KEY (`midnightMarketId`),
  KEY `dayId` (`dayId`),
  KEY `stateId` (`stateId`),
  CONSTRAINT `midnightmarket_ibfk_1` FOREIGN KEY (`stateId`) REFERENCES `state` (`stateId`) ON DELETE CASCADE ON UPDATE CASCADE,
  CONSTRAINT `midnightmarket_ibfk_2` FOREIGN KEY (`dayId`) REFERENCES `day` (`dayId`) ON DELETE CASCADE ON UPDATE CASCADE
) ENGINE=InnoDB AUTO_INCREMENT=106 DEFAULT CHARSET=utf8 COLLATE=utf8_unicode_ci;
/*!40101 SET character_set_client = @saved_cs_client */;

--
-- Dumping data for table `midnightMarket`
--

LOCK TABLES `midnightMarket` WRITE;
/*!40000 ALTER TABLE `midnightMarket` DISABLE KEYS */;
INSERT INTO `midnightMarket` VALUES (1,6,2,'Taman Semarak, Nilai','',0,1,0,0,0,1,0,0,0,2,'2012-03-17 19:00:45'),(2,6,6,'Flat Taman Semarak, Nilai','',0,1,0,0,0,1,0,0,0,2,'2012-03-17 19:00:45'),(3,6,2,'Taman Desa Cempaka, Putra Nilai','',0,1,0,0,0,1,0,0,0,2,'2012-03-17 19:00:45'),(4,6,5,'Flat Cempaka','',0,1,0,0,0,1,0,0,0,2,'2012-03-17 19:00:45'),(5,6,4,'Nilai Perdana','',0,1,0,0,0,1,0,0,0,2,'2012-03-17 19:00:45'),(6,6,2,'Kuarters KLIA ','',0,1,0,0,0,1,0,0,0,2,'2012-03-17 19:00:45'),(7,6,3,'Pekan Labu Bt. 10','',0,1,0,0,0,1,0,0,0,2,'2012-03-17 19:00:45'),(8,6,6,'Taman Gadong Jaya','',0,1,0,0,0,1,0,0,0,2,'2012-03-17 19:00:45'),(9,6,5,'Pekan Pajam','',0,1,0,0,0,1,0,0,0,2,'2012-03-17 19:00:45'),(10,6,7,'Pekan Mantin','',0,1,0,0,0,1,0,0,0,2,'2012-03-17 19:00:45'),(11,6,7,'Taman Bunga Raya, Mantin ','',0,1,0,0,0,1,0,0,0,2,'2012-03-17 19:00:45'),(12,6,3,'Kolej Legenda ','',0,1,0,0,0,1,0,0,0,2,'2012-03-17 19:00:45'),(13,6,7,'Pekan Rantau','',0,1,0,0,0,1,0,0,0,2,'2012-03-17 19:00:45'),(14,6,4,'Taman Pasir Mas, Rantau','',0,1,0,0,0,1,0,0,0,2,'2012-03-17 19:00:45'),(15,6,7,'Taman Delima, Rantau','',0,1,0,0,0,1,0,0,0,2,'2012-03-17 19:00:45'),(16,6,2,'Taman Tuanku Jaafar','',0,1,0,0,0,1,0,0,0,2,'2012-03-17 19:00:45'),(17,6,5,'Taman Seremban Jaya','',0,1,0,0,0,1,0,0,0,2,'2012-03-17 19:00:45'),(18,6,3,'Bandar Seremban Selatan','',0,1,0,0,0,1,0,0,0,2,'2012-03-17 19:00:45'),(19,6,4,'Taman Pinggiran Senawang','',0,1,0,0,0,1,0,0,0,2,'2012-03-17 19:00:45'),(20,6,4,'Taman Tuanku Ampuan Najihah','',0,1,0,0,0,1,0,0,0,2,'2012-03-17 19:00:45'),(21,6,4,'Pekan Kuala Sawah','',0,1,0,0,0,1,0,0,0,2,'2012-03-17 19:00:45'),(22,16,1,'Pekan Ulu Beranang(hafizan)','',0,0,0,1,0,1,0,0,0,0,'2012-04-08 08:01:11'),(23,16,7,'Pekan Broga*oo*','',0,0,0,1,0,1,0,0,0,0,'2012-04-08 08:01:52'),(24,6,5,'Bandar Seremban Selatan','',0,1,0,0,0,1,0,0,0,2,'2012-03-17 19:00:45'),(25,6,1,'Taman Seremban Jaya','',0,1,0,0,0,1,0,0,0,2,'2012-03-17 19:00:45'),(26,6,7,'Taman Tuanku Jaafar','',0,1,0,0,0,1,0,0,0,2,'2012-03-17 19:00:45'),(27,15,1,'Nat Balai Baru','',0,1,0,0,0,1,0,0,0,2,'2012-04-07 10:57:04'),(28,15,1,'Pasar Tani Arau','',0,1,0,0,0,1,0,0,0,2,'2012-04-07 10:57:04'),(29,15,1,'Pasar Malam jejawi','',0,1,0,0,0,1,0,0,0,2,'2012-04-07 10:57:04'),(30,15,2,'Nat Pekan Simpang 4 Syed Kassim','',0,1,0,0,0,1,0,0,0,2,'2012-04-07 10:57:04'),(31,15,2,'Nat Batu 2 Jalan Kaki Bukit','',0,1,0,0,0,1,0,0,0,2,'2012-04-07 10:57:04'),(32,15,3,'Nat Balai Baru','',0,1,0,0,0,1,0,0,0,2,'2012-04-07 10:57:04'),(33,15,3,'Pasar Malam Stadium Kangar','',0,1,0,0,0,1,0,0,0,2,'2012-04-07 10:57:04'),(34,15,3,'Pasar Tani Seriab','',0,1,0,0,0,1,0,0,0,2,'2012-04-07 10:57:04'),(35,15,4,'Pasar Malam Titi Chai Utan Aji','',0,1,0,0,0,1,0,0,0,2,'2012-04-07 10:57:04'),(36,15,4,'Nat Santan','',0,1,0,0,0,1,0,0,0,2,'2012-04-07 10:57:04'),(37,15,4,'Pasar Tani Pekan Simpang 4','',0,1,0,0,0,1,0,0,0,2,'2012-04-07 10:57:04'),(38,15,5,'Nat behor Lateh','',0,1,0,0,0,1,0,0,0,2,'2012-04-07 10:57:04'),(39,15,5,'Pasar malam Pekan Simpang 4, Syed Kassim','',0,1,0,0,0,1,0,0,0,2,'2012-04-07 10:57:04'),(40,15,5,'Nat Pokok Getah Pauh','',0,1,0,0,0,1,0,0,0,2,'2012-04-07 10:57:04'),(41,15,6,'Nat Balai Baru','',0,1,0,0,0,1,0,0,0,2,'2012-04-07 10:57:04'),(42,15,6,'Pasar Tani Taman Sena Kangar','',0,1,0,0,0,1,0,0,0,2,'2012-04-07 10:57:04'),(43,15,6,'Nat Kuala Perlis','',0,1,0,0,0,1,0,0,0,2,'2012-04-07 10:57:04'),(44,15,6,'Pasar Malam Jejawi ','',0,1,0,0,0,1,0,0,0,2,'2012-04-07 10:57:04'),(45,15,7,'Nat mata Air','',0,1,0,0,0,1,0,0,0,2,'2012-04-07 10:57:04'),(46,15,7,'Nat Behor Lateh','',0,1,0,0,0,1,0,0,0,2,'2012-04-07 10:57:04'),(47,15,7,'Pasar Malam Titi Chai, Utan Aji','',0,1,0,0,0,1,0,0,0,2,'2012-04-07 10:57:04'),(48,15,7,'Pasar Tani Taman Sena Kangar','',0,1,0,0,0,1,0,0,0,2,'2012-04-07 10:57:04'),(49,16,7,' Padang Lembu','',0,1,0,0,0,1,0,0,0,2,'2012-04-07 10:57:04'),(50,16,7,'Taman Lembah','',0,1,0,0,0,1,0,0,0,2,'2012-04-07 10:57:04'),(51,16,7,'Bandar Laguna','',0,1,0,0,0,1,0,0,0,2,'2012-04-07 10:57:04'),(52,16,7,'Bandar Puteri Jaya','',0,1,0,0,0,1,0,0,0,2,'2012-04-07 10:57:04'),(53,16,7,'Taman Keladi','',0,1,0,0,0,1,0,0,0,2,'2012-04-07 10:57:04'),(54,16,7,'Pekan Bedong','',0,1,0,0,0,1,0,0,0,2,'2012-04-07 10:57:04'),(55,16,7,'Bukit Selambau','',0,1,0,0,0,1,0,0,0,2,'2012-04-07 10:57:04'),(56,16,7,'Belakang Kedai Majlis Jalan Petri,sungai petani','',0,1,0,0,0,1,0,0,0,2,'2012-04-07 10:57:04'),(57,16,7,'Taman Arked','',0,1,0,0,0,1,0,0,0,2,'2012-04-07 10:57:04'),(58,16,1,'Pekan Kota Kuala','',0,1,0,0,0,1,0,0,0,2,'2012-04-07 10:57:04'),(59,16,1,'Gurun','',0,1,0,0,0,1,0,0,0,2,'2012-04-07 10:57:04'),(60,16,1,'Taman Sri Wang','',0,1,0,0,0,1,0,0,0,2,'2012-04-07 10:57:04'),(61,16,1,'Taman Gurun Jaya','',0,1,0,0,0,1,0,0,0,2,'2012-04-07 10:57:04'),(62,16,1,'Jalan Petri 08000 Sungai Petani','',0,1,0,0,0,1,0,0,0,2,'2012-04-07 10:57:04'),(63,16,1,'Taman Sri Tanjung','',0,1,0,0,0,1,0,0,0,2,'2012-04-07 10:57:04'),(64,16,1,'Bandar Aman Jaya','',0,1,0,0,0,1,0,0,0,2,'2012-04-07 10:57:04'),(65,16,6,'Taman Bandar Baru Sungai Lalang4','',0,0,0,1,0,1,0,0,0,0,'2012-04-08 07:55:52'),(66,16,1,'Jeniang','',0,1,0,0,0,1,0,0,0,2,'2012-04-07 10:57:04'),(67,16,2,'Dalam Kawasan Pekan Bedong','',0,1,0,0,0,1,0,0,0,2,'2012-04-07 10:57:04'),(68,16,2,'Atas Jalan Depan Kedai','',0,1,0,0,0,1,0,0,0,2,'2012-04-07 10:57:04'),(69,16,2,'Taman Ria Jaya','',0,1,0,0,0,1,0,0,0,2,'2012-04-07 10:57:04'),(70,16,2,'Tikam Batu','',0,1,0,0,0,1,0,0,0,2,'2012-04-07 10:57:04'),(71,16,3,'Taman Desa Aman Sungai Lalang','',0,1,0,0,0,1,0,0,0,2,'2012-04-07 10:57:04'),(72,16,3,'Bandar Puteri Jaya','',0,1,0,0,0,1,0,0,0,2,'2012-04-07 10:57:04'),(73,16,3,'Taman Semarak','',0,1,0,0,0,1,0,0,0,2,'2012-04-07 10:57:04'),(74,16,4,'Kota Kuala Muda','',0,1,0,0,0,1,0,0,0,2,'2012-04-07 10:57:04'),(75,16,4,'Taman Keladi','',0,1,0,0,0,1,0,0,0,2,'2012-04-07 10:57:04'),(76,16,4,'Taman Arked','',0,1,0,0,0,1,0,0,0,2,'2012-04-07 10:57:04'),(77,16,4,'Jalan Petri 08000 Sungai Petani','',0,1,0,0,0,1,0,0,0,2,'2012-04-07 10:57:04'),(78,16,5,'Kampung Sungai Pial Mukim Merbok','',0,1,0,0,0,1,0,0,0,2,'2012-04-07 10:57:04'),(79,16,5,'Taman Gurun Jaya','',0,1,0,0,0,1,0,0,0,2,'2012-04-07 10:57:04'),(80,16,5,'BT. 10 Jeniang','',0,1,0,0,0,1,0,0,0,2,'2012-04-07 10:57:04'),(81,16,5,'Taman Sri Tanjung','',0,1,0,0,0,1,0,0,0,2,'2012-04-07 10:57:04'),(82,16,5,'Taman Kempas','',0,1,0,0,0,1,0,0,0,2,'2012-04-07 10:57:04'),(83,16,6,'Taman Ria Jaya','',0,1,0,0,0,1,0,0,0,2,'2012-04-07 10:57:04'),(84,16,6,'Taman Desa','',0,1,0,0,0,1,0,0,0,2,'2012-04-07 10:57:04'),(85,16,1,'Bukit Besar','',0,1,0,0,0,1,0,0,0,2,'2012-04-07 10:57:04'),(86,16,2,'Sungai Limau','',0,1,0,0,0,1,0,0,0,2,'2012-04-07 10:57:04'),(87,16,3,'Simpang Tiga Singkir','',0,1,0,0,0,1,0,0,0,2,'2012-04-07 10:57:04'),(88,16,4,'Sungai Yan','',0,1,0,0,0,1,0,0,0,2,'2012-04-07 10:57:04'),(89,16,6,'Guar Chempedak','',0,1,0,0,0,1,0,0,0,2,'2012-04-07 10:57:04'),(90,2,2,'Pasar Malam Batu Gajah','',0,1,0,0,0,1,0,0,0,2,'2012-04-07 10:57:04'),(91,2,5,'Pasar Malam Tronoh','',0,1,0,0,0,1,0,0,0,2,'2012-04-07 10:57:04'),(92,2,5,'Pasar Malam Tanjung Tualang','',0,1,0,0,0,1,0,0,0,2,'2012-04-07 10:57:04'),(93,2,7,'PASAR MALAM BG PERDANA','',0,1,0,0,0,1,0,0,0,2,'2012-04-07 10:57:04'),(94,2,6,'PASAR MALAM PUSING','',0,1,0,0,0,1,0,0,0,2,'2012-04-07 10:57:04'),(95,2,5,'Pasar Malam Sri  Pengkalan','',0,1,0,0,0,1,0,0,0,2,'2012-04-07 10:57:04'),(96,2,5,'PASAR MALAM PULAI JAYA','',0,1,0,0,0,1,0,0,0,2,'2012-04-07 10:57:04'),(97,2,4,'PASAR MALAM TMN SAUJANA','',0,1,0,0,0,1,0,0,0,2,'2012-04-07 10:57:04'),(98,2,7,'PASAR SEHARI BATU GAJAH','',0,1,0,0,0,1,0,0,0,2,'2012-04-07 10:57:04'),(99,2,2,'PASAR SEHARI PUSING','',0,1,0,0,0,1,0,0,0,2,'2012-04-07 10:57:04'),(100,2,2,'PASAR SEHARI TRONOH','',0,1,0,0,0,1,0,0,0,2,'2012-04-07 10:57:04'),(101,2,7,'PASAR SEHARI TG.TUALANG','',0,1,0,0,0,1,0,0,0,2,'2012-04-07 10:57:04'),(102,1,1,'','',0,1,0,0,0,1,0,0,0,2,'2012-04-07 18:08:46'),(103,2,6,'','',0,1,0,0,0,1,0,0,0,2,'2012-04-07 18:21:15'),(104,1,1,'','',0,1,0,0,0,1,0,0,0,2,'2012-04-07 18:24:02'),(105,1,1,'happy hunting bugs','',0,1,0,0,0,1,0,0,0,2,'2012-04-07 18:24:56');
/*!40000 ALTER TABLE `midnightMarket` ENABLE KEYS */;
UNLOCK TABLES;

--
-- Table structure for table `module`
--

DROP TABLE IF EXISTS `module`;
/*!40101 SET @saved_cs_client     = @@character_set_client */;
/*!40101 SET character_set_client = utf8 */;
CREATE TABLE `module` (
  `moduleId` int(11) NOT NULL AUTO_INCREMENT COMMENT 'Accordion|',
  `applicationId` int(11) NOT NULL,
  `iconId` int(11) NOT NULL DEFAULT '281' COMMENT 'Icon|',
  `moduleSequence` int(11) NOT NULL COMMENT 'Sequence|',
  `moduleCode` varchar(4) COLLATE utf8_unicode_ci NOT NULL,
  `moduleEnglish` varchar(64) COLLATE utf8_unicode_ci NOT NULL COMMENT 'English|',
  `isDefault` tinyint(1) NOT NULL,
  `isNew` tinyint(1) NOT NULL COMMENT 'New|',
  `isDraft` tinyint(1) NOT NULL COMMENT 'Draft|',
  `isUpdate` tinyint(1) NOT NULL COMMENT 'Updated|',
  `isDelete` tinyint(1) NOT NULL COMMENT 'Delete|',
  `isActive` tinyint(1) NOT NULL COMMENT 'Active|',
  `isApproved` tinyint(1) NOT NULL COMMENT 'Approved|',
  `isReview` tinyint(1) NOT NULL,
  `isPost` tinyint(1) NOT NULL,
  `executeBy` int(11) NOT NULL COMMENT 'By|',
  `executeTime` datetime NOT NULL,
  PRIMARY KEY (`moduleId`)
) ENGINE=InnoDB AUTO_INCREMENT=52 DEFAULT CHARSET=utf8 COLLATE=utf8_unicode_ci COMMENT='Module';
/*!40101 SET character_set_client = @saved_cs_client */;

--
-- Dumping data for table `module`
--

LOCK TABLES `module` WRITE;
/*!40000 ALTER TABLE `module` DISABLE KEYS */;
INSERT INTO `module` VALUES (1,1,612,1,'SYS','System',0,1,0,0,0,1,0,0,0,2,'2011-11-22 18:30:06'),(2,1,612,2,'TLN','Translation',0,1,0,0,0,1,0,0,0,2,'2011-11-22 18:30:06'),(3,1,612,3,'PSL','Personnel',0,1,0,0,0,1,0,0,0,2,'2011-11-22 18:30:06'),(4,2,601,1,'GL','General Ledger',0,1,0,0,0,1,0,0,0,2,'2011-11-22 18:30:06'),(5,3,281,1,'DMGT','Document Management',0,1,0,0,0,1,0,0,0,2,'2011-11-22 18:30:06'),(6,5,281,1,'AP','Setting',0,1,0,0,0,1,0,0,0,2,'2011-11-22 18:30:06'),(7,5,1084,3,'AP','Vendor',0,1,0,0,0,1,0,0,0,2,'2011-11-22 18:30:06'),(8,7,281,1,'mbr','Setting',0,1,0,0,0,1,0,0,0,2,'2011-11-22 18:30:06'),(9,8,281,1,'bank','Setting',0,1,0,0,0,1,0,0,0,2,'2011-11-22 18:30:06'),(10,13,281,1,'FA','Setting',0,1,0,0,0,1,0,0,0,2,'2011-11-22 18:30:06'),(11,14,281,1,'DM','Setting',0,1,0,0,0,1,0,0,0,2,'2011-11-22 18:30:06'),(12,15,652,2,'CB','Cashbook',0,1,0,0,0,1,0,0,0,2,'2011-11-22 18:30:06'),(13,16,281,2,'PY','Payroll',0,1,0,0,0,1,0,0,0,2,'2011-11-22 18:30:06'),(14,17,281,1,'HR','Setting',0,1,0,0,0,1,0,0,0,2,'2011-11-22 18:30:06'),(15,6,281,1,'PO','Setting',0,1,0,0,0,1,0,0,0,2,'2011-11-22 18:30:06'),(16,4,281,1,'AR','Introduction',0,1,0,0,0,1,0,0,0,2,'2011-11-22 18:30:06'),(17,15,281,1,'CB','Setting',0,1,0,0,0,1,0,0,0,2,'2011-11-22 18:30:06'),(18,7,461,2,'mbr','Memberships',0,1,0,0,0,1,0,0,0,2,'2011-11-22 18:30:06'),(19,7,461,3,'mbr','Dividens',0,1,0,0,0,1,0,0,0,2,'2011-11-22 18:30:06'),(20,8,198,2,'bank','Bank',0,1,0,0,0,1,0,0,0,2,'2011-11-22 18:30:06'),(21,13,546,2,'FA','Fix Asset',0,1,0,0,0,1,0,0,0,2,'2011-11-22 18:30:06'),(22,14,852,2,'DM','Document Management',0,1,0,0,0,1,0,0,0,2,'2011-11-22 18:30:06'),(23,16,281,1,'PY','Setting',0,1,0,0,0,1,0,0,0,2,'2011-11-22 18:30:06'),(24,3,601,2,'HRCS','Human Resources',0,1,0,0,0,1,0,0,0,2,'2011-11-22 18:30:06'),(25,5,1070,2,'AP','Invoicing',0,1,0,0,0,1,0,0,0,2,'2011-11-22 18:30:06'),(26,15,841,3,'CB','Report',0,1,0,0,0,1,0,0,0,2,'2011-11-22 18:30:06'),(27,4,652,2,'AR','Tutorial',0,1,0,0,0,1,0,0,0,2,'2011-11-22 18:30:06'),(28,6,222,2,'PO','Purchasing Order',0,1,0,0,0,1,0,0,0,2,'2011-11-22 18:30:06'),(29,17,281,2,'HR','Human Resource',0,1,0,0,0,1,0,0,0,2,'2011-11-22 18:30:06'),(30,16,841,3,'PY','Report',0,1,0,0,0,1,0,0,0,2,'2011-11-22 18:30:06'),(31,1,612,4,'CMN','Common ',0,1,0,0,0,1,0,0,0,2,'2011-11-22 18:30:06'),(32,3,841,3,'AMGT','Asset Management',0,1,0,0,0,1,0,0,0,2,'2011-11-22 18:30:06'),(33,4,841,3,'AR','Contact',0,1,0,0,0,1,0,0,0,2,'2011-11-22 18:30:06'),(34,5,841,4,'AP','Report',0,1,0,0,0,1,0,0,0,2,'2011-11-22 18:30:06'),(35,6,841,3,'PO','Report',0,1,0,0,0,1,0,0,0,2,'2011-11-22 18:30:06'),(36,7,841,4,'mbr','Report',0,1,0,0,0,1,0,0,0,2,'2011-11-22 18:30:06'),(37,8,841,3,'bank','Report',0,1,0,0,0,1,0,0,0,2,'2011-11-22 18:30:06'),(38,13,841,3,'FA','Report',0,1,0,0,0,1,0,0,0,2,'2011-11-22 18:30:06'),(39,13,546,4,'FA','reserve',0,1,0,0,0,1,0,0,0,2,'2011-11-22 18:30:06'),(40,17,841,3,'HR','Report',0,1,0,0,0,1,0,0,0,2,'2011-11-22 18:30:06'),(41,19,841,1,'BP','Setting',0,1,0,0,0,1,0,0,0,2,'2011-11-22 18:30:06'),(42,19,841,2,'BP','Business Partner',0,1,0,0,0,1,0,0,0,2,'2011-11-22 18:30:06'),(43,19,841,3,'BP','Report',0,1,0,0,0,1,0,0,0,2,'2011-11-22 18:30:06'),(44,1,612,5,'SMP','Sample',0,1,0,0,0,1,0,0,0,2,'2011-11-22 18:30:06'),(45,2,601,2,'CB','Cashbook',0,1,0,0,0,1,0,0,0,2,'2011-11-22 18:30:06'),(46,2,601,3,'AP','Account Payable',0,1,0,0,0,1,0,0,0,2,'2011-11-22 18:30:06'),(47,2,601,4,'AR','Account Receivable',0,1,0,0,0,1,0,0,0,2,'2011-11-22 18:30:06'),(48,2,601,5,'PACT','Project Accounting',0,1,0,0,0,1,0,0,0,2,'2011-11-22 18:30:06'),(49,2,601,6,'SLAR','Sales Account Receivable',0,1,0,0,0,1,0,0,0,2,'2011-11-22 18:30:06'),(50,2,601,7,'FXAS','Fix Asset',0,1,0,0,0,1,0,0,0,2,'2011-11-22 18:30:06'),(51,2,601,7,'PYRL','Payroll',0,1,0,0,0,1,0,0,0,2,'2011-11-22 18:30:06');
/*!40000 ALTER TABLE `module` ENABLE KEYS */;
UNLOCK TABLES;

--
-- Table structure for table `moduleaccess`
--

DROP TABLE IF EXISTS `moduleaccess`;
/*!40101 SET @saved_cs_client     = @@character_set_client */;
/*!40101 SET character_set_client = utf8 */;
CREATE TABLE `moduleaccess` (
  `moduleAccessId` int(11) NOT NULL AUTO_INCREMENT COMMENT 'Access|',
  `moduleId` int(11) NOT NULL COMMENT 'Accordion|',
  `teamId` int(11) NOT NULL COMMENT 'Group|',
  `moduleAccessValue` tinyint(1) NOT NULL COMMENT 'Value|',
  PRIMARY KEY (`moduleAccessId`),
  KEY `moduleId` (`moduleId`),
  KEY `crewId` (`teamId`)
) ENGINE=InnoDB AUTO_INCREMENT=358 DEFAULT CHARSET=utf8 COLLATE=utf8_unicode_ci ROW_FORMAT=COMPACT COMMENT='Validate Access Tab By Group';
/*!40101 SET character_set_client = @saved_cs_client */;

--
-- Dumping data for table `moduleaccess`
--

LOCK TABLES `moduleaccess` WRITE;
/*!40000 ALTER TABLE `moduleaccess` DISABLE KEYS */;
INSERT INTO `moduleaccess` VALUES (1,1,1,1),(2,2,1,1),(3,3,1,1),(4,4,1,1),(5,5,1,1),(6,6,1,1),(7,7,1,1),(8,8,1,1),(9,9,1,1),(10,10,1,1),(11,11,1,1),(12,12,1,1),(13,13,1,1),(14,14,1,1),(15,15,1,1),(16,16,1,1),(17,17,1,1),(18,18,1,1),(19,19,1,1),(20,20,1,1),(21,21,1,1),(22,22,1,1),(23,23,1,1),(24,24,1,1),(25,25,1,1),(26,26,1,1),(27,27,1,1),(28,28,1,1),(29,29,1,1),(30,30,1,1),(31,31,1,1),(32,32,1,1),(33,33,1,1),(34,34,1,1),(35,35,1,1),(36,36,1,1),(37,37,1,1),(38,38,1,1),(39,39,1,1),(40,40,1,1),(41,41,1,1),(42,42,1,1),(43,43,1,1),(44,44,1,1),(45,45,1,1),(46,46,1,1),(47,47,1,1),(48,48,1,1),(49,49,1,1),(50,50,1,1),(51,51,1,1),(52,1,2,1),(53,2,2,1),(54,3,2,1),(55,4,2,1),(56,5,2,1),(57,6,2,1),(58,7,2,1),(59,8,2,1),(60,9,2,1),(61,10,2,1),(62,11,2,1),(63,12,2,1),(64,13,2,1),(65,14,2,1),(66,15,2,1),(67,16,2,1),(68,17,2,1),(69,18,2,1),(70,19,2,1),(71,20,2,1),(72,21,2,1),(73,22,2,1),(74,23,2,1),(75,24,2,1),(76,25,2,1),(77,26,2,1),(78,27,2,1),(79,28,2,1),(80,29,2,1),(81,30,2,1),(82,31,2,1),(83,32,2,1),(84,33,2,1),(85,34,2,1),(86,35,2,1),(87,36,2,1),(88,37,2,1),(89,38,2,1),(90,39,2,1),(91,40,2,1),(92,41,2,1),(93,42,2,1),(94,43,2,1),(95,44,2,1),(96,45,2,1),(97,46,2,1),(98,47,2,1),(99,48,2,1),(100,49,2,1),(101,50,2,1),(102,51,2,1),(103,1,3,1),(104,2,3,1),(105,3,3,1),(106,4,3,1),(107,5,3,1),(108,6,3,1),(109,7,3,1),(110,8,3,1),(111,9,3,1),(112,10,3,1),(113,11,3,1),(114,12,3,1),(115,13,3,1),(116,14,3,1),(117,15,3,1),(118,16,3,1),(119,17,3,1),(120,18,3,1),(121,19,3,1),(122,20,3,1),(123,21,3,1),(124,22,3,1),(125,23,3,1),(126,24,3,1),(127,25,3,1),(128,26,3,1),(129,27,3,1),(130,28,3,1),(131,29,3,1),(132,30,3,1),(133,31,3,1),(134,32,3,1),(135,33,3,1),(136,34,3,1),(137,35,3,1),(138,36,3,1),(139,37,3,1),(140,38,3,1),(141,39,3,1),(142,40,3,1),(143,41,3,1),(144,42,3,1),(145,43,3,1),(146,44,3,1),(147,45,3,1),(148,46,3,1),(149,47,3,1),(150,48,3,1),(151,49,3,1),(152,50,3,1),(153,51,3,1),(154,1,4,1),(155,2,4,1),(156,3,4,1),(157,4,4,1),(158,5,4,1),(159,6,4,1),(160,7,4,1),(161,8,4,1),(162,9,4,1),(163,10,4,1),(164,11,4,1),(165,12,4,1),(166,13,4,1),(167,14,4,1),(168,15,4,1),(169,16,4,1),(170,17,4,1),(171,18,4,1),(172,19,4,1),(173,20,4,1),(174,21,4,1),(175,22,4,1),(176,23,4,1),(177,24,4,1),(178,25,4,1),(179,26,4,1),(180,27,4,1),(181,28,4,1),(182,29,4,1),(183,30,4,1),(184,31,4,1),(185,32,4,1),(186,33,4,1),(187,34,4,1),(188,35,4,1),(189,36,4,1),(190,37,4,1),(191,38,4,1),(192,39,4,1),(193,40,4,1),(194,41,4,1),(195,42,4,1),(196,43,4,1),(197,44,4,1),(198,45,4,1),(199,46,4,1),(200,47,4,1),(201,48,4,1),(202,49,4,1),(203,50,4,1),(204,51,4,1),(205,1,5,1),(206,2,5,1),(207,3,5,1),(208,4,5,1),(209,5,5,1),(210,6,5,1),(211,7,5,1),(212,8,5,1),(213,9,5,1),(214,10,5,1),(215,11,5,1),(216,12,5,1),(217,13,5,1),(218,14,5,1),(219,15,5,1),(220,16,5,1),(221,17,5,1),(222,18,5,1),(223,19,5,1),(224,20,5,1),(225,21,5,1),(226,22,5,1),(227,23,5,1),(228,24,5,1),(229,25,5,1),(230,26,5,1),(231,27,5,1),(232,28,5,1),(233,29,5,1),(234,30,5,1),(235,31,5,1),(236,32,5,1),(237,33,5,1),(238,34,5,1),(239,35,5,1),(240,36,5,1),(241,37,5,1),(242,38,5,1),(243,39,5,1),(244,40,5,1),(245,41,5,1),(246,42,5,1),(247,43,5,1),(248,44,5,1),(249,45,5,1),(250,46,5,1),(251,47,5,1),(252,48,5,1),(253,49,5,1),(254,50,5,1),(255,51,5,1),(256,1,6,1),(257,2,6,1),(258,3,6,1),(259,4,6,1),(260,5,6,1),(261,6,6,1),(262,7,6,1),(263,8,6,1),(264,9,6,1),(265,10,6,1),(266,11,6,1),(267,12,6,1),(268,13,6,1),(269,14,6,1),(270,15,6,1),(271,16,6,1),(272,17,6,1),(273,18,6,1),(274,19,6,1),(275,20,6,1),(276,21,6,1),(277,22,6,1),(278,23,6,1),(279,24,6,1),(280,25,6,1),(281,26,6,1),(282,27,6,1),(283,28,6,1),(284,29,6,1),(285,30,6,1),(286,31,6,1),(287,32,6,1),(288,33,6,1),(289,34,6,1),(290,35,6,1),(291,36,6,1),(292,37,6,1),(293,38,6,1),(294,39,6,1),(295,40,6,1),(296,41,6,1),(297,42,6,1),(298,43,6,1),(299,44,6,1),(300,45,6,1),(301,46,6,1),(302,47,6,1),(303,48,6,1),(304,49,6,1),(305,50,6,1),(306,51,6,1),(307,1,7,1),(308,2,7,1),(309,3,7,1),(310,4,7,1),(311,5,7,1),(312,6,7,1),(313,7,7,1),(314,8,7,1),(315,9,7,1),(316,10,7,1),(317,11,7,1),(318,12,7,1),(319,13,7,1),(320,14,7,1),(321,15,7,1),(322,16,7,1),(323,17,7,1),(324,18,7,1),(325,19,7,1),(326,20,7,1),(327,21,7,1),(328,22,7,1),(329,23,7,1),(330,24,7,1),(331,25,7,1),(332,26,7,1),(333,27,7,1),(334,28,7,1),(335,29,7,1),(336,30,7,1),(337,31,7,1),(338,32,7,1),(339,33,7,1),(340,34,7,1),(341,35,7,1),(342,36,7,1),(343,37,7,1),(344,38,7,1),(345,39,7,1),(346,40,7,1),(347,41,7,1),(348,42,7,1),(349,43,7,1),(350,44,7,1),(351,45,7,1),(352,46,7,1),(353,47,7,1),(354,48,7,1),(355,49,7,1),(356,50,7,1),(357,51,7,1);
/*!40000 ALTER TABLE `moduleaccess` ENABLE KEYS */;
UNLOCK TABLES;

--
-- Table structure for table `moduletranslate`
--

DROP TABLE IF EXISTS `moduletranslate`;
/*!40101 SET @saved_cs_client     = @@character_set_client */;
/*!40101 SET character_set_client = utf8 */;
CREATE TABLE `moduletranslate` (
  `moduleTranslateId` int(11) NOT NULL AUTO_INCREMENT COMMENT 'translate|',
  `moduleId` int(11) NOT NULL COMMENT 'accordion|',
  `languageId` int(11) NOT NULL COMMENT 'language|',
  `moduleNative` varchar(128) COLLATE utf8_unicode_ci NOT NULL COMMENT 'Accordion|',
  `isDefault` tinyint(1) NOT NULL,
  `isNew` tinyint(1) NOT NULL,
  `isDraft` tinyint(1) NOT NULL,
  `isUpdate` tinyint(1) NOT NULL,
  `isDelete` tinyint(1) NOT NULL,
  `isActive` tinyint(1) NOT NULL,
  `isApproved` tinyint(1) NOT NULL,
  `isReview` tinyint(1) NOT NULL,
  `ispost` tinyint(1) NOT NULL,
  `executeBy` int(11) NOT NULL,
  `executeTime` datetime NOT NULL,
  PRIMARY KEY (`moduleTranslateId`),
  KEY `moduleId` (`moduleId`),
  KEY `languageId` (`languageId`)
) ENGINE=InnoDB AUTO_INCREMENT=52 DEFAULT CHARSET=utf8 COLLATE=utf8_unicode_ci;
/*!40101 SET character_set_client = @saved_cs_client */;

--
-- Dumping data for table `moduletranslate`
--

LOCK TABLES `moduletranslate` WRITE;
/*!40000 ALTER TABLE `moduletranslate` DISABLE KEYS */;
INSERT INTO `moduletranslate` VALUES (1,1,21,'System',0,1,0,0,0,1,0,0,0,2,'2012-03-11 03:11:31'),(2,2,21,'Translation',0,1,0,0,0,1,0,0,0,2,'2012-03-11 03:11:31'),(3,3,21,'Personnel',0,1,0,0,0,1,0,0,0,2,'2012-03-11 03:11:31'),(4,4,21,'General Ledger',0,1,0,0,0,1,0,0,0,2,'2012-03-11 03:11:31'),(5,5,21,'Document Management',0,1,0,0,0,1,0,0,0,2,'2012-03-11 03:11:31'),(6,6,21,'Setting',0,1,0,0,0,1,0,0,0,2,'2012-03-11 03:11:31'),(7,7,21,'Vendor',0,1,0,0,0,1,0,0,0,2,'2012-03-11 03:11:31'),(8,8,21,'Setting',0,1,0,0,0,1,0,0,0,2,'2012-03-11 03:11:31'),(9,9,21,'Setting',0,1,0,0,0,1,0,0,0,2,'2012-03-11 03:11:31'),(10,10,21,'Setting',0,1,0,0,0,1,0,0,0,2,'2012-03-11 03:11:31'),(11,11,21,'Setting',0,1,0,0,0,1,0,0,0,2,'2012-03-11 03:11:31'),(12,12,21,'Cashbook',0,1,0,0,0,1,0,0,0,2,'2012-03-11 03:11:31'),(13,13,21,'Payroll',0,1,0,0,0,1,0,0,0,2,'2012-03-11 03:11:31'),(14,14,21,'Setting',0,1,0,0,0,1,0,0,0,2,'2012-03-11 03:11:31'),(15,15,21,'Setting',0,1,0,0,0,1,0,0,0,2,'2012-03-11 03:11:31'),(16,16,21,'Introduction',0,1,0,0,0,1,0,0,0,2,'2012-03-11 03:11:31'),(17,17,21,'Setting',0,1,0,0,0,1,0,0,0,2,'2012-03-11 03:11:31'),(18,18,21,'Memberships',0,1,0,0,0,1,0,0,0,2,'2012-03-11 03:11:31'),(19,19,21,'Dividens',0,1,0,0,0,1,0,0,0,2,'2012-03-11 03:11:31'),(20,20,21,'Bank',0,1,0,0,0,1,0,0,0,2,'2012-03-11 03:11:31'),(21,21,21,'Fix Asset',0,1,0,0,0,1,0,0,0,2,'2012-03-11 03:11:31'),(22,22,21,'Document Management',0,1,0,0,0,1,0,0,0,2,'2012-03-11 03:11:31'),(23,23,21,'Setting',0,1,0,0,0,1,0,0,0,2,'2012-03-11 03:11:31'),(24,24,21,'Human Resources',0,1,0,0,0,1,0,0,0,2,'2012-03-11 03:11:31'),(25,25,21,'Invoicing',0,1,0,0,0,1,0,0,0,2,'2012-03-11 03:11:31'),(26,26,21,'Report',0,1,0,0,0,1,0,0,0,2,'2012-03-11 03:11:31'),(27,27,21,'Tutorial',0,1,0,0,0,1,0,0,0,2,'2012-03-11 03:11:31'),(28,28,21,'Purchasing Order',0,1,0,0,0,1,0,0,0,2,'2012-03-11 03:11:31'),(29,29,21,'Human Resource',0,1,0,0,0,1,0,0,0,2,'2012-03-11 03:11:31'),(30,30,21,'Report',0,1,0,0,0,1,0,0,0,2,'2012-03-11 03:11:31'),(31,31,21,'Common ',0,1,0,0,0,1,0,0,0,2,'2012-03-11 03:11:31'),(32,32,21,'Asset Management',0,1,0,0,0,1,0,0,0,2,'2012-03-11 03:11:31'),(33,33,21,'Contact',0,1,0,0,0,1,0,0,0,2,'2012-03-11 03:11:31'),(34,34,21,'Report',0,1,0,0,0,1,0,0,0,2,'2012-03-11 03:11:31'),(35,35,21,'Report',0,1,0,0,0,1,0,0,0,2,'2012-03-11 03:11:31'),(36,36,21,'Report',0,1,0,0,0,1,0,0,0,2,'2012-03-11 03:11:31'),(37,37,21,'Report',0,1,0,0,0,1,0,0,0,2,'2012-03-11 03:11:31'),(38,38,21,'Report',0,1,0,0,0,1,0,0,0,2,'2012-03-11 03:11:31'),(39,39,21,'reserve',0,1,0,0,0,1,0,0,0,2,'2012-03-11 03:11:31'),(40,40,21,'Report',0,1,0,0,0,1,0,0,0,2,'2012-03-11 03:11:31'),(41,41,21,'Setting',0,1,0,0,0,1,0,0,0,2,'2012-03-11 03:11:31'),(42,42,21,'Business Partner',0,1,0,0,0,1,0,0,0,2,'2012-03-11 03:11:31'),(43,43,21,'Report',0,1,0,0,0,1,0,0,0,2,'2012-03-11 03:11:31'),(44,44,21,'Sample',0,1,0,0,0,1,0,0,0,2,'2012-03-11 03:11:31'),(45,45,21,'Cashbook',0,1,0,0,0,1,0,0,0,2,'2012-03-11 03:11:31'),(46,46,21,'Account Payable',0,1,0,0,0,1,0,0,0,2,'2012-03-11 03:11:31'),(47,47,21,'Account Receivable',0,1,0,0,0,1,0,0,0,2,'2012-03-11 03:11:31'),(48,48,21,'Project Accounting',0,1,0,0,0,1,0,0,0,2,'2012-03-11 03:11:31'),(49,49,21,'Sales Account Receivable',0,1,0,0,0,1,0,0,0,2,'2012-03-11 03:11:31'),(50,50,21,'Fix Asset',0,1,0,0,0,1,0,0,0,2,'2012-03-11 03:11:31'),(51,51,21,'Payroll',0,1,0,0,0,1,0,0,0,2,'2012-03-11 03:11:31');
/*!40000 ALTER TABLE `moduletranslate` ENABLE KEYS */;
UNLOCK TABLES;

--
-- Table structure for table `religionsample`
--

DROP TABLE IF EXISTS `religionsample`;
/*!40101 SET @saved_cs_client     = @@character_set_client */;
/*!40101 SET character_set_client = utf8 */;
CREATE TABLE `religionsample` (
  `religionId` int(11) NOT NULL AUTO_INCREMENT COMMENT 'Religion|',
  `religionTitle` varchar(128) COLLATE utf8_unicode_ci NOT NULL COMMENT 'Description|',
  `religionDesc` text COLLATE utf8_unicode_ci NOT NULL,
  `isDefault` tinyint(1) NOT NULL COMMENT 'default|',
  `isNew` tinyint(1) NOT NULL COMMENT 'New|',
  `isDraft` tinyint(1) NOT NULL COMMENT 'Draft|',
  `isUpdate` tinyint(1) NOT NULL COMMENT 'Updated|',
  `isDelete` tinyint(1) NOT NULL COMMENT 'Delete|',
  `isActive` tinyint(1) NOT NULL COMMENT 'Active|',
  `isApproved` tinyint(1) NOT NULL COMMENT 'Approved|',
  `isReview` tinyint(1) NOT NULL,
  `isPost` tinyint(1) NOT NULL,
  `executeBy` int(11) NOT NULL COMMENT 'By|',
  `executeTime` datetime NOT NULL,
  PRIMARY KEY (`religionId`)
) ENGINE=InnoDB AUTO_INCREMENT=33 DEFAULT CHARSET=utf8 COLLATE=utf8_unicode_ci;
/*!40101 SET character_set_client = @saved_cs_client */;

--
-- Dumping data for table `religionsample`
--

LOCK TABLES `religionsample` WRITE;
/*!40000 ALTER TABLE `religionsample` DISABLE KEYS */;
INSERT INTO `religionsample` VALUES (1,'Abrahamic religions','',1,0,1,0,0,0,0,0,0,2,'0000-00-00 00:00:00'),(2,'Indian religions','',0,0,0,0,0,0,0,0,0,2,'0000-00-00 00:00:00'),(3,'Iranian religions','',0,0,0,0,0,0,0,0,0,2,'0000-00-00 00:00:00'),(4,'East Asian religions','',0,0,0,0,0,0,0,0,0,2,'0000-00-00 00:00:00'),(5,'African diasporic religions','',0,0,0,0,0,0,0,0,0,2,'0000-00-00 00:00:00'),(6,'Indigenous traditional religions','',0,0,0,0,0,0,0,0,0,2,'0000-00-00 00:00:00'),(7,'Historical polytheism','',0,0,0,0,0,0,0,0,0,2,'0000-00-00 00:00:00'),(8,'Neopaganism','',0,0,0,0,0,0,0,0,0,2,'0000-00-00 00:00:00'),(9,'New Age, esotericism, mysticism','',0,0,0,0,0,0,0,0,0,2,'0000-00-00 00:00:00'),(10,'New religious movements','',0,0,0,0,0,0,0,0,0,2,'0000-00-00 00:00:00'),(11,'Fictional religions','',0,0,0,0,0,0,0,0,0,2,'0000-00-00 00:00:00'),(12,'Parody or mock religions','',0,0,0,0,0,0,0,0,0,2,'0000-00-00 00:00:00'),(13,'Others','',0,0,0,0,0,0,0,0,0,2,'0000-00-00 00:00:00'),(14,'1','',0,0,0,0,0,0,0,0,0,2,'0000-00-00 00:00:00'),(15,'2','',0,0,0,0,0,0,0,0,0,2,'0000-00-00 00:00:00'),(16,'3','',0,0,0,0,0,0,0,0,0,2,'0000-00-00 00:00:00'),(17,'Other categorisations','',0,0,0,0,0,0,0,0,0,2,'0000-00-00 00:00:00'),(18,'kambinf','',0,1,0,0,0,1,0,0,0,2,'2011-09-28 19:00:16'),(19,'koko','',0,1,0,0,0,1,0,0,0,2,'2011-09-29 20:14:04'),(20,'kokok','',0,1,0,0,0,1,0,0,0,2,'2011-09-29 20:15:14'),(21,'loklll999999999999999999999999','',0,0,0,0,1,0,0,0,0,2,'2011-10-25 09:26:39'),(22,'updats','',0,0,0,0,1,0,0,0,0,2,'2011-10-25 09:26:55'),(23,'hanafi','',0,1,0,0,0,1,0,0,0,2,'2011-10-25 09:28:08'),(24,'this entry is nice','',0,1,0,0,0,1,0,0,0,2,'2011-10-25 10:10:08'),(25,'kambing doll update','',0,0,0,1,0,1,0,0,0,2,'2011-10-25 11:16:37'),(26,'hantu','',0,1,0,0,0,1,0,0,0,2,'2011-11-12 12:17:11'),(27,'hantu2','',0,1,0,0,0,1,0,0,0,2,'2011-11-12 12:22:16'),(28,'hantu3','',0,1,0,0,0,1,0,0,0,2,'2011-11-12 12:22:42'),(29,'kambing x','',0,0,0,1,0,1,0,0,0,2,'2011-11-12 12:27:40'),(30,'kambing2','',0,1,0,0,0,1,0,0,0,2,'2011-11-12 12:38:04'),(31,'kambingxa','',0,0,0,0,1,0,0,0,0,2,'2011-11-12 13:09:19'),(32,'kambingxtttt','',0,0,0,0,1,0,0,0,0,2,'2011-11-12 13:27:12');
/*!40000 ALTER TABLE `religionsample` ENABLE KEYS */;
UNLOCK TABLES;

--
-- Table structure for table `religionsampledetail`
--

DROP TABLE IF EXISTS `religionsampledetail`;
/*!40101 SET @saved_cs_client     = @@character_set_client */;
/*!40101 SET character_set_client = utf8 */;
CREATE TABLE `religionsampledetail` (
  `religionDetailId` int(11) NOT NULL AUTO_INCREMENT COMMENT 'Religion|',
  `religionId` int(11) NOT NULL,
  `religionDetailTitle` varchar(128) COLLATE utf8_unicode_ci NOT NULL COMMENT 'Description|',
  `religionDetailDesc` text COLLATE utf8_unicode_ci NOT NULL,
  `isDefault` tinyint(1) NOT NULL COMMENT 'default|',
  `isNew` tinyint(1) NOT NULL COMMENT 'New|',
  `isDraft` tinyint(1) NOT NULL COMMENT 'Draft|',
  `isUpdate` tinyint(1) NOT NULL COMMENT 'Updated|',
  `isDelete` tinyint(1) NOT NULL COMMENT 'Delete|',
  `isActive` tinyint(1) NOT NULL COMMENT 'Active|',
  `isApproved` tinyint(1) NOT NULL COMMENT 'Approved|',
  `isReview` tinyint(1) NOT NULL,
  `isPost` tinyint(1) NOT NULL,
  `executeBy` int(11) NOT NULL COMMENT 'By|',
  `executeTime` datetime NOT NULL,
  PRIMARY KEY (`religionDetailId`),
  KEY `religionId` (`religionId`),
  CONSTRAINT `religionsampledetail_ibfk_1` FOREIGN KEY (`religionId`) REFERENCES `religionsample` (`religionId`) ON DELETE CASCADE ON UPDATE CASCADE
) ENGINE=InnoDB AUTO_INCREMENT=53 DEFAULT CHARSET=utf8 COLLATE=utf8_unicode_ci;
/*!40101 SET character_set_client = @saved_cs_client */;

--
-- Dumping data for table `religionsampledetail`
--

LOCK TABLES `religionsampledetail` WRITE;
/*!40000 ALTER TABLE `religionsampledetail` DISABLE KEYS */;
INSERT INTO `religionsampledetail` VALUES (1,1,'Bábism','',0,0,0,0,0,0,0,0,0,2,'0000-00-00 00:00:00'),(2,1,'Bahá\'í Faith','',0,0,0,0,0,0,0,0,0,2,'0000-00-00 00:00:00'),(3,1,'Christianity','',0,0,0,0,0,0,0,0,0,2,'0000-00-00 00:00:00'),(4,1,'Gnosticism','',0,0,0,0,0,0,0,0,0,2,'0000-00-00 00:00:00'),(5,1,'Islam','',0,0,0,0,0,0,0,0,0,2,'0000-00-00 00:00:00'),(6,1,'Judaism','',0,0,0,0,0,0,0,0,0,2,'0000-00-00 00:00:00'),(7,1,'Rastafari movement','',0,0,0,0,0,0,0,0,0,2,'0000-00-00 00:00:00'),(8,1,'Mandaeans and Sabians','',0,0,0,0,0,0,0,0,0,2,'0000-00-00 00:00:00'),(9,1,'Samaritanism','',0,0,0,0,0,0,0,0,0,2,'0000-00-00 00:00:00'),(10,1,'Unitarian Universalism','',0,0,0,0,0,0,0,0,0,2,'0000-00-00 00:00:00'),(11,2,'Ayyavazhi','',0,0,0,0,0,0,0,0,0,2,'0000-00-00 00:00:00'),(12,2,'Bhakti Movement','',0,0,0,0,0,0,0,0,0,2,'0000-00-00 00:00:00'),(13,2,'Buddhism','',0,0,0,0,0,0,0,0,0,2,'0000-00-00 00:00:00'),(14,2,'Din-i-Ilahi','',0,0,0,0,0,0,0,0,0,2,'0000-00-00 00:00:00'),(15,2,'Hinduism','',0,0,0,0,0,0,0,0,0,2,'0000-00-00 00:00:00'),(16,2,'Jainism','',0,0,0,0,0,0,0,0,0,2,'0000-00-00 00:00:00'),(17,2,'Sikhism','',0,0,0,0,0,0,0,0,0,2,'0000-00-00 00:00:00'),(18,3,'Manichaeism','',0,0,0,0,0,0,0,0,0,2,'0000-00-00 00:00:00'),(19,3,'Mazdakism','',0,0,0,0,0,0,0,0,0,2,'0000-00-00 00:00:00'),(20,3,'Mithraism','',0,0,0,0,0,0,0,0,0,2,'0000-00-00 00:00:00'),(21,3,'Yazdânism','',0,0,0,0,0,0,0,0,0,2,'0000-00-00 00:00:00'),(22,4,'Zoroastrianism','',0,0,0,0,0,0,0,0,0,2,'0000-00-00 00:00:00'),(23,4,'Confucianism','',0,0,0,0,0,0,0,0,0,2,'0000-00-00 00:00:00'),(24,4,'Shinto','',0,0,0,0,0,0,0,0,0,2,'0000-00-00 00:00:00'),(25,4,'Taoism','',0,0,0,0,0,0,0,0,0,2,'0000-00-00 00:00:00'),(26,4,'Other','',0,0,0,0,0,0,0,0,0,2,'0000-00-00 00:00:00'),(27,6,'African','',0,0,0,0,0,0,0,0,0,2,'0000-00-00 00:00:00'),(28,6,'American','',0,0,0,0,0,0,0,0,0,2,'0000-00-00 00:00:00'),(29,6,'Eurasian','',0,0,0,0,0,0,0,0,0,2,'0000-00-00 00:00:00'),(30,6,'Oceania/Pacific','',0,0,0,0,0,0,0,0,0,2,'0000-00-00 00:00:00'),(31,7,'Ancient Near Eastern','',0,0,0,0,0,0,0,0,0,2,'0000-00-00 00:00:00'),(32,7,'Indo-European','',0,0,0,0,0,0,0,0,0,2,'0000-00-00 00:00:00'),(33,7,'Hellenistic','',0,0,0,0,0,0,0,0,0,2,'0000-00-00 00:00:00'),(34,9,'New Age','',0,0,0,0,0,0,0,0,0,2,'0000-00-00 00:00:00'),(35,9,'Esotericism and mysticism','',0,0,0,0,0,0,0,0,0,2,'0000-00-00 00:00:00'),(36,9,'Occult and magical','',0,0,0,0,0,0,0,0,0,2,'0000-00-00 00:00:00'),(37,9,'Left-Hand Path','',0,0,0,0,0,0,0,0,0,2,'0000-00-00 00:00:00'),(38,10,'Creativity','',0,0,0,0,0,0,0,0,0,2,'0000-00-00 00:00:00'),(39,10,'Philosophical','',0,0,0,0,0,0,0,0,0,2,'0000-00-00 00:00:00'),(40,10,'New Thought','',0,0,0,0,0,0,0,0,0,2,'0000-00-00 00:00:00'),(41,10,'Shinshukyo','',0,0,0,0,0,0,0,0,0,2,'0000-00-00 00:00:00'),(43,1,'','',0,1,0,0,0,1,0,0,0,2,'2011-09-26 22:56:02'),(44,1,'xmen','',0,1,0,0,0,1,0,0,0,2,'2011-09-26 23:01:11'),(45,1,'dotard','klhjl\r\n',0,1,0,0,0,1,0,0,0,2,'2011-09-26 23:03:26'),(46,1,'lol','',0,1,0,0,0,1,0,0,0,2,'2011-09-26 23:08:09'),(47,1,'6','',0,1,0,0,0,1,0,0,0,2,'2011-09-26 23:09:06'),(48,1,'gogo power rangers','kaizaban',0,1,0,0,0,1,0,0,0,2,'2011-09-26 23:14:03'),(49,20,'koko','kokoi',0,1,0,0,0,1,0,0,0,2,'2011-09-29 20:17:27'),(50,21,'loki1','LOKI2',0,1,0,0,0,1,0,0,0,2,'2011-09-29 20:22:19'),(51,21,'LOKI4','LOKI3',0,1,0,0,0,1,0,0,0,2,'2011-09-29 20:26:51'),(52,21,'EDIT1','9',0,0,0,1,0,1,0,0,0,2,'2011-09-29 21:19:07');
/*!40000 ALTER TABLE `religionsampledetail` ENABLE KEYS */;
UNLOCK TABLES;

--
-- Table structure for table `staff`
--

DROP TABLE IF EXISTS `staff`;
/*!40101 SET @saved_cs_client     = @@character_set_client */;
/*!40101 SET character_set_client = utf8 */;
CREATE TABLE `staff` (
  `staffId` int(11) NOT NULL AUTO_INCREMENT COMMENT 'Staff|',
  `teamId` int(11) NOT NULL COMMENT 'crew|',
  `departmentId` int(11) NOT NULL,
  `languageId` int(11) NOT NULL COMMENT 'Language|',
  `themeId` int(11) NOT NULL COMMENT 'Language|',
  `themeType` tinyint(1) NOT NULL COMMENT 'shuffle|',
  `staffPassword` varchar(32) COLLATE utf8_unicode_ci NOT NULL COMMENT 'Password|',
  `staffName` varchar(64) COLLATE utf8_unicode_ci NOT NULL COMMENT 'Name|',
  `staffNo` varchar(32) COLLATE utf8_unicode_ci NOT NULL COMMENT 'Number|',
  `staffIc` varchar(64) COLLATE utf8_unicode_ci NOT NULL COMMENT 'Identification|',
  `staffAvatar` varchar(128) COLLATE utf8_unicode_ci NOT NULL COMMENT 'Avatar|',
  `isDefault` int(1) NOT NULL,
  `isNew` tinyint(1) NOT NULL COMMENT 'New|',
  `isDraft` tinyint(1) NOT NULL COMMENT 'Draft|',
  `isUpdate` tinyint(1) NOT NULL COMMENT 'Updated|',
  `isDelete` tinyint(1) NOT NULL COMMENT 'Delete|',
  `isActive` tinyint(1) NOT NULL COMMENT 'Active|',
  `isApproved` tinyint(1) NOT NULL COMMENT 'Approved|',
  `isReview` tinyint(1) NOT NULL,
  `isPost` tinyint(1) NOT NULL,
  `executeBy` int(11) NOT NULL COMMENT 'By|',
  `executeTime` datetime NOT NULL,
  PRIMARY KEY (`staffId`),
  KEY `isPost` (`isPost`),
  KEY `isReview` (`isReview`),
  KEY `isApproved` (`isApproved`),
  KEY `isActive` (`isActive`),
  KEY `isDelete` (`isDelete`),
  KEY `isUpdate` (`isUpdate`),
  KEY `isNew` (`isNew`),
  KEY `isDraft` (`isDraft`)
) ENGINE=InnoDB AUTO_INCREMENT=10 DEFAULT CHARSET=utf8 COLLATE=utf8_unicode_ci COMMENT='Clerk,System Admin';
/*!40101 SET character_set_client = @saved_cs_client */;

--
-- Dumping data for table `staff`
--

LOCK TABLES `staff` WRITE;
/*!40000 ALTER TABLE `staff` DISABLE KEYS */;
INSERT INTO `staff` VALUES (2,1,1,21,0,0,'690b2646e03f5411e297d208b79d4807','root','','','',0,0,0,1,0,1,2,0,0,2,'0000-00-00 00:00:00'),(3,1,1,21,0,0,'690b2646e03f5411e297d208b79d4807','admin','','','',0,0,0,1,0,1,2,0,0,2,'0000-00-00 00:00:00'),(4,2,1,21,0,0,'690b2646e03f5411e297d208b79d4807','supervisor','','','',0,0,0,1,0,1,2,0,0,2,'0000-00-00 00:00:00'),(5,3,1,21,0,0,'690b2646e03f5411e297d208b79d4807','staff','','','',0,0,0,1,0,1,2,0,0,2,'0000-00-00 00:00:00'),(6,4,1,21,0,0,'690b2646e03f5411e297d208b79d4807','member','','','',0,0,0,1,0,1,2,0,0,2,'0000-00-00 00:00:00'),(7,5,1,21,0,0,'690b2646e03f5411e297d208b79d4807','demo','','','',0,0,0,1,0,1,2,0,0,2,'0000-00-00 00:00:00'),(8,6,1,21,0,0,'690b2646e03f5411e297d208b79d4807','manager','','','',0,0,0,1,0,1,2,0,0,2,'0000-00-00 00:00:00'),(9,7,1,21,0,0,'690b2646e03f5411e297d208b79d4807','portal visitor','','','',0,0,0,1,0,1,2,0,0,2,'0000-00-00 00:00:00');
/*!40000 ALTER TABLE `staff` ENABLE KEYS */;
UNLOCK TABLES;

--
-- Table structure for table `staffwebaccess`
--

DROP TABLE IF EXISTS `staffwebaccess`;
/*!40101 SET @saved_cs_client     = @@character_set_client */;
/*!40101 SET character_set_client = utf8 */;
CREATE TABLE `staffwebaccess` (
  `staffWebAccessId` int(11) NOT NULL AUTO_INCREMENT,
  `staffId` int(11) NOT NULL,
  `staffWebAccessLogIn` datetime NOT NULL,
  `staffWebAccessLogOut` datetime NOT NULL,
  `phpSession` varchar(32) CHARACTER SET latin1 NOT NULL,
  PRIMARY KEY (`staffWebAccessId`)
) ENGINE=InnoDB DEFAULT CHARSET=utf8 COLLATE=utf8_unicode_ci COMMENT='System Access Audit Log....';
/*!40101 SET character_set_client = @saved_cs_client */;

--
-- Dumping data for table `staffwebaccess`
--

LOCK TABLES `staffwebaccess` WRITE;
/*!40000 ALTER TABLE `staffwebaccess` DISABLE KEYS */;
/*!40000 ALTER TABLE `staffwebaccess` ENABLE KEYS */;
UNLOCK TABLES;

--
-- Table structure for table `state`
--

DROP TABLE IF EXISTS `state`;
/*!40101 SET @saved_cs_client     = @@character_set_client */;
/*!40101 SET character_set_client = utf8 */;
CREATE TABLE `state` (
  `stateId` int(11) NOT NULL AUTO_INCREMENT,
  `countryId` int(11) NOT NULL,
  `stateSequence` int(11) NOT NULL,
  `stateCode` varchar(4) COLLATE utf8_unicode_ci NOT NULL,
  `stateDesc` text COLLATE utf8_unicode_ci NOT NULL,
  `isDefault` tinyint(1) NOT NULL,
  `isNew` tinyint(1) NOT NULL,
  `isDraft` tinyint(1) NOT NULL,
  `isUpdate` tinyint(1) NOT NULL,
  `isDelete` tinyint(1) NOT NULL,
  `isActive` tinyint(1) NOT NULL,
  `isApproved` tinyint(1) NOT NULL,
  `isReview` tinyint(1) NOT NULL,
  `isPost` tinyint(1) NOT NULL,
  `executeBy` tinyint(1) NOT NULL,
  `executeTime` tinyint(1) NOT NULL,
  PRIMARY KEY (`stateId`)
) ENGINE=InnoDB AUTO_INCREMENT=17 DEFAULT CHARSET=utf8 COLLATE=utf8_unicode_ci;
/*!40101 SET character_set_client = @saved_cs_client */;

--
-- Dumping data for table `state`
--

LOCK TABLES `state` WRITE;
/*!40000 ALTER TABLE `state` DISABLE KEYS */;
INSERT INTO `state` VALUES (1,24,0,'','Pulau Pinang',0,0,0,0,0,1,0,0,0,2,0),(2,24,0,'','Perak',0,0,0,0,0,1,0,0,0,2,0),(3,24,0,'','Selangor',0,0,0,0,0,1,0,0,0,2,0),(4,24,0,'','Wilayah Persekutuan',0,0,0,0,0,1,0,0,0,2,0),(5,24,0,'','Putrajaya',0,0,0,0,0,1,0,0,0,2,0),(6,24,0,'','N. Sembilan',0,0,0,0,0,1,0,0,0,2,0),(7,24,0,'','Melaka',0,0,0,0,0,1,0,0,0,2,0),(8,24,0,'','Johor',0,0,0,0,0,1,0,0,0,2,0),(9,24,0,'','Pahang',0,0,0,0,0,1,0,0,0,2,0),(10,24,0,'','Terengganu',0,0,0,0,0,1,0,0,0,2,0),(11,24,0,'','Kelantan',0,0,0,0,0,1,0,0,0,2,0),(12,24,0,'','Sabah',0,0,0,0,0,1,0,0,0,2,0),(13,24,0,'','W.P Labuan',0,0,0,0,0,1,0,0,0,2,0),(14,24,0,'','Sarawak',0,0,0,0,0,1,0,0,0,2,0),(15,24,0,'','Perlis',0,0,0,0,0,1,0,0,0,2,0),(16,24,0,'','Kedah',0,0,0,0,0,1,0,0,0,2,0);
/*!40000 ALTER TABLE `state` ENABLE KEYS */;
UNLOCK TABLES;

--
-- Table structure for table `systemSetting`
--

DROP TABLE IF EXISTS `systemSetting`;
/*!40101 SET @saved_cs_client     = @@character_set_client */;
/*!40101 SET character_set_client = utf8 */;
CREATE TABLE `systemSetting` (
  `templateId` int(11) NOT NULL AUTO_INCREMENT COMMENT 'Accordion|',
  `systemSettingDateFormat` varchar(128) COLLATE utf8_unicode_ci NOT NULL,
  `systemSettingTimeFormat` varchar(128) COLLATE utf8_unicode_ci NOT NULL,
  `systemSettingNumberFormat` varchar(128) COLLATE utf8_unicode_ci NOT NULL,
  `countryId` int(11) NOT NULL COMMENT 'This is based on Financial Country..',
  `systemSettingCurrencyFormat` varchar(128) COLLATE utf8_unicode_ci NOT NULL,
  `isDefault` tinyint(1) NOT NULL,
  `isNew` tinyint(1) NOT NULL COMMENT 'New|',
  `isDraft` tinyint(1) NOT NULL COMMENT 'Draft|',
  `isUpdate` tinyint(1) NOT NULL COMMENT 'Updated|',
  `isDelete` tinyint(1) NOT NULL COMMENT 'Delete|',
  `isActive` tinyint(1) NOT NULL COMMENT 'Active|',
  `isApproved` tinyint(1) NOT NULL COMMENT 'Approved|',
  `isReview` tinyint(1) NOT NULL,
  `isPost` tinyint(1) NOT NULL,
  `executeBy` int(11) NOT NULL COMMENT 'By|',
  `executeTime` datetime NOT NULL,
  PRIMARY KEY (`templateId`),
  KEY `countryId` (`countryId`),
  CONSTRAINT `systemsetting_ibfk_1` FOREIGN KEY (`countryId`) REFERENCES `country` (`countryId`)
) ENGINE=InnoDB AUTO_INCREMENT=2 DEFAULT CHARSET=utf8 COLLATE=utf8_unicode_ci COMMENT='application';
/*!40101 SET character_set_client = @saved_cs_client */;

--
-- Dumping data for table `systemSetting`
--

LOCK TABLES `systemSetting` WRITE;
/*!40000 ALTER TABLE `systemSetting` DISABLE KEYS */;
INSERT INTO `systemSetting` VALUES (1,'d-m-Y','H:g:i:s','0,00',101,'RM',0,0,0,0,0,0,0,0,0,2,'0000-00-00 00:00:00');
/*!40000 ALTER TABLE `systemSetting` ENABLE KEYS */;
UNLOCK TABLES;

--
-- Table structure for table `systemstring`
--

DROP TABLE IF EXISTS `systemstring`;
/*!40101 SET @saved_cs_client     = @@character_set_client */;
/*!40101 SET character_set_client = utf8 */;
CREATE TABLE `systemstring` (
  `systemStringId` int(11) NOT NULL AUTO_INCREMENT COMMENT 'Accordion|',
  `systemStringCode` varchar(32) COLLATE utf8_unicode_ci NOT NULL,
  `systemStringEnglish` varchar(128) COLLATE utf8_unicode_ci NOT NULL,
  `isDefault` tinyint(1) NOT NULL,
  `isNew` tinyint(1) NOT NULL COMMENT 'New|',
  `isDraft` tinyint(1) NOT NULL COMMENT 'Draft|',
  `isUpdate` tinyint(1) NOT NULL COMMENT 'Updated|',
  `isDelete` tinyint(1) NOT NULL COMMENT 'Delete|',
  `isActive` tinyint(1) NOT NULL COMMENT 'Active|',
  `isApproved` tinyint(1) NOT NULL COMMENT 'Approved|',
  `isReview` tinyint(1) NOT NULL,
  `isPost` tinyint(1) NOT NULL,
  `executeBy` int(11) NOT NULL COMMENT 'By|',
  `executeTime` datetime NOT NULL,
  PRIMARY KEY (`systemStringId`)
) ENGINE=InnoDB AUTO_INCREMENT=15 DEFAULT CHARSET=utf8 COLLATE=utf8_unicode_ci COMMENT='application';
/*!40101 SET character_set_client = @saved_cs_client */;

--
-- Dumping data for table `systemstring`
--

LOCK TABLES `systemstring` WRITE;
/*!40000 ALTER TABLE `systemstring` DISABLE KEYS */;
INSERT INTO `systemstring` VALUES (1,'create','Record Created.',0,1,0,0,0,1,0,0,0,2,'2011-12-11 10:51:43'),(2,'update','Record Updated.',0,1,0,0,0,1,0,0,0,2,'2011-12-11 10:51:43'),(3,'delete','Record Deleted.',0,1,0,0,0,1,0,0,0,2,'2011-12-11 10:51:43'),(4,'duplicate','Code Required duplicate.',0,1,0,0,0,1,0,0,0,2,'2011-12-11 10:51:43'),(5,'notDuplicate','Code Required Not Duplicate.',0,1,0,0,0,1,0,0,0,2,'2011-12-11 10:51:43'),(6,'fileFound','File Request Founded',0,1,0,0,0,1,0,0,0,2,'2011-12-11 10:51:43'),(7,'fileNotFound','File Request Not  Founded',0,1,0,0,0,1,0,0,0,2,'2011-12-11 10:51:43'),(8,'recordFound','Record Search Founded',0,1,0,0,0,1,0,0,0,2,'2011-12-11 10:51:43'),(9,'recordNotFound','Record Search Not Founded',0,1,0,0,0,1,0,0,0,2,'2011-12-11 10:51:43'),(11,'nonSupportedDatabase','Database Request Not Found ',0,1,0,0,0,1,0,0,0,2,'2011-12-11 10:51:43'),(12,'posting','Transaction Post To General Ledger',0,1,0,0,0,1,0,0,0,2,'2011-12-11 10:51:43'),(13,'loginAccess','Access Granted',0,1,0,0,0,1,0,0,0,2,'2011-12-11 10:51:43'),(14,'loginError','Access Denied',0,1,0,0,0,1,0,0,0,2,'2011-12-11 10:51:43');
/*!40000 ALTER TABLE `systemstring` ENABLE KEYS */;
UNLOCK TABLES;

--
-- Table structure for table `systemstringtranslate`
--

DROP TABLE IF EXISTS `systemstringtranslate`;
/*!40101 SET @saved_cs_client     = @@character_set_client */;
/*!40101 SET character_set_client = utf8 */;
CREATE TABLE `systemstringtranslate` (
  `systemStringTranslateId` int(11) NOT NULL AUTO_INCREMENT COMMENT 'Accordion|',
  `systemStringId` int(11) NOT NULL,
  `systemStringCode` varchar(32) COLLATE utf8_unicode_ci NOT NULL,
  `languageId` int(11) NOT NULL,
  `systemStringNative` varchar(128) COLLATE utf8_unicode_ci NOT NULL,
  `isDefault` tinyint(1) NOT NULL,
  `isNew` tinyint(1) NOT NULL COMMENT 'New|',
  `isDraft` tinyint(1) NOT NULL COMMENT 'Draft|',
  `isUpdate` tinyint(1) NOT NULL COMMENT 'Updated|',
  `isDelete` tinyint(1) NOT NULL COMMENT 'Delete|',
  `isActive` tinyint(1) NOT NULL COMMENT 'Active|',
  `isApproved` tinyint(1) NOT NULL COMMENT 'Approved|',
  `isReview` tinyint(1) NOT NULL,
  `isPost` tinyint(1) NOT NULL,
  `executeBy` int(11) NOT NULL COMMENT 'By|',
  `executeTime` datetime NOT NULL,
  PRIMARY KEY (`systemStringTranslateId`)
) ENGINE=InnoDB AUTO_INCREMENT=16 DEFAULT CHARSET=utf8 COLLATE=utf8_unicode_ci COMMENT='application';
/*!40101 SET character_set_client = @saved_cs_client */;

--
-- Dumping data for table `systemstringtranslate`
--

LOCK TABLES `systemstringtranslate` WRITE;
/*!40000 ALTER TABLE `systemstringtranslate` DISABLE KEYS */;
INSERT INTO `systemstringtranslate` VALUES (1,1,'create',21,'Record Created.',0,0,0,0,0,0,0,0,0,0,'0000-00-00 00:00:00'),(2,2,'update',21,'Record Updated.',0,0,0,0,0,0,0,0,0,0,'0000-00-00 00:00:00'),(3,3,'delete',21,'Record Deleted.',0,0,0,0,0,0,0,0,0,0,'0000-00-00 00:00:00'),(4,4,'duplicate',21,'Code Required duplicate.',0,0,0,0,0,0,0,0,0,0,'0000-00-00 00:00:00'),(5,5,'notDuplicate',21,'Code Required Not Duplicate.',0,0,0,0,0,0,0,0,0,0,'0000-00-00 00:00:00'),(6,6,'fileFound',21,'File Request Founded',0,0,0,0,0,0,0,0,0,0,'0000-00-00 00:00:00'),(7,7,'fileNotFound',21,'File Request Not  Founded',0,0,0,0,0,0,0,0,0,0,'0000-00-00 00:00:00'),(8,8,'recordFound',21,'Record Search Founded',0,0,0,0,0,0,0,0,0,0,'0000-00-00 00:00:00'),(9,9,'recordNotFound',21,'Record Search Not Founded',0,0,0,0,0,0,0,0,0,0,'0000-00-00 00:00:00'),(11,11,'nonSupportedDatabase',21,'Database Request Not Found ',0,0,0,0,0,0,0,0,0,0,'0000-00-00 00:00:00'),(12,12,'read',21,'Record  Loaded',0,0,0,0,0,0,0,0,0,0,'0000-00-00 00:00:00'),(13,12,'posting',21,'Transaction Post To General Ledger',0,0,0,0,0,0,0,0,0,0,'0000-00-00 00:00:00'),(14,12,'loginSuccess',21,'Access Granted',0,0,0,0,0,0,0,0,0,0,'0000-00-00 00:00:00'),(15,12,'loginError',21,'Access Denied',0,0,0,0,0,0,0,0,0,0,'0000-00-00 00:00:00');
/*!40000 ALTER TABLE `systemstringtranslate` ENABLE KEYS */;
UNLOCK TABLES;

--
-- Table structure for table `tablemapping`
--

DROP TABLE IF EXISTS `tablemapping`;
/*!40101 SET @saved_cs_client     = @@character_set_client */;
/*!40101 SET character_set_client = utf8 */;
CREATE TABLE `tablemapping` (
  `tableMappingId` int(11) NOT NULL AUTO_INCREMENT COMMENT 'Mapping|',
  `database` varchar(128) COLLATE utf8_unicode_ci NOT NULL,
  `tableMappingName` varchar(64) COLLATE utf8_unicode_ci NOT NULL COMMENT 'Table|',
  `tableMappingColumnName` varchar(128) COLLATE utf8_unicode_ci NOT NULL COMMENT 'Column|',
  `tableMappingEnglish` varchar(128) COLLATE utf8_unicode_ci NOT NULL COMMENT 'English|',
  `isDefault` tinyint(1) NOT NULL,
  `isNew` tinyint(1) NOT NULL,
  `isDraft` tinyint(1) NOT NULL,
  `isUpdate` tinyint(1) NOT NULL,
  `isDelete` tinyint(1) NOT NULL,
  `isActive` tinyint(1) NOT NULL,
  `isApproved` tinyint(1) NOT NULL,
  `isReview` tinyint(1) NOT NULL,
  `isPost` tinyint(1) NOT NULL,
  `executeBy` int(11) NOT NULL,
  `executeTime` datetime NOT NULL,
  PRIMARY KEY (`tableMappingId`)
) ENGINE=InnoDB AUTO_INCREMENT=20604 DEFAULT CHARSET=utf8 COLLATE=utf8_unicode_ci;
/*!40101 SET character_set_client = @saved_cs_client */;

--
-- Dumping data for table `tablemapping`
--

LOCK TABLES `tablemapping` WRITE;
/*!40000 ALTER TABLE `tablemapping` DISABLE KEYS */;
INSERT INTO `tablemapping` VALUES (1,'iLog','log','logId','log',0,0,0,0,0,0,0,0,0,2,'2011-12-01 09:22:48'),(2,'iLog','log','leafId','leaf',0,0,0,0,0,0,0,0,0,2,'2011-12-01 09:22:48'),(3,'iLog','log','operation','Operation',0,0,0,0,0,0,0,0,0,2,'2011-12-01 09:22:48'),(4,'iLog','log','sql','Sql',0,0,0,0,0,0,0,0,0,2,'2011-12-01 09:22:48'),(5,'iLog','log','date','Date',0,0,0,0,0,0,0,0,0,2,'2011-12-01 09:22:48'),(6,'iLog','log','staffId','staff',0,0,0,0,0,0,0,0,0,2,'2011-12-01 09:22:48'),(7,'iLog','log','access','Access',0,0,0,0,0,0,0,0,0,2,'2011-12-01 09:22:48'),(8,'iLog','log','logError','Error',0,0,0,0,0,0,0,0,0,2,'2011-12-01 09:22:49'),(9,'iLog','logadvance','logAdvanceId','logAdvance',0,0,0,0,0,0,0,0,0,2,'2011-12-01 09:22:49'),(10,'iLog','logadvance','logAdvanceText','Log Text',0,0,0,0,0,0,0,0,0,2,'2011-12-01 09:22:49'),(11,'iLog','logadvance','logAdvanceType','Log Type',0,0,0,0,0,0,0,0,0,2,'2011-12-01 09:22:49'),(12,'iLog','logadvance','logAdvanceComparision','Log Comparision',0,0,0,0,0,0,0,0,0,2,'2011-12-01 09:22:49'),(13,'iLog','logadvance','refTableName','Ref Name',0,0,0,0,0,0,0,0,0,2,'2011-12-01 09:22:49'),(14,'iLog','logadvance','leafId','leaf',0,0,0,0,0,0,0,0,0,2,'2011-12-01 09:22:49'),(15,'iLog','logadvance','executeBy','By',0,0,0,0,0,0,0,0,0,2,'2011-12-01 09:22:49'),(16,'iLog','logadvance','executeTime','Time',0,0,0,0,0,0,0,0,0,2,'2011-12-01 09:22:49'),(18742,'iFinancial','adjustment','adjustmentLedgerId','adjustmentLedger',0,0,0,0,0,0,0,0,0,2,'2011-12-27 08:08:11'),(18743,'iFinancial','adjustment','documentNo','Document No',0,0,0,0,0,0,0,0,0,2,'2011-12-27 08:08:11'),(18744,'iFinancial','adjustment','referenceNo','Reference No',0,0,0,0,0,0,0,0,0,2,'2011-12-27 08:08:11'),(18745,'iFinancial','adjustment','adjustmentLedgerTitle','Ledger Title',0,0,0,0,0,0,0,0,0,2,'2011-12-27 08:08:11'),(18746,'iFinancial','adjustment','adjustmentLedgerDesc','Ledger Desc',0,0,0,0,0,0,0,0,0,2,'2011-12-27 08:08:11'),(18747,'iFinancial','adjustment','adjustmentLedgerDate','Ledger Date',0,0,0,0,0,0,0,0,0,2,'2011-12-27 08:08:11'),(18748,'iFinancial','adjustment','adjustmentLedgerAmount','Ledger Amount',0,0,0,0,0,0,0,0,0,2,'2011-12-27 08:08:11'),(18749,'iFinancial','adjustment','businessPartnerId','businessPartner',0,0,0,0,0,0,0,0,0,2,'2011-12-27 08:08:11'),(18750,'iFinancial','adjustment','invoiceCategoryId','invoiceCategory',0,0,0,0,0,0,0,0,0,2,'2011-12-27 08:08:11'),(18751,'iFinancial','adjustment','invoiceTypeId','invoiceType',0,0,0,0,0,0,0,0,0,2,'2011-12-27 08:08:11'),(18752,'iFinancial','adjustment','invoiceId','invoice',0,0,0,0,0,0,0,0,0,2,'2011-12-27 08:08:11'),(18753,'iFinancial','adjustment','isDefault','Default',0,0,0,0,0,0,0,0,0,2,'2011-12-27 08:08:11'),(18754,'iFinancial','adjustment','isNew','New',0,0,0,0,0,0,0,0,0,2,'2011-12-27 08:08:11'),(18755,'iFinancial','adjustment','isDraft','Draft',0,0,0,0,0,0,0,0,0,2,'2011-12-27 08:08:11'),(18756,'iFinancial','adjustment','isUpdate','Update',0,0,0,0,0,0,0,0,0,2,'2011-12-27 08:08:11'),(18757,'iFinancial','adjustment','isDelete','Delete',0,0,0,0,0,0,0,0,0,2,'2011-12-27 08:08:11'),(18758,'iFinancial','adjustment','isActive','Active',0,0,0,0,0,0,0,0,0,2,'2011-12-27 08:08:11'),(18759,'iFinancial','adjustment','isApproved','Approved',0,0,0,0,0,0,0,0,0,2,'2011-12-27 08:08:11'),(18760,'iFinancial','adjustment','isReview','Review',0,0,0,0,0,0,0,0,0,2,'2011-12-27 08:08:11'),(18761,'iFinancial','adjustment','isPost','Post',0,0,0,0,0,0,0,0,0,2,'2011-12-27 08:08:11'),(18762,'iFinancial','adjustment','executeBy','By',0,0,0,0,0,0,0,0,0,2,'2011-12-27 08:08:11'),(18763,'iFinancial','adjustment','executeTime','Time',0,0,0,0,0,0,0,0,0,2,'2011-12-27 08:08:11'),(18764,'iFinancial','adjustmentLedger','adjustmentLedgerId','adjustmentLedger',0,0,0,0,0,0,0,0,0,2,'2011-12-27 08:08:11'),(18765,'iFinancial','adjustmentLedger','AdjustmentTypeId','AdjustmentType',0,0,0,0,0,0,0,0,0,2,'2011-12-27 08:08:11'),(18766,'iFinancial','adjustmentLedger','documentNo','Document No',0,0,0,0,0,0,0,0,0,2,'2011-12-27 08:08:11'),(18767,'iFinancial','adjustmentLedger','referenceNo','Reference No',0,0,0,0,0,0,0,0,0,2,'2011-12-27 08:08:11'),(18768,'iFinancial','adjustmentLedger','adjustmentLedgerTitle','Title',0,0,0,0,0,0,0,0,0,2,'2011-12-27 08:08:11'),(18769,'iFinancial','adjustmentLedger','adjustmentLedgerDesc','Desc',0,0,0,0,0,0,0,0,0,2,'2011-12-27 08:08:11'),(18770,'iFinancial','adjustmentLedger','adjustmentLedgerDate','Date',0,0,0,0,0,0,0,0,0,2,'2011-12-27 08:08:11'),(18771,'iFinancial','adjustmentLedger','adjustmentLedgerAmount','Amount',0,0,0,0,0,0,0,0,0,2,'2011-12-27 08:08:11'),(18772,'iFinancial','adjustmentLedger','businessPartnerId','businessPartner',0,0,0,0,0,0,0,0,0,2,'2011-12-27 08:08:11'),(18773,'iFinancial','adjustmentLedger','invoiceCategoryId','invoiceCategory',0,0,0,0,0,0,0,0,0,2,'2011-12-27 08:08:11'),(18774,'iFinancial','adjustmentLedger','invoiceTypeId','invoiceType',0,0,0,0,0,0,0,0,0,2,'2011-12-27 08:08:11'),(18775,'iFinancial','adjustmentLedger','invoiceLedgerId','invoiceLedger',0,0,0,0,0,0,0,0,0,2,'2011-12-27 08:08:11'),(18776,'iFinancial','adjustmentLedger','isDefault','Default',0,0,0,0,0,0,0,0,0,2,'2011-12-27 08:08:11'),(18777,'iFinancial','adjustmentLedger','isNew','New',0,0,0,0,0,0,0,0,0,2,'2011-12-27 08:08:11'),(18778,'iFinancial','adjustmentLedger','isDraft','Draft',0,0,0,0,0,0,0,0,0,2,'2011-12-27 08:08:11'),(18779,'iFinancial','adjustmentLedger','isUpdate','Update',0,0,0,0,0,0,0,0,0,2,'2011-12-27 08:08:11'),(18780,'iFinancial','adjustmentLedger','isDelete','Delete',0,0,0,0,0,0,0,0,0,2,'2011-12-27 08:08:11'),(18781,'iFinancial','adjustmentLedger','isActive','Active',0,0,0,0,0,0,0,0,0,2,'2011-12-27 08:08:11'),(18782,'iFinancial','adjustmentLedger','isApproved','Approved',0,0,0,0,0,0,0,0,0,2,'2011-12-27 08:08:11'),(18783,'iFinancial','adjustmentLedger','isReview','Review',0,0,0,0,0,0,0,0,0,2,'2011-12-27 08:08:11'),(18784,'iFinancial','adjustmentLedger','isPost','Post',0,0,0,0,0,0,0,0,0,2,'2011-12-27 08:08:11'),(18785,'iFinancial','adjustmentLedger','executeBy','By',0,0,0,0,0,0,0,0,0,2,'2011-12-27 08:08:11'),(18786,'iFinancial','adjustmentLedger','executeTime','Time',0,0,0,0,0,0,0,0,0,2,'2011-12-27 08:08:11'),(18787,'iFinancial','adjustmentType','adjustmentTypeId','adjustmentType',0,0,0,0,0,0,0,0,0,2,'2011-12-27 08:08:11'),(18788,'iFinancial','adjustmentType','adjustmentTypeSequence','Sequence',0,0,0,0,0,0,0,0,0,2,'2011-12-27 08:08:11'),(18789,'iFinancial','adjustmentType','adjustmentTypeCode','Code',0,0,0,0,0,0,0,0,0,2,'2011-12-27 08:08:11'),(18790,'iFinancial','adjustmentType','adjustmentTypeDesc','Desc',0,0,0,0,0,0,0,0,0,2,'2011-12-27 08:08:11'),(18791,'iFinancial','adjustmentType','adjustmentTypeNote','Note',0,0,0,0,0,0,0,0,0,2,'2011-12-27 08:08:11'),(18792,'iFinancial','adjustmentType','isDefault','Default',0,0,0,0,0,0,0,0,0,2,'2011-12-27 08:08:11'),(18793,'iFinancial','adjustmentType','isNew','New',0,0,0,0,0,0,0,0,0,2,'2011-12-27 08:08:11'),(18794,'iFinancial','adjustmentType','isDraft','Draft',0,0,0,0,0,0,0,0,0,2,'2011-12-27 08:08:11'),(18795,'iFinancial','adjustmentType','isUpdate','Update',0,0,0,0,0,0,0,0,0,2,'2011-12-27 08:08:11'),(18796,'iFinancial','adjustmentType','isDelete','Delete',0,0,0,0,0,0,0,0,0,2,'2011-12-27 08:08:11'),(18797,'iFinancial','adjustmentType','isActive','Active',0,0,0,0,0,0,0,0,0,2,'2011-12-27 08:08:11'),(18798,'iFinancial','adjustmentType','isApproved','Approved',0,0,0,0,0,0,0,0,0,2,'2011-12-27 08:08:11'),(18799,'iFinancial','adjustmentType','isReview','Review',0,0,0,0,0,0,0,0,0,2,'2011-12-27 08:08:11'),(18800,'iFinancial','adjustmentType','isPost','Post',0,0,0,0,0,0,0,0,0,2,'2011-12-27 08:08:11'),(18801,'iFinancial','adjustmentType','executeBy','By',0,0,0,0,0,0,0,0,0,2,'2011-12-27 08:08:11'),(18802,'iFinancial','adjustmentType','executeTime','Time',0,0,0,0,0,0,0,0,0,2,'2011-12-27 08:08:11'),(18803,'iFinancial','bank','bankId','bank',0,0,0,0,0,0,0,0,0,2,'2011-12-27 08:08:11'),(18804,'iFinancial','bank','generalLedgerChartOfAccountId','generalLedgerChartOfAccount',0,0,0,0,0,0,0,0,0,2,'2011-12-27 08:08:11'),(18805,'iFinancial','bank','bankSequence','Sequence',0,0,0,0,0,0,0,0,0,2,'2011-12-27 08:08:11'),(18806,'iFinancial','bank','bankCode','Code',0,0,0,0,0,0,0,0,0,2,'2011-12-27 08:08:11'),(18807,'iFinancial','bank','bankSwiftCode','Swift Code',0,0,0,0,0,0,0,0,0,2,'2011-12-27 08:08:11'),(18808,'iFinancial','bank','bankSwiftCodeCity','Swift City',0,0,0,0,0,0,0,0,0,2,'2011-12-27 08:08:11'),(18809,'iFinancial','bank','bankSwiftCodeBranch','Swift Branch',0,0,0,0,0,0,0,0,0,2,'2011-12-27 08:08:11'),(18810,'iFinancial','bank','bankMepsCode','Meps Code',0,0,0,0,0,0,0,0,0,2,'2011-12-27 08:08:11'),(18811,'iFinancial','bank','bankDesc','Desc',0,0,0,0,0,0,0,0,0,2,'2011-12-27 08:08:11'),(18812,'iFinancial','bank','bankAccount','Account',0,0,0,0,0,0,0,0,0,2,'2011-12-27 08:08:11'),(18813,'iFinancial','bank','isDefault','Default',0,0,0,0,0,0,0,0,0,2,'2011-12-27 08:08:11'),(18814,'iFinancial','bank','isNew','New',0,0,0,0,0,0,0,0,0,2,'2011-12-27 08:08:11'),(18815,'iFinancial','bank','isDraft','Draft',0,0,0,0,0,0,0,0,0,2,'2011-12-27 08:08:11'),(18816,'iFinancial','bank','isUpdate','Update',0,0,0,0,0,0,0,0,0,2,'2011-12-27 08:08:11'),(18817,'iFinancial','bank','isDelete','Delete',0,0,0,0,0,0,0,0,0,2,'2011-12-27 08:08:11'),(18818,'iFinancial','bank','isActive','Active',0,0,0,0,0,0,0,0,0,2,'2011-12-27 08:08:11'),(18819,'iFinancial','bank','isApproved','Approved',0,0,0,0,0,0,0,0,0,2,'2011-12-27 08:08:11'),(18820,'iFinancial','bank','isReview','Review',0,0,0,0,0,0,0,0,0,2,'2011-12-27 08:08:11'),(18821,'iFinancial','bank','isPost','Post',0,0,0,0,0,0,0,0,0,2,'2011-12-27 08:08:11'),(18822,'iFinancial','bank','isDepositAccount','Is Account',0,0,0,0,0,0,0,0,0,2,'2011-12-27 08:08:11'),(18823,'iFinancial','bank','isPayrollAccount','Is Account',0,0,0,0,0,0,0,0,0,2,'2011-12-27 08:08:11'),(18824,'iFinancial','bank','isInvestmentAccount','Is Account',0,0,0,0,0,0,0,0,0,2,'2011-12-27 08:08:11'),(18825,'iFinancial','bank','isTransactionAccount','Is Account',0,0,0,0,0,0,0,0,0,2,'2011-12-27 08:08:11'),(18826,'iFinancial','bank','executeBy','By',0,0,0,0,0,0,0,0,0,2,'2011-12-27 08:08:11'),(18827,'iFinancial','bank','executeTime','Time',0,0,0,0,0,0,0,0,0,2,'2011-12-27 08:08:11'),(18828,'iFinancial','bankBalance','bankBalanceId','bankBalance',0,0,0,0,0,0,0,0,0,2,'2011-12-27 08:08:11'),(18829,'iFinancial','bankBalance','bankBalanceCashAmount','Cash Amount',0,0,0,0,0,0,0,0,0,2,'2011-12-27 08:08:11'),(18830,'iFinancial','bankBalance','bankBalanceChequeAmount','Cheque Amount',0,0,0,0,0,0,0,0,0,2,'2011-12-27 08:08:11'),(18831,'iFinancial','bankBalance','bankBalanceMonth','Month',0,0,0,0,0,0,0,0,0,2,'2011-12-27 08:08:11'),(18832,'iFinancial','bankBalance','bankBalanceYear','Year',0,0,0,0,0,0,0,0,0,2,'2011-12-27 08:08:11'),(18833,'iFinancial','bankBalance','isDefault','Default',0,0,0,0,0,0,0,0,0,2,'2011-12-27 08:08:11'),(18834,'iFinancial','bankBalance','isNew','New',0,0,0,0,0,0,0,0,0,2,'2011-12-27 08:08:11'),(18835,'iFinancial','bankBalance','isDraft','Draft',0,0,0,0,0,0,0,0,0,2,'2011-12-27 08:08:11'),(18836,'iFinancial','bankBalance','isUpdate','Update',0,0,0,0,0,0,0,0,0,2,'2011-12-27 08:08:11'),(18837,'iFinancial','bankBalance','isDelete','Delete',0,0,0,0,0,0,0,0,0,2,'2011-12-27 08:08:11'),(18838,'iFinancial','bankBalance','isActive','Active',0,0,0,0,0,0,0,0,0,2,'2011-12-27 08:08:11'),(18839,'iFinancial','bankBalance','isApproved','Approved',0,0,0,0,0,0,0,0,0,2,'2011-12-27 08:08:11'),(18840,'iFinancial','bankBalance','isReview','Review',0,0,0,0,0,0,0,0,0,2,'2011-12-27 08:08:11'),(18841,'iFinancial','bankBalance','isPost','Post',0,0,0,0,0,0,0,0,0,2,'2011-12-27 08:08:11'),(18842,'iFinancial','bankBalance','executeBy','By',0,0,0,0,0,0,0,0,0,2,'2011-12-27 08:08:11'),(18843,'iFinancial','bankBalance','executeTime','Time',0,0,0,0,0,0,0,0,0,2,'2011-12-27 08:08:11'),(18844,'iFinancial','bankTransfer','bankTransferId','bankTransfer',0,0,0,0,0,0,0,0,0,2,'2011-12-27 08:08:11'),(18845,'iFinancial','bankTransfer','documentNo','Document No',0,0,0,0,0,0,0,0,0,2,'2011-12-27 08:08:11'),(18846,'iFinancial','bankTransfer','referenceNo','Reference No',0,0,0,0,0,0,0,0,0,2,'2011-12-27 08:08:11'),(18847,'iFinancial','bankTransfer','bankId','bank',0,0,0,0,0,0,0,0,0,2,'2011-12-27 08:08:11'),(18848,'iFinancial','bankTransfer','businessPartnerId','businessPartner',0,0,0,0,0,0,0,0,0,2,'2011-12-27 08:08:11'),(18849,'iFinancial','bankTransfer','bankTransferAmount','Amount',0,0,0,0,0,0,0,0,0,2,'2011-12-27 08:08:11'),(18850,'iFinancial','bankTransfer','bankTransferDate','Date',0,0,0,0,0,0,0,0,0,2,'2011-12-27 08:08:11'),(18851,'iFinancial','bankTransfer','bankTransferDesc','Desc',0,0,0,0,0,0,0,0,0,2,'2011-12-27 08:08:11'),(18852,'iFinancial','bankTransfer','isDefault','Default',0,0,0,0,0,0,0,0,0,2,'2011-12-27 08:08:11'),(18853,'iFinancial','bankTransfer','isNew','New',0,0,0,0,0,0,0,0,0,2,'2011-12-27 08:08:11'),(18854,'iFinancial','bankTransfer','isDraft','Draft',0,0,0,0,0,0,0,0,0,2,'2011-12-27 08:08:11'),(18855,'iFinancial','bankTransfer','isUpdate','Update',0,0,0,0,0,0,0,0,0,2,'2011-12-27 08:08:11'),(18856,'iFinancial','bankTransfer','isDelete','Delete',0,0,0,0,0,0,0,0,0,2,'2011-12-27 08:08:11'),(18857,'iFinancial','bankTransfer','isActive','Active',0,0,0,0,0,0,0,0,0,2,'2011-12-27 08:08:11'),(18858,'iFinancial','bankTransfer','isApproved','Approved',0,0,0,0,0,0,0,0,0,2,'2011-12-27 08:08:11'),(18859,'iFinancial','bankTransfer','isReview','Review',0,0,0,0,0,0,0,0,0,2,'2011-12-27 08:08:11'),(18860,'iFinancial','bankTransfer','isPost','Post',0,0,0,0,0,0,0,0,0,2,'2011-12-27 08:08:11'),(18861,'iFinancial','bankTransfer','executeBy','By',0,0,0,0,0,0,0,0,0,2,'2011-12-27 08:08:11'),(18862,'iFinancial','bankTransfer','executeTime','Time',0,0,0,0,0,0,0,0,0,2,'2011-12-27 08:08:11'),(18863,'iFinancial','businessPartner','businessPartnerId','businessPartner',0,0,0,0,0,0,0,0,0,2,'2011-12-27 08:08:11'),(18864,'iFinancial','businessPartner','businessPartnerCompany','Company',0,0,0,0,0,0,0,0,0,2,'2011-12-27 08:08:11'),(18865,'iFinancial','businessPartner','businessPartnerLastName','Last Name',0,0,0,0,0,0,0,0,0,2,'2011-12-27 08:08:11'),(18866,'iFinancial','businessPartner','businessPartnerFirstName','First Name',0,0,0,0,0,0,0,0,0,2,'2011-12-27 08:08:11'),(18867,'iFinancial','businessPartner','businessPartnerEmail','Email',0,0,0,0,0,0,0,0,0,2,'2011-12-27 08:08:11'),(18868,'iFinancial','businessPartner','businessPartnerJobTitle','Job Title',0,0,0,0,0,0,0,0,0,2,'2011-12-27 08:08:11'),(18869,'iFinancial','businessPartner','businessPartnerBusinessPhone','Business Phone',0,0,0,0,0,0,0,0,0,2,'2011-12-27 08:08:11'),(18870,'iFinancial','businessPartner','businessPartnerHomePhone','Home Phone',0,0,0,0,0,0,0,0,0,2,'2011-12-27 08:08:11'),(18871,'iFinancial','businessPartner','businessPartnerMobilePhone','Mobile Phone',0,0,0,0,0,0,0,0,0,2,'2011-12-27 08:08:11'),(18872,'iFinancial','businessPartner','businessPartnerFaxNum','Fax Num',0,0,0,0,0,0,0,0,0,2,'2011-12-27 08:08:11'),(18873,'iFinancial','businessPartner','businessPartnerAddress','Address',0,0,0,0,0,0,0,0,0,2,'2011-12-27 08:08:11'),(18874,'iFinancial','businessPartner','businessPartnerCity','City',0,0,0,0,0,0,0,0,0,2,'2011-12-27 08:08:11'),(18875,'iFinancial','businessPartner','businessPartnerState','State',0,0,0,0,0,0,0,0,0,2,'2011-12-27 08:08:11'),(18876,'iFinancial','businessPartner','businessPartnerPostCode','Post Code',0,0,0,0,0,0,0,0,0,2,'2011-12-27 08:08:11'),(18877,'iFinancial','businessPartner','businessPartnerCountry','Country',0,0,0,0,0,0,0,0,0,2,'2011-12-27 08:08:11'),(18878,'iFinancial','businessPartner','businessPartnerWebPage','Web Page',0,0,0,0,0,0,0,0,0,2,'2011-12-27 08:08:11'),(18879,'iFinancial','businessPartner','businessPartnerNotes','Notes',0,0,0,0,0,0,0,0,0,2,'2011-12-27 08:08:11'),(18880,'iFinancial','businessPartner','businessPartnerAttachments','Attachments',0,0,0,0,0,0,0,0,0,2,'2011-12-27 08:08:11'),(18881,'iFinancial','businessPartner','businessPartnerDate','Date',0,0,0,0,0,0,0,0,0,2,'2011-12-27 08:08:11'),(18882,'iFinancial','businessPartner','businessPartnerCategoryId','businessPartnerCategory',0,0,0,0,0,0,0,0,0,2,'2011-12-27 08:08:11'),(18883,'iFinancial','businessPartner','businessPartnersBankAccount','S Account',0,0,0,0,0,0,0,0,0,2,'2011-12-27 08:08:11'),(18884,'iFinancial','businessPartner','isDefault','Default',0,0,0,0,0,0,0,0,0,2,'2011-12-27 08:08:11'),(18885,'iFinancial','businessPartner','isNew','New',0,0,0,0,0,0,0,0,0,2,'2011-12-27 08:08:11'),(18886,'iFinancial','businessPartner','isDraft','Draft',0,0,0,0,0,0,0,0,0,2,'2011-12-27 08:08:11'),(18887,'iFinancial','businessPartner','isUpdate','Update',0,0,0,0,0,0,0,0,0,2,'2011-12-27 08:08:11'),(18888,'iFinancial','businessPartner','isDelete','Delete',0,0,0,0,0,0,0,0,0,2,'2011-12-27 08:08:11'),(18889,'iFinancial','businessPartner','isActive','Active',0,0,0,0,0,0,0,0,0,2,'2011-12-27 08:08:11'),(18890,'iFinancial','businessPartner','isApproved','Approved',0,0,0,0,0,0,0,0,0,2,'2011-12-27 08:08:11'),(18891,'iFinancial','businessPartner','isReview','Review',0,0,0,0,0,0,0,0,0,2,'2011-12-27 08:08:11'),(18892,'iFinancial','businessPartner','isPost','Post',0,0,0,0,0,0,0,0,0,2,'2011-12-27 08:08:11'),(18893,'iFinancial','businessPartner','executeBy','By',0,0,0,0,0,0,0,0,0,2,'2011-12-27 08:08:11'),(18894,'iFinancial','businessPartner','executeTime','Time',0,0,0,0,0,0,0,0,0,2,'2011-12-27 08:08:11'),(18895,'iFinancial','businessPartnerAccounts','businessPartnerAccountsId','businessPartnerAccounts',0,0,0,0,0,0,0,0,0,2,'2011-12-27 08:08:11'),(18896,'iFinancial','businessPartnerAccounts','businessPartnerId','businessPartner',0,0,0,0,0,0,0,0,0,2,'2011-12-27 08:08:11'),(18897,'iFinancial','businessPartnerAccounts','generalLedgerChartOfAccountId','generalLedgerChartOfAccount',0,0,0,0,0,0,0,0,0,2,'2011-12-27 08:08:11'),(18898,'iFinancial','businessPartnerAccounts','isDefault','Default',0,0,0,0,0,0,0,0,0,2,'2011-12-27 08:08:11'),(18899,'iFinancial','businessPartnerAccounts','isNew','New',0,0,0,0,0,0,0,0,0,2,'2011-12-27 08:08:11'),(18900,'iFinancial','businessPartnerAccounts','isDraft','Draft',0,0,0,0,0,0,0,0,0,2,'2011-12-27 08:08:11'),(18901,'iFinancial','businessPartnerAccounts','isUpdate','Update',0,0,0,0,0,0,0,0,0,2,'2011-12-27 08:08:11'),(18902,'iFinancial','businessPartnerAccounts','isDelete','Delete',0,0,0,0,0,0,0,0,0,2,'2011-12-27 08:08:11'),(18903,'iFinancial','businessPartnerAccounts','isActive','Active',0,0,0,0,0,0,0,0,0,2,'2011-12-27 08:08:11'),(18904,'iFinancial','businessPartnerAccounts','isApproved','Approved',0,0,0,0,0,0,0,0,0,2,'2011-12-27 08:08:11'),(18905,'iFinancial','businessPartnerAccounts','isReview','Review',0,0,0,0,0,0,0,0,0,2,'2011-12-27 08:08:11'),(18906,'iFinancial','businessPartnerAccounts','isPost','Post',0,0,0,0,0,0,0,0,0,2,'2011-12-27 08:08:11'),(18907,'iFinancial','businessPartnerAccounts','executeBy','By',0,0,0,0,0,0,0,0,0,2,'2011-12-27 08:08:11'),(18908,'iFinancial','businessPartnerAccounts','executeTime','Time',0,0,0,0,0,0,0,0,0,2,'2011-12-27 08:08:11'),(18909,'iFinancial','businessPartnerCategory','businessPartnerCategoryId','businessPartnerCategory',0,0,0,0,0,0,0,0,0,2,'2011-12-27 08:08:11'),(18910,'iFinancial','businessPartnerCategory','businessPartnerCategoryDesc','Desc',0,0,0,0,0,0,0,0,0,2,'2011-12-27 08:08:11'),(18911,'iFinancial','businessPartnerCategory','isDefault','Default',0,0,0,0,0,0,0,0,0,2,'2011-12-27 08:08:11'),(18912,'iFinancial','businessPartnerCategory','isNew','New',0,0,0,0,0,0,0,0,0,2,'2011-12-27 08:08:11'),(18913,'iFinancial','businessPartnerCategory','isDraft','Draft',0,0,0,0,0,0,0,0,0,2,'2011-12-27 08:08:11'),(18914,'iFinancial','businessPartnerCategory','isUpdate','Update',0,0,0,0,0,0,0,0,0,2,'2011-12-27 08:08:11'),(18915,'iFinancial','businessPartnerCategory','isDelete','Delete',0,0,0,0,0,0,0,0,0,2,'2011-12-27 08:08:11'),(18916,'iFinancial','businessPartnerCategory','isActive','Active',0,0,0,0,0,0,0,0,0,2,'2011-12-27 08:08:11'),(18917,'iFinancial','businessPartnerCategory','isApproved','Approved',0,0,0,0,0,0,0,0,0,2,'2011-12-27 08:08:11'),(18918,'iFinancial','businessPartnerCategory','isReview','Review',0,0,0,0,0,0,0,0,0,2,'2011-12-27 08:08:11'),(18919,'iFinancial','businessPartnerCategory','isPost','Post',0,0,0,0,0,0,0,0,0,2,'2011-12-27 08:08:11'),(18920,'iFinancial','businessPartnerCategory','executeBy','By',0,0,0,0,0,0,0,0,0,2,'2011-12-27 08:08:11'),(18921,'iFinancial','businessPartnerCategory','executeTime','Time',0,0,0,0,0,0,0,0,0,2,'2011-12-27 08:08:11'),(18922,'iFinancial','businessPartnerContact','businessPartnerContactId','businessPartnerContact',0,0,0,0,0,0,0,0,0,2,'2011-12-27 08:08:11'),(18923,'iFinancial','businessPartnerContact','businessPatnerId','businessPatner',0,0,0,0,0,0,0,0,0,2,'2011-12-27 08:08:11'),(18924,'iFinancial','businessPartnerContact','businessPartnerContactName','Name',0,0,0,0,0,0,0,0,0,2,'2011-12-27 08:08:11'),(18925,'iFinancial','businessPartnerContact','businessPartnerContactTitle','Title',0,0,0,0,0,0,0,0,0,2,'2011-12-27 08:08:11'),(18926,'iFinancial','businessPartnerContact','businessPartnerContactPhone','Phone',0,0,0,0,0,0,0,0,0,2,'2011-12-27 08:08:11'),(18927,'iFinancial','businessPartnerContact','businessPartnerContactEmail','Email',0,0,0,0,0,0,0,0,0,2,'2011-12-27 08:08:11'),(18928,'iFinancial','businessPartnerContact','isDefault','Default',0,0,0,0,0,0,0,0,0,2,'2011-12-27 08:08:11'),(18929,'iFinancial','businessPartnerContact','isNew','New',0,0,0,0,0,0,0,0,0,2,'2011-12-27 08:08:11'),(18930,'iFinancial','businessPartnerContact','isDraft','Draft',0,0,0,0,0,0,0,0,0,2,'2011-12-27 08:08:11'),(18931,'iFinancial','businessPartnerContact','isUpdate','Update',0,0,0,0,0,0,0,0,0,2,'2011-12-27 08:08:11'),(18932,'iFinancial','businessPartnerContact','isDelete','Delete',0,0,0,0,0,0,0,0,0,2,'2011-12-27 08:08:11'),(18933,'iFinancial','businessPartnerContact','isActive','Active',0,0,0,0,0,0,0,0,0,2,'2011-12-27 08:08:11'),(18934,'iFinancial','businessPartnerContact','isApproved','Approved',0,0,0,0,0,0,0,0,0,2,'2011-12-27 08:08:11'),(18935,'iFinancial','businessPartnerContact','isReview','Review',0,0,0,0,0,0,0,0,0,2,'2011-12-27 08:08:11'),(18936,'iFinancial','businessPartnerContact','isPost','Post',0,0,0,0,0,0,0,0,0,2,'2011-12-27 08:08:11'),(18937,'iFinancial','businessPartnerContact','executeBy','By',0,0,0,0,0,0,0,0,0,2,'2011-12-27 08:08:11'),(18938,'iFinancial','businessPartnerContact','executeTime','Time',0,0,0,0,0,0,0,0,0,2,'2011-12-27 08:08:11'),(18939,'iFinancial','businessPartnerPersonelInfo','businessPartnerPersonelInfoId','businessPartnerPersonelInfo',0,0,0,0,0,0,0,0,0,2,'2011-12-27 08:08:11'),(18940,'iFinancial','businessPartnerPersonelInfo','raceId','race',0,0,0,0,0,0,0,0,0,2,'2011-12-27 08:08:11'),(18941,'iFinancial','businessPartnerPersonelInfo','religionId','religion',0,0,0,0,0,0,0,0,0,2,'2011-12-27 08:08:11'),(18942,'iFinancial','businessPartnerPersonelInfo','marrigeId','marrige',0,0,0,0,0,0,0,0,0,2,'2011-12-27 08:08:11'),(18943,'iFinancial','businessPartnerPersonelInfo','educationId','education',0,0,0,0,0,0,0,0,0,2,'2011-12-27 08:08:11'),(18944,'iFinancial','businessPartnerPersonelInfo','companyId','company',0,0,0,0,0,0,0,0,0,2,'2011-12-27 08:08:11'),(18945,'iFinancial','businessPartnerPersonelInfo','departmentId','department',0,0,0,0,0,0,0,0,0,2,'2011-12-27 08:08:11'),(18946,'iFinancial','businessPartnerPersonelInfo','businessPartnerBirthDate','Business Partner Birth   Date',0,0,0,0,0,0,0,0,0,2,'2011-12-27 08:08:11'),(18947,'iFinancial','businessPartnerPersonelInfo','businessPartnerWeight','Business Weight',0,0,0,0,0,0,0,0,0,2,'2011-12-27 08:08:11'),(18948,'iFinancial','businessPartnerPersonelInfo','businessPartnerHeight','Business Height',0,0,0,0,0,0,0,0,0,2,'2011-12-27 08:08:11'),(18949,'iFinancial','businessPartnerPersonelInfo','isDefault','Default',0,0,0,0,0,0,0,0,0,2,'2011-12-27 08:08:11'),(18950,'iFinancial','businessPartnerPersonelInfo','isNew','New',0,0,0,0,0,0,0,0,0,2,'2011-12-27 08:08:11'),(18951,'iFinancial','businessPartnerPersonelInfo','isDraft','Draft',0,0,0,0,0,0,0,0,0,2,'2011-12-27 08:08:11'),(18952,'iFinancial','businessPartnerPersonelInfo','isUpdate','Update',0,0,0,0,0,0,0,0,0,2,'2011-12-27 08:08:11'),(18953,'iFinancial','businessPartnerPersonelInfo','isDelete','Delete',0,0,0,0,0,0,0,0,0,2,'2011-12-27 08:08:11'),(18954,'iFinancial','businessPartnerPersonelInfo','isActive','Active',0,0,0,0,0,0,0,0,0,2,'2011-12-27 08:08:11'),(18955,'iFinancial','businessPartnerPersonelInfo','isApproved','Approved',0,0,0,0,0,0,0,0,0,2,'2011-12-27 08:08:11'),(18956,'iFinancial','businessPartnerPersonelInfo','isReview','Review',0,0,0,0,0,0,0,0,0,2,'2011-12-27 08:08:11'),(18957,'iFinancial','businessPartnerPersonelInfo','isPost','Post',0,0,0,0,0,0,0,0,0,2,'2011-12-27 08:08:11'),(18958,'iFinancial','businessPartnerPersonelInfo','executeBy','By',0,0,0,0,0,0,0,0,0,2,'2011-12-27 08:08:11'),(18959,'iFinancial','businessPartnerPersonelInfo','executeTime','Time',0,0,0,0,0,0,0,0,0,2,'2011-12-27 08:08:11'),(18960,'iFinancial','country','countryId','country',0,0,0,0,0,0,0,0,0,2,'2011-12-27 08:08:11'),(18961,'iFinancial','country','countrySequence','Sequence',0,0,0,0,0,0,0,0,0,2,'2011-12-27 08:08:11'),(18962,'iFinancial','country','countryCode','Code',0,0,0,0,0,0,0,0,0,2,'2011-12-27 08:08:11'),(18963,'iFinancial','country','countryCurrencyCode','Currency Code',0,0,0,0,0,0,0,0,0,2,'2011-12-27 08:08:11'),(18964,'iFinancial','country','countryCurrencyCodeDesc','Currency Desc',0,0,0,0,0,0,0,0,0,2,'2011-12-27 08:08:11'),(18965,'iFinancial','country','countryDesc','Desc',0,0,0,0,0,0,0,0,0,2,'2011-12-27 08:08:11'),(18966,'iFinancial','country','isDefault','Default',0,0,0,0,0,0,0,0,0,2,'2011-12-27 08:08:11'),(18967,'iFinancial','country','isNew','New',0,0,0,0,0,0,0,0,0,2,'2011-12-27 08:08:11'),(18968,'iFinancial','country','isDraft','Draft',0,0,0,0,0,0,0,0,0,2,'2011-12-27 08:08:11'),(18969,'iFinancial','country','isUpdate','Update',0,0,0,0,0,0,0,0,0,2,'2011-12-27 08:08:11'),(18970,'iFinancial','country','isDelete','Delete',0,0,0,0,0,0,0,0,0,2,'2011-12-27 08:08:11'),(18971,'iFinancial','country','isActive','Active',0,0,0,0,0,0,0,0,0,2,'2011-12-27 08:08:11'),(18972,'iFinancial','country','isApproved','Approved',0,0,0,0,0,0,0,0,0,2,'2011-12-27 08:08:11'),(18973,'iFinancial','country','isReview','Review',0,0,0,0,0,0,0,0,0,2,'2011-12-27 08:08:11'),(18974,'iFinancial','country','isPost','Post',0,0,0,0,0,0,0,0,0,2,'2011-12-27 08:08:11'),(18975,'iFinancial','country','executeBy','By',0,0,0,0,0,0,0,0,0,2,'2011-12-27 08:08:11'),(18976,'iFinancial','country','executeTime','Time',0,0,0,0,0,0,0,0,0,2,'2011-12-27 08:08:11'),(18977,'iFinancial','depositLedger','depositLedgerId','depositLedger',0,0,0,0,0,0,0,0,0,2,'2011-12-27 08:08:11'),(18978,'iFinancial','depositLedger','depositTypeId','depositType',0,0,0,0,0,0,0,0,0,2,'2011-12-27 08:08:11'),(18979,'iFinancial','depositLedger','documentNo','Document No',0,0,0,0,0,0,0,0,0,2,'2011-12-27 08:08:11'),(18980,'iFinancial','depositLedger','referenceNo','Reference No',0,0,0,0,0,0,0,0,0,2,'2011-12-27 08:08:11'),(18981,'iFinancial','depositLedger','depositLedgerTitle','Title',0,0,0,0,0,0,0,0,0,2,'2011-12-27 08:08:11'),(18982,'iFinancial','depositLedger','depositLedgerDesc','Desc',0,0,0,0,0,0,0,0,0,2,'2011-12-27 08:08:11'),(18983,'iFinancial','depositLedger','depositLedgerAmount','Amount',0,0,0,0,0,0,0,0,0,2,'2011-12-27 08:08:11'),(18984,'iFinancial','depositLedger','depositLedgerDate','Date',0,0,0,0,0,0,0,0,0,2,'2011-12-27 08:08:11'),(18985,'iFinancial','depositLedger','businessPartnerId','businessPartner',0,0,0,0,0,0,0,0,0,2,'2011-12-27 08:08:11'),(18986,'iFinancial','depositLedger','isDefault','Default',0,0,0,0,0,0,0,0,0,2,'2011-12-27 08:08:11'),(18987,'iFinancial','depositLedger','isNew','New',0,0,0,0,0,0,0,0,0,2,'2011-12-27 08:08:11'),(18988,'iFinancial','depositLedger','isDraft','Draft',0,0,0,0,0,0,0,0,0,2,'2011-12-27 08:08:11'),(18989,'iFinancial','depositLedger','isUpdate','Update',0,0,0,0,0,0,0,0,0,2,'2011-12-27 08:08:11'),(18990,'iFinancial','depositLedger','isDelete','Delete',0,0,0,0,0,0,0,0,0,2,'2011-12-27 08:08:11'),(18991,'iFinancial','depositLedger','isActive','Active',0,0,0,0,0,0,0,0,0,2,'2011-12-27 08:08:11'),(18992,'iFinancial','depositLedger','isApproved','Approved',0,0,0,0,0,0,0,0,0,2,'2011-12-27 08:08:11'),(18993,'iFinancial','depositLedger','isReview','Review',0,0,0,0,0,0,0,0,0,2,'2011-12-27 08:08:11'),(18994,'iFinancial','depositLedger','isPost','Post',0,0,0,0,0,0,0,0,0,2,'2011-12-27 08:08:11'),(18995,'iFinancial','depositLedger','isReconciled','Reconciled',0,0,0,0,0,0,0,0,0,2,'2011-12-27 08:08:11'),(18996,'iFinancial','depositLedger','executeBy','By',0,0,0,0,0,0,0,0,0,2,'2011-12-27 08:08:11'),(18997,'iFinancial','depositLedger','executeTime','Time',0,0,0,0,0,0,0,0,0,2,'2011-12-27 08:08:11'),(18998,'iFinancial','depositLedgerDetail','depositLedgerDetailId','depositLedgerDetail',0,0,0,0,0,0,0,0,0,2,'2011-12-27 08:08:11'),(18999,'iFinancial','depositLedgerDetail','depositLedgerId','depositLedger',0,0,0,0,0,0,0,0,0,2,'2011-12-27 08:08:11'),(19000,'iFinancial','depositLedgerDetail','generalLedgerChartOfAccountId','generalLedgerChartOfAccount',0,0,0,0,0,0,0,0,0,2,'2011-12-27 08:08:11'),(19001,'iFinancial','depositLedgerDetail','countryId','country',0,0,0,0,0,0,0,0,0,2,'2011-12-27 08:08:11'),(19002,'iFinancial','depositLedgerDetail','transactionMode','Transaction Mode',0,0,0,0,0,0,0,0,0,2,'2011-12-27 08:08:11'),(19003,'iFinancial','depositLedgerDetail','depositLedgerDetailAmount','Amount',0,0,0,0,0,0,0,0,0,2,'2011-12-27 08:08:11'),(19004,'iFinancial','depositLedgerDetail','isDefault','Default',0,0,0,0,0,0,0,0,0,2,'2011-12-27 08:08:11'),(19005,'iFinancial','depositLedgerDetail','isNew','New',0,0,0,0,0,0,0,0,0,2,'2011-12-27 08:08:11'),(19006,'iFinancial','depositLedgerDetail','isDraft','Draft',0,0,0,0,0,0,0,0,0,2,'2011-12-27 08:08:11'),(19007,'iFinancial','depositLedgerDetail','isUpdate','Update',0,0,0,0,0,0,0,0,0,2,'2011-12-27 08:08:11'),(19008,'iFinancial','depositLedgerDetail','isDelete','Delete',0,0,0,0,0,0,0,0,0,2,'2011-12-27 08:08:11'),(19009,'iFinancial','depositLedgerDetail','isActive','Active',0,0,0,0,0,0,0,0,0,2,'2011-12-27 08:08:11'),(19010,'iFinancial','depositLedgerDetail','isApproved','Approved',0,0,0,0,0,0,0,0,0,2,'2011-12-27 08:08:11'),(19011,'iFinancial','depositLedgerDetail','isReview','Review',0,0,0,0,0,0,0,0,0,2,'2011-12-27 08:08:11'),(19012,'iFinancial','depositLedgerDetail','isPost','Post',0,0,0,0,0,0,0,0,0,2,'2011-12-27 08:08:11'),(19013,'iFinancial','depositLedgerDetail','executeBy','By',0,0,0,0,0,0,0,0,0,2,'2011-12-27 08:08:11'),(19014,'iFinancial','depositLedgerDetail','executeTime','Time',0,0,0,0,0,0,0,0,0,2,'2011-12-27 08:08:11'),(19015,'iFinancial','depositType','depositTypeId','depositType',0,0,0,0,0,0,0,0,0,2,'2011-12-27 08:08:11'),(19016,'iFinancial','depositType','depositTypeSequence','Sequence',0,0,0,0,0,0,0,0,0,2,'2011-12-27 08:08:11'),(19017,'iFinancial','depositType','depositTypeCode','Code',0,0,0,0,0,0,0,0,0,2,'2011-12-27 08:08:11'),(19018,'iFinancial','depositType','depositTypeDesc','Desc',0,0,0,0,0,0,0,0,0,2,'2011-12-27 08:08:11'),(19019,'iFinancial','depositType','isDefault','Default',0,0,0,0,0,0,0,0,0,2,'2011-12-27 08:08:11'),(19020,'iFinancial','depositType','isNew','New',0,0,0,0,0,0,0,0,0,2,'2011-12-27 08:08:11'),(19021,'iFinancial','depositType','isDraft','Draft',0,0,0,0,0,0,0,0,0,2,'2011-12-27 08:08:11'),(19022,'iFinancial','depositType','isUpdate','Update',0,0,0,0,0,0,0,0,0,2,'2011-12-27 08:08:11'),(19023,'iFinancial','depositType','isDelete','Delete',0,0,0,0,0,0,0,0,0,2,'2011-12-27 08:08:11'),(19024,'iFinancial','depositType','isActive','Active',0,0,0,0,0,0,0,0,0,2,'2011-12-27 08:08:11'),(19025,'iFinancial','depositType','isApproved','Approved',0,0,0,0,0,0,0,0,0,2,'2011-12-27 08:08:11'),(19026,'iFinancial','depositType','isReview','Review',0,0,0,0,0,0,0,0,0,2,'2011-12-27 08:08:11'),(19027,'iFinancial','depositType','isPost','Post',0,0,0,0,0,0,0,0,0,2,'2011-12-27 08:08:11'),(19028,'iFinancial','depositType','executeBy','By',0,0,0,0,0,0,0,0,0,2,'2011-12-27 08:08:11'),(19029,'iFinancial','depositType','executeTime','Time',0,0,0,0,0,0,0,0,0,2,'2011-12-27 08:08:11'),(19030,'iFinancial','disease','diseaseId','disease',0,0,0,0,0,0,0,0,0,2,'2011-12-27 08:08:11'),(19031,'iFinancial','disease','diseaseSequence','Sequence',0,0,0,0,0,0,0,0,0,2,'2011-12-27 08:08:11'),(19032,'iFinancial','disease','diseaseCode','Code',0,0,0,0,0,0,0,0,0,2,'2011-12-27 08:08:11'),(19033,'iFinancial','disease','diseaseDesc','Desc',0,0,0,0,0,0,0,0,0,2,'2011-12-27 08:08:11'),(19034,'iFinancial','disease','isDefault','Default',0,0,0,0,0,0,0,0,0,2,'2011-12-27 08:08:11'),(19035,'iFinancial','disease','isNew','New',0,0,0,0,0,0,0,0,0,2,'2011-12-27 08:08:11'),(19036,'iFinancial','disease','isDraft','Draft',0,0,0,0,0,0,0,0,0,2,'2011-12-27 08:08:11'),(19037,'iFinancial','disease','isUpdate','Update',0,0,0,0,0,0,0,0,0,2,'2011-12-27 08:08:11'),(19038,'iFinancial','disease','isDelete','Delete',0,0,0,0,0,0,0,0,0,2,'2011-12-27 08:08:11'),(19039,'iFinancial','disease','isActive','Active',0,0,0,0,0,0,0,0,0,2,'2011-12-27 08:08:11'),(19040,'iFinancial','disease','isApproved','Approved',0,0,0,0,0,0,0,0,0,2,'2011-12-27 08:08:11'),(19041,'iFinancial','disease','isReview','Review',0,0,0,0,0,0,0,0,0,2,'2011-12-27 08:08:11'),(19042,'iFinancial','disease','isPost','Post',0,0,0,0,0,0,0,0,0,2,'2011-12-27 08:08:11'),(19043,'iFinancial','disease','executeBy','By',0,0,0,0,0,0,0,0,0,2,'2011-12-27 08:08:11'),(19044,'iFinancial','disease','executeTime','Time',0,0,0,0,0,0,0,0,0,2,'2011-12-27 08:08:11'),(19045,'iFinancial','district','districtId','district',0,0,0,0,0,0,0,0,0,2,'2011-12-27 08:08:11'),(19046,'iFinancial','district','districtSequence','Sequence',0,0,0,0,0,0,0,0,0,2,'2011-12-27 08:08:11'),(19047,'iFinancial','district','districtCode','Code',0,0,0,0,0,0,0,0,0,2,'2011-12-27 08:08:11'),(19048,'iFinancial','district','districtDesc','Desc',0,0,0,0,0,0,0,0,0,2,'2011-12-27 08:08:11'),(19049,'iFinancial','district','countryId','country',0,0,0,0,0,0,0,0,0,2,'2011-12-27 08:08:11'),(19050,'iFinancial','district','stateId','state',0,0,0,0,0,0,0,0,0,2,'2011-12-27 08:08:11'),(19051,'iFinancial','district','isDefault','Default',0,0,0,0,0,0,0,0,0,2,'2011-12-27 08:08:11'),(19052,'iFinancial','district','isNew','New',0,0,0,0,0,0,0,0,0,2,'2011-12-27 08:08:11'),(19053,'iFinancial','district','isDraft','Draft',0,0,0,0,0,0,0,0,0,2,'2011-12-27 08:08:11'),(19054,'iFinancial','district','isUpdate','Update',0,0,0,0,0,0,0,0,0,2,'2011-12-27 08:08:11'),(19055,'iFinancial','district','isDelete','Delete',0,0,0,0,0,0,0,0,0,2,'2011-12-27 08:08:11'),(19056,'iFinancial','district','isActive','Active',0,0,0,0,0,0,0,0,0,2,'2011-12-27 08:08:11'),(19057,'iFinancial','district','isApproved','Approved',0,0,0,0,0,0,0,0,0,2,'2011-12-27 08:08:11'),(19058,'iFinancial','district','isReview','Review',0,0,0,0,0,0,0,0,0,2,'2011-12-27 08:08:11'),(19059,'iFinancial','district','isPost','Post',0,0,0,0,0,0,0,0,0,2,'2011-12-27 08:08:11'),(19060,'iFinancial','district','executeBy','By',0,0,0,0,0,0,0,0,0,2,'2011-12-27 08:08:11'),(19061,'iFinancial','district','executeTime','Time',0,0,0,0,0,0,0,0,0,2,'2011-12-27 08:08:12'),(19062,'iFinancial','dividen','dividenId','dividen',0,0,0,0,0,0,0,0,0,2,'2011-12-27 08:08:12'),(19063,'iFinancial','dividen','generalLedgerChartOfAccountDimensionId','generalLedgerChartOfAccountDimension',0,0,0,0,0,0,0,0,0,2,'2011-12-27 08:08:12'),(19064,'iFinancial','dividen','generalLedgerChartOfAccountId','generalLedgerChartOfAccount',0,0,0,0,0,0,0,0,0,2,'2011-12-27 08:08:12'),(19065,'iFinancial','dividen','dividenRate','Rate',0,0,0,0,0,0,0,0,0,2,'2011-12-27 08:08:12'),(19066,'iFinancial','dividen','dividenStartTransaction','Start Transaction',0,0,0,0,0,0,0,0,0,2,'2011-12-27 08:08:12'),(19067,'iFinancial','dividen','dividenEndTransaction','End Transaction',0,0,0,0,0,0,0,0,0,2,'2011-12-27 08:08:12'),(19068,'iFinancial','dividen','isDefault','Default',0,0,0,0,0,0,0,0,0,2,'2011-12-27 08:08:12'),(19069,'iFinancial','dividen','isNew','New',0,0,0,0,0,0,0,0,0,2,'2011-12-27 08:08:12'),(19070,'iFinancial','dividen','isDraft','Draft',0,0,0,0,0,0,0,0,0,2,'2011-12-27 08:08:12'),(19071,'iFinancial','dividen','isUpdate','Update',0,0,0,0,0,0,0,0,0,2,'2011-12-27 08:08:12'),(19072,'iFinancial','dividen','isDelete','Delete',0,0,0,0,0,0,0,0,0,2,'2011-12-27 08:08:12'),(19073,'iFinancial','dividen','isActive','Active',0,0,0,0,0,0,0,0,0,2,'2011-12-27 08:08:12'),(19074,'iFinancial','dividen','isApproved','Approved',0,0,0,0,0,0,0,0,0,2,'2011-12-27 08:08:12'),(19075,'iFinancial','dividen','isReview','Review',0,0,0,0,0,0,0,0,0,2,'2011-12-27 08:08:12'),(19076,'iFinancial','dividen','isPost','Post',0,0,0,0,0,0,0,0,0,2,'2011-12-27 08:08:12'),(19077,'iFinancial','dividen','executeBy','By',0,0,0,0,0,0,0,0,0,2,'2011-12-27 08:08:12'),(19078,'iFinancial','dividen','executeTime','Time',0,0,0,0,0,0,0,0,0,2,'2011-12-27 08:08:12'),(19079,'iFinancial','education','educationId','education',0,0,0,0,0,0,0,0,0,2,'2011-12-27 08:08:12'),(19080,'iFinancial','education','educationSequence','Sequence',0,0,0,0,0,0,0,0,0,2,'2011-12-27 08:08:12'),(19081,'iFinancial','education','educationCode','Code',0,0,0,0,0,0,0,0,0,2,'2011-12-27 08:08:12'),(19082,'iFinancial','education','educationDesc','Desc',0,0,0,0,0,0,0,0,0,2,'2011-12-27 08:08:12'),(19083,'iFinancial','education','isDefault','Default',0,0,0,0,0,0,0,0,0,2,'2011-12-27 08:08:12'),(19084,'iFinancial','education','isNew','New',0,0,0,0,0,0,0,0,0,2,'2011-12-27 08:08:12'),(19085,'iFinancial','education','isDraft','Draft',0,0,0,0,0,0,0,0,0,2,'2011-12-27 08:08:12'),(19086,'iFinancial','education','isUpdate','Update',0,0,0,0,0,0,0,0,0,2,'2011-12-27 08:08:12'),(19087,'iFinancial','education','isDelete','Delete',0,0,0,0,0,0,0,0,0,2,'2011-12-27 08:08:12'),(19088,'iFinancial','education','isActive','Active',0,0,0,0,0,0,0,0,0,2,'2011-12-27 08:08:12'),(19089,'iFinancial','education','isApproved','Approved',0,0,0,0,0,0,0,0,0,2,'2011-12-27 08:08:12'),(19090,'iFinancial','education','isReview','Review',0,0,0,0,0,0,0,0,0,2,'2011-12-27 08:08:12'),(19091,'iFinancial','education','isPost','Post',0,0,0,0,0,0,0,0,0,2,'2011-12-27 08:08:12'),(19092,'iFinancial','education','executeBy','By',0,0,0,0,0,0,0,0,0,2,'2011-12-27 08:08:12'),(19093,'iFinancial','education','executeTime','Time',0,0,0,0,0,0,0,0,0,2,'2011-12-27 08:08:12'),(19094,'iFinancial','family','familyId','family',0,0,0,0,0,0,0,0,0,2,'2011-12-27 08:08:12'),(19095,'iFinancial','family','familyCode','Code',0,0,0,0,0,0,0,0,0,2,'2011-12-27 08:08:12'),(19096,'iFinancial','family','familyDesc','Desc',0,0,0,0,0,0,0,0,0,2,'2011-12-27 08:08:12'),(19097,'iFinancial','family','isDefault','Default',0,0,0,0,0,0,0,0,0,2,'2011-12-27 08:08:12'),(19098,'iFinancial','family','isNew','New',0,0,0,0,0,0,0,0,0,2,'2011-12-27 08:08:12'),(19099,'iFinancial','family','isDraft','Draft',0,0,0,0,0,0,0,0,0,2,'2011-12-27 08:08:12'),(19100,'iFinancial','family','isUpdate','Update',0,0,0,0,0,0,0,0,0,2,'2011-12-27 08:08:12'),(19101,'iFinancial','family','isDelete','Delete',0,0,0,0,0,0,0,0,0,2,'2011-12-27 08:08:12'),(19102,'iFinancial','family','isActive','Active',0,0,0,0,0,0,0,0,0,2,'2011-12-27 08:08:12'),(19103,'iFinancial','family','isApproved','Approved',0,0,0,0,0,0,0,0,0,2,'2011-12-27 08:08:12'),(19104,'iFinancial','family','isReview','Review',0,0,0,0,0,0,0,0,0,2,'2011-12-27 08:08:12'),(19105,'iFinancial','family','isPost','Post',0,0,0,0,0,0,0,0,0,2,'2011-12-27 08:08:12'),(19106,'iFinancial','family','executeBy','By',0,0,0,0,0,0,0,0,0,2,'2011-12-27 08:08:12'),(19107,'iFinancial','family','executeTime','Time',0,0,0,0,0,0,0,0,0,2,'2011-12-27 08:08:12'),(19108,'iFinancial','financialDuration','financialDurationId','financialDuration',0,0,0,0,0,0,0,0,0,2,'2011-12-27 08:08:12'),(19109,'iFinancial','financialDuration','financialDurationYear','Year',0,0,0,0,0,0,0,0,0,2,'2011-12-27 08:08:12'),(19110,'iFinancial','financialDuration','financialDurationYearClose','Year Close',0,0,0,0,0,0,0,0,0,2,'2011-12-27 08:08:12'),(19111,'iFinancial','financialDuration','financialDurationYearPeriodFirst','Year First',0,0,0,0,0,0,0,0,0,2,'2011-12-27 08:08:12'),(19112,'iFinancial','financialDuration','financialDurationYearPeriodFirstClose','Year Period First   Close',0,0,0,0,0,0,0,0,0,2,'2011-12-27 08:08:12'),(19113,'iFinancial','financialDuration','financialDurationYearPeriodSecond','Year Second',0,0,0,0,0,0,0,0,0,2,'2011-12-27 08:08:12'),(19114,'iFinancial','financialDuration','financialDurationYearPeriodSecondClose','Year Period Second   Close',0,0,0,0,0,0,0,0,0,2,'2011-12-27 08:08:12'),(19115,'iFinancial','financialDuration','financialDurationYearPeriodThird','Year Third',0,0,0,0,0,0,0,0,0,2,'2011-12-27 08:08:12'),(19116,'iFinancial','financialDuration','financialDurationYearPeriodThirdClose','Year Period Third   Close',0,0,0,0,0,0,0,0,0,2,'2011-12-27 08:08:12'),(19117,'iFinancial','financialDuration','financialDurationYearPeriodFourth','Year Fourth',0,0,0,0,0,0,0,0,0,2,'2011-12-27 08:08:12'),(19118,'iFinancial','financialDuration','financialDurationYearPeriodFourthClose','Year Period Fourth   Close',0,0,0,0,0,0,0,0,0,2,'2011-12-27 08:08:12'),(19119,'iFinancial','financialDuration','financialDurationYearPeriodFifth','Year Fifth',0,0,0,0,0,0,0,0,0,2,'2011-12-27 08:08:12'),(19120,'iFinancial','financialDuration','financialDurationYearPeriodFifthClose','Year Period Fifth   Close',0,0,0,0,0,0,0,0,0,2,'2011-12-27 08:08:12'),(19121,'iFinancial','financialDuration','financialDurationYearPeriodSix','Year Six',0,0,0,0,0,0,0,0,0,2,'2011-12-27 08:08:12'),(19122,'iFinancial','financialDuration','financialDurationYearPeriodSixClose','Year Period Six   Close',0,0,0,0,0,0,0,0,0,2,'2011-12-27 08:08:12'),(19123,'iFinancial','financialDuration','financialDurationYearPeriodSeven','Year Seven',0,0,0,0,0,0,0,0,0,2,'2011-12-27 08:08:12'),(19124,'iFinancial','financialDuration','financialDurationYearPeriodSevenClose','Year Period Seven   Close',0,0,0,0,0,0,0,0,0,2,'2011-12-27 08:08:12'),(19125,'iFinancial','financialDuration','financialDurationYearPeriodEigth','Year Eigth',0,0,0,0,0,0,0,0,0,2,'2011-12-27 08:08:12'),(19126,'iFinancial','financialDuration','financialDurationYearPeriodEigthClose','Year Period Eigth   Close',0,0,0,0,0,0,0,0,0,2,'2011-12-27 08:08:12'),(19127,'iFinancial','financialDuration','financialDurationYearPeriodNine','Year Nine',0,0,0,0,0,0,0,0,0,2,'2011-12-27 08:08:12'),(19128,'iFinancial','financialDuration','financialDurationYearPeriodNineClose','Year Period Nine   Close',0,0,0,0,0,0,0,0,0,2,'2011-12-27 08:08:12'),(19129,'iFinancial','financialDuration','financialDurationYearPeriodTen','Year Ten',0,0,0,0,0,0,0,0,0,2,'2011-12-27 08:08:12'),(19130,'iFinancial','financialDuration','financialDurationYearPeriodTenClose','Year Period Ten   Close',0,0,0,0,0,0,0,0,0,2,'2011-12-27 08:08:12'),(19131,'iFinancial','financialDuration','financialDurationYearPeriodEleven','Year Eleven',0,0,0,0,0,0,0,0,0,2,'2011-12-27 08:08:12'),(19132,'iFinancial','financialDuration','financialDurationYearPeriodElevenClose','Year Period Eleven   Close',0,0,0,0,0,0,0,0,0,2,'2011-12-27 08:08:12'),(19133,'iFinancial','financialDuration','financialDurationYearPeriodTwelve','Year Twelve',0,0,0,0,0,0,0,0,0,2,'2011-12-27 08:08:12'),(19134,'iFinancial','financialDuration','financialDurationYearPeriodTwelveClose','Year Period Twelve   Close',0,0,0,0,0,0,0,0,0,2,'2011-12-27 08:08:12'),(19135,'iFinancial','financialDuration','isDefault','Default',0,0,0,0,0,0,0,0,0,2,'2011-12-27 08:08:12'),(19136,'iFinancial','financialDuration','isNew','New',0,0,0,0,0,0,0,0,0,2,'2011-12-27 08:08:12'),(19137,'iFinancial','financialDuration','isDraft','Draft',0,0,0,0,0,0,0,0,0,2,'2011-12-27 08:08:12'),(19138,'iFinancial','financialDuration','isUpdate','Update',0,0,0,0,0,0,0,0,0,2,'2011-12-27 08:08:12'),(19139,'iFinancial','financialDuration','isDelete','Delete',0,0,0,0,0,0,0,0,0,2,'2011-12-27 08:08:12'),(19140,'iFinancial','financialDuration','isActive','Active',0,0,0,0,0,0,0,0,0,2,'2011-12-27 08:08:12'),(19141,'iFinancial','financialDuration','isApproved','Approved',0,0,0,0,0,0,0,0,0,2,'2011-12-27 08:08:12'),(19142,'iFinancial','financialDuration','isReview','Review',0,0,0,0,0,0,0,0,0,2,'2011-12-27 08:08:12'),(19143,'iFinancial','financialDuration','isPost','Post',0,0,0,0,0,0,0,0,0,2,'2011-12-27 08:08:12'),(19144,'iFinancial','financialDuration','executeBy','By',0,0,0,0,0,0,0,0,0,2,'2011-12-27 08:08:12'),(19145,'iFinancial','financialDuration','executeTime','Time',0,0,0,0,0,0,0,0,0,2,'2011-12-27 08:08:12'),(19146,'iFinancial','financialSetting','templatetId','templatet',0,0,0,0,0,0,0,0,0,2,'2011-12-27 08:08:12'),(19147,'iFinancial','financialSetting','isDefault','Default',0,0,0,0,0,0,0,0,0,2,'2011-12-27 08:08:12'),(19148,'iFinancial','financialSetting','isNew','New',0,0,0,0,0,0,0,0,0,2,'2011-12-27 08:08:12'),(19149,'iFinancial','financialSetting','isDraft','Draft',0,0,0,0,0,0,0,0,0,2,'2011-12-27 08:08:12'),(19150,'iFinancial','financialSetting','isUpdate','Update',0,0,0,0,0,0,0,0,0,2,'2011-12-27 08:08:12'),(19151,'iFinancial','financialSetting','isDelete','Delete',0,0,0,0,0,0,0,0,0,2,'2011-12-27 08:08:12'),(19152,'iFinancial','financialSetting','isActive','Active',0,0,0,0,0,0,0,0,0,2,'2011-12-27 08:08:12'),(19153,'iFinancial','financialSetting','isApproved','Approved',0,0,0,0,0,0,0,0,0,2,'2011-12-27 08:08:12'),(19154,'iFinancial','financialSetting','isReview','Review',0,0,0,0,0,0,0,0,0,2,'2011-12-27 08:08:12'),(19155,'iFinancial','financialSetting','isPost','Post',0,0,0,0,0,0,0,0,0,2,'2011-12-27 08:08:12'),(19156,'iFinancial','financialSetting','executeBy','By',0,0,0,0,0,0,0,0,0,2,'2011-12-27 08:08:12'),(19157,'iFinancial','financialSetting','executeTime','Time',0,0,0,0,0,0,0,0,0,2,'2011-12-27 08:08:12'),(19158,'iFinancial','gender','genderId','gender',0,0,0,0,0,0,0,0,0,2,'2011-12-27 08:08:12'),(19159,'iFinancial','gender','genderSequence','Sequence',0,0,0,0,0,0,0,0,0,2,'2011-12-27 08:08:12'),(19160,'iFinancial','gender','genderCode','Code',0,0,0,0,0,0,0,0,0,2,'2011-12-27 08:08:12'),(19161,'iFinancial','gender','genderDesc','Desc',0,0,0,0,0,0,0,0,0,2,'2011-12-27 08:08:12'),(19162,'iFinancial','gender','isDefault','Default',0,0,0,0,0,0,0,0,0,2,'2011-12-27 08:08:12'),(19163,'iFinancial','gender','isNew','New',0,0,0,0,0,0,0,0,0,2,'2011-12-27 08:08:12'),(19164,'iFinancial','gender','isDraft','Draft',0,0,0,0,0,0,0,0,0,2,'2011-12-27 08:08:12'),(19165,'iFinancial','gender','isUpdate','Update',0,0,0,0,0,0,0,0,0,2,'2011-12-27 08:08:12'),(19166,'iFinancial','gender','isDelete','Delete',0,0,0,0,0,0,0,0,0,2,'2011-12-27 08:08:12'),(19167,'iFinancial','gender','isActive','Active',0,0,0,0,0,0,0,0,0,2,'2011-12-27 08:08:12'),(19168,'iFinancial','gender','isApproved','Approved',0,0,0,0,0,0,0,0,0,2,'2011-12-27 08:08:12'),(19169,'iFinancial','gender','isReview','Review',0,0,0,0,0,0,0,0,0,2,'2011-12-27 08:08:12'),(19170,'iFinancial','gender','isPost','Post',0,0,0,0,0,0,0,0,0,2,'2011-12-27 08:08:12'),(19171,'iFinancial','gender','executeBy','By',0,0,0,0,0,0,0,0,0,2,'2011-12-27 08:08:12'),(19172,'iFinancial','gender','executeTime','Time',0,0,0,0,0,0,0,0,0,2,'2011-12-27 08:08:12'),(19173,'iFinancial','generalLedger','generalLedgerId','generalLedger',0,0,0,0,0,0,0,0,0,2,'2011-12-27 08:08:12'),(19174,'iFinancial','generalLedger','documentNo','Document No',0,0,0,0,0,0,0,0,0,2,'2011-12-27 08:08:12'),(19175,'iFinancial','generalLedger','generalLedgerTitle','Title',0,0,0,0,0,0,0,0,0,2,'2011-12-27 08:08:12'),(19176,'iFinancial','generalLedger','generalLedgerDesc','Desc',0,0,0,0,0,0,0,0,0,2,'2011-12-27 08:08:12'),(19177,'iFinancial','generalLedger','generalLedgerDate','Date',0,0,0,0,0,0,0,0,0,2,'2011-12-27 08:08:12'),(19178,'iFinancial','generalLedger','countryId','country',0,0,0,0,0,0,0,0,0,2,'2011-12-27 08:08:12'),(19179,'iFinancial','generalLedger','countryCurrencyCode','Country Code',0,0,0,0,0,0,0,0,0,2,'2011-12-27 08:08:12'),(19180,'iFinancial','generalLedger','transactionMode','Transaction Mode',0,0,0,0,0,0,0,0,0,2,'2011-12-27 08:08:12'),(19181,'iFinancial','generalLedger','generalLedgerForeignAmount','Foreign Amount',0,0,0,0,0,0,0,0,0,2,'2011-12-27 08:08:12'),(19182,'iFinancial','generalLedger','generalLedgerLocalAmount','Local Amount',0,0,0,0,0,0,0,0,0,2,'2011-12-27 08:08:12'),(19183,'iFinancial','generalLedger','generalLedgerChartOfAccountCategoryId','generalLedgerChartOfAccountCategory',0,0,0,0,0,0,0,0,0,2,'2011-12-27 08:08:12'),(19184,'iFinancial','generalLedger','generalLedgerChartOfAccountCategoryDesc','Chart Of Account Category   Desc',0,0,0,0,0,0,0,0,0,2,'2011-12-27 08:08:12'),(19185,'iFinancial','generalLedger','generalLedgerChartOfAccountTypeId','generalLedgerChartOfAccountType',0,0,0,0,0,0,0,0,0,2,'2011-12-27 08:08:12'),(19186,'iFinancial','generalLedger','generalLedgerChartOfAccountTypeDesc','Chart Of Account Type   Desc',0,0,0,0,0,0,0,0,0,2,'2011-12-27 08:08:12'),(19187,'iFinancial','generalLedger','generalLedgerChartOfAccountId','generalLedgerChartOfAccount',0,0,0,0,0,0,0,0,0,2,'2011-12-27 08:08:12'),(19188,'iFinancial','generalLedger','generalLedgerChartOfAccountNo','Chart Of Account   No',0,0,0,0,0,0,0,0,0,2,'2011-12-27 08:08:12'),(19189,'iFinancial','generalLedger','generalLedgerChartOfAccountDesc','Chart Of Account   Desc',0,0,0,0,0,0,0,0,0,2,'2011-12-27 08:08:12'),(19190,'iFinancial','generalLedger','businessPartnerId','businessPartner',0,0,0,0,0,0,0,0,0,2,'2011-12-27 08:08:12'),(19191,'iFinancial','generalLedger','businessPartnerDesc','Business Desc',0,0,0,0,0,0,0,0,0,2,'2011-12-27 08:08:12'),(19192,'iFinancial','generalLedger','businessPartnerComppany','Business Comppany',0,0,0,0,0,0,0,0,0,2,'2011-12-27 08:08:12'),(19193,'iFinancial','generalLedger','isDefault','Default',0,0,0,0,0,0,0,0,0,2,'2011-12-27 08:08:12'),(19194,'iFinancial','generalLedger','isNew','New',0,0,0,0,0,0,0,0,0,2,'2011-12-27 08:08:12'),(19195,'iFinancial','generalLedger','isDraft','Draft',0,0,0,0,0,0,0,0,0,2,'2011-12-27 08:08:12'),(19196,'iFinancial','generalLedger','isUpdate','Update',0,0,0,0,0,0,0,0,0,2,'2011-12-27 08:08:12'),(19197,'iFinancial','generalLedger','isDelete','Delete',0,0,0,0,0,0,0,0,0,2,'2011-12-27 08:08:12'),(19198,'iFinancial','generalLedger','isActive','Active',0,0,0,0,0,0,0,0,0,2,'2011-12-27 08:08:12'),(19199,'iFinancial','generalLedger','isApproved','Approved',0,0,0,0,0,0,0,0,0,2,'2011-12-27 08:08:12'),(19200,'iFinancial','generalLedger','isReview','Review',0,0,0,0,0,0,0,0,0,2,'2011-12-27 08:08:12'),(19201,'iFinancial','generalLedger','isPost','Post',0,0,0,0,0,0,0,0,0,2,'2011-12-27 08:08:12'),(19202,'iFinancial','generalLedger','isAuthorized','Is Authorized',0,0,0,0,0,0,0,0,0,2,'2011-12-27 08:08:12'),(19203,'iFinancial','generalLedger','executeBy','By',0,0,0,0,0,0,0,0,0,2,'2011-12-27 08:08:12'),(19204,'iFinancial','generalLedger','executeTime','Time',0,0,0,0,0,0,0,0,0,2,'2011-12-27 08:08:12'),(19205,'iFinancial','generalLedgerBudget','generalLedgerBudgetId','generalLedgerBudget',0,0,0,0,0,0,0,0,0,2,'2011-12-27 08:08:12'),(19206,'iFinancial','generalLedgerBudget','generalLedgerChartOfAccountId','generalLedgerChartOfAccount',0,0,0,0,0,0,0,0,0,2,'2011-12-27 08:08:12'),(19207,'iFinancial','generalLedgerBudget','generalLedgerBudgetYear','Year',0,0,0,0,0,0,0,0,0,2,'2011-12-27 08:08:12'),(19208,'iFinancial','generalLedgerBudget','generalLedgerBudgetJanuary','January',0,0,0,0,0,0,0,0,0,2,'2011-12-27 08:08:12'),(19209,'iFinancial','generalLedgerBudget','generalLedgerBudgetFebruary','February',0,0,0,0,0,0,0,0,0,2,'2011-12-27 08:08:12'),(19210,'iFinancial','generalLedgerBudget','generalLedgerBudgetMarch','March',0,0,0,0,0,0,0,0,0,2,'2011-12-27 08:08:12'),(19211,'iFinancial','generalLedgerBudget','generalLedgerBudgetApril','April',0,0,0,0,0,0,0,0,0,2,'2011-12-27 08:08:12'),(19212,'iFinancial','generalLedgerBudget','generalLedgerBudgetMay','May',0,0,0,0,0,0,0,0,0,2,'2011-12-27 08:08:12'),(19213,'iFinancial','generalLedgerBudget','generalLedgerBudgetJun','Jun',0,0,0,0,0,0,0,0,0,2,'2011-12-27 08:08:12'),(19214,'iFinancial','generalLedgerBudget','generalLedgerBudgetJuly','July',0,0,0,0,0,0,0,0,0,2,'2011-12-27 08:08:12'),(19215,'iFinancial','generalLedgerBudget','generalLedgerBudgetAugust','August',0,0,0,0,0,0,0,0,0,2,'2011-12-27 08:08:12'),(19216,'iFinancial','generalLedgerBudget','generalLedgerBudgetSeptember','September',0,0,0,0,0,0,0,0,0,2,'2011-12-27 08:08:12'),(19217,'iFinancial','generalLedgerBudget','generalLedgerBudgetOctober','October',0,0,0,0,0,0,0,0,0,2,'2011-12-27 08:08:12'),(19218,'iFinancial','generalLedgerBudget','generalLedgerBudgetNovember','November',0,0,0,0,0,0,0,0,0,2,'2011-12-27 08:08:12'),(19219,'iFinancial','generalLedgerBudget','generalLedgerBudgetDisember','Disember',0,0,0,0,0,0,0,0,0,2,'2011-12-27 08:08:12'),(19220,'iFinancial','generalLedgerBudget','isDefault','Default',0,0,0,0,0,0,0,0,0,2,'2011-12-27 08:08:12'),(19221,'iFinancial','generalLedgerBudget','isNew','New',0,0,0,0,0,0,0,0,0,2,'2011-12-27 08:08:12'),(19222,'iFinancial','generalLedgerBudget','isDraft','Draft',0,0,0,0,0,0,0,0,0,2,'2011-12-27 08:08:12'),(19223,'iFinancial','generalLedgerBudget','isUpdate','Update',0,0,0,0,0,0,0,0,0,2,'2011-12-27 08:08:12'),(19224,'iFinancial','generalLedgerBudget','isDelete','Delete',0,0,0,0,0,0,0,0,0,2,'2011-12-27 08:08:12'),(19225,'iFinancial','generalLedgerBudget','isActive','Active',0,0,0,0,0,0,0,0,0,2,'2011-12-27 08:08:12'),(19226,'iFinancial','generalLedgerBudget','isApproved','Approved',0,0,0,0,0,0,0,0,0,2,'2011-12-27 08:08:12'),(19227,'iFinancial','generalLedgerBudget','isReview','Review',0,0,0,0,0,0,0,0,0,2,'2011-12-27 08:08:12'),(19228,'iFinancial','generalLedgerBudget','isPost','Post',0,0,0,0,0,0,0,0,0,2,'2011-12-27 08:08:12'),(19229,'iFinancial','generalLedgerBudget','executeBy','By',0,0,0,0,0,0,0,0,0,2,'2011-12-27 08:08:12'),(19230,'iFinancial','generalLedgerBudget','executeTime','Time',0,0,0,0,0,0,0,0,0,2,'2011-12-27 08:08:12'),(19231,'iFinancial','generalLedgerBudgetPremium','generalLedgerBudgetId','generalLedgerBudget',0,0,0,0,0,0,0,0,0,2,'2011-12-27 08:08:12'),(19232,'iFinancial','generalLedgerBudgetPremium','generalLedgerChartOfAccountId','generalLedgerChartOfAccount',0,0,0,0,0,0,0,0,0,2,'2011-12-27 08:08:12'),(19233,'iFinancial','generalLedgerBudgetPremium','generalLedgerBudgetMonth','General Ledger Budget   Month',0,0,0,0,0,0,0,0,0,2,'2011-12-27 08:08:12'),(19234,'iFinancial','generalLedgerBudgetPremium','generalLedgerBudgetYear','General Ledger Budget   Year',0,0,0,0,0,0,0,0,0,2,'2011-12-27 08:08:12'),(19235,'iFinancial','generalLedgerBudgetPremium','generalLedgerBudgetAmount','General Ledger Budget   Amount',0,0,0,0,0,0,0,0,0,2,'2011-12-27 08:08:12'),(19236,'iFinancial','generalLedgerBudgetPremium','generalLedgerBudgetDesc','General Ledger Budget   Desc',0,0,0,0,0,0,0,0,0,2,'2011-12-27 08:08:12'),(19237,'iFinancial','generalLedgerBudgetPremium','isDefault','Default',0,0,0,0,0,0,0,0,0,2,'2011-12-27 08:08:12'),(19238,'iFinancial','generalLedgerBudgetPremium','isNew','New',0,0,0,0,0,0,0,0,0,2,'2011-12-27 08:08:12'),(19239,'iFinancial','generalLedgerBudgetPremium','isDraft','Draft',0,0,0,0,0,0,0,0,0,2,'2011-12-27 08:08:12'),(19240,'iFinancial','generalLedgerBudgetPremium','isUpdate','Update',0,0,0,0,0,0,0,0,0,2,'2011-12-27 08:08:12'),(19241,'iFinancial','generalLedgerBudgetPremium','isDelete','Delete',0,0,0,0,0,0,0,0,0,2,'2011-12-27 08:08:12'),(19242,'iFinancial','generalLedgerBudgetPremium','isActive','Active',0,0,0,0,0,0,0,0,0,2,'2011-12-27 08:08:12'),(19243,'iFinancial','generalLedgerBudgetPremium','isApproved','Approved',0,0,0,0,0,0,0,0,0,2,'2011-12-27 08:08:12'),(19244,'iFinancial','generalLedgerBudgetPremium','isReview','Review',0,0,0,0,0,0,0,0,0,2,'2011-12-27 08:08:12'),(19245,'iFinancial','generalLedgerBudgetPremium','isPost','Post',0,0,0,0,0,0,0,0,0,2,'2011-12-27 08:08:12'),(19246,'iFinancial','generalLedgerBudgetPremium','executeBy','By',0,0,0,0,0,0,0,0,0,2,'2011-12-27 08:08:12'),(19247,'iFinancial','generalLedgerBudgetPremium','executeTime','Time',0,0,0,0,0,0,0,0,0,2,'2011-12-27 08:08:12'),(19248,'iFinancial','generalLedgerBudgetType','generalLedgerBudgetTypeId','generalLedgerBudgetType',0,0,0,0,0,0,0,0,0,2,'2011-12-27 08:08:12'),(19249,'iFinancial','generalLedgerBudgetType','generalLedgerBudgetTypeSequence','Sequence',0,0,0,0,0,0,0,0,0,2,'2011-12-27 08:08:12'),(19250,'iFinancial','generalLedgerBudgetType','generalLedgerBudgetTypeCode','Code',0,0,0,0,0,0,0,0,0,2,'2011-12-27 08:08:12'),(19251,'iFinancial','generalLedgerBudgetType','generalLedgerBudgetTypeDesc','Desc',0,0,0,0,0,0,0,0,0,2,'2011-12-27 08:08:12'),(19252,'iFinancial','generalLedgerBudgetType','isDefault','Default',0,0,0,0,0,0,0,0,0,2,'2011-12-27 08:08:12'),(19253,'iFinancial','generalLedgerBudgetType','isNew','New',0,0,0,0,0,0,0,0,0,2,'2011-12-27 08:08:12'),(19254,'iFinancial','generalLedgerBudgetType','isDraft','Draft',0,0,0,0,0,0,0,0,0,2,'2011-12-27 08:08:12'),(19255,'iFinancial','generalLedgerBudgetType','isUpdate','Update',0,0,0,0,0,0,0,0,0,2,'2011-12-27 08:08:12'),(19256,'iFinancial','generalLedgerBudgetType','isDelete','Delete',0,0,0,0,0,0,0,0,0,2,'2011-12-27 08:08:12'),(19257,'iFinancial','generalLedgerBudgetType','isActive','Active',0,0,0,0,0,0,0,0,0,2,'2011-12-27 08:08:12'),(19258,'iFinancial','generalLedgerBudgetType','isApproved','Approved',0,0,0,0,0,0,0,0,0,2,'2011-12-27 08:08:12'),(19259,'iFinancial','generalLedgerBudgetType','isReview','Review',0,0,0,0,0,0,0,0,0,2,'2011-12-27 08:08:12'),(19260,'iFinancial','generalLedgerBudgetType','isPost','Post',0,0,0,0,0,0,0,0,0,2,'2011-12-27 08:08:12'),(19261,'iFinancial','generalLedgerBudgetType','executeBy','By',0,0,0,0,0,0,0,0,0,2,'2011-12-27 08:08:12'),(19262,'iFinancial','generalLedgerBudgetType','executeTime','Time',0,0,0,0,0,0,0,0,0,2,'2011-12-27 08:08:12'),(19263,'iFinancial','generalLedgerChartOfAccount','generalLedgerChartOfAccountId','generalLedgerChartOfAccount',0,0,0,0,0,0,0,0,0,2,'2011-12-27 08:08:12'),(19264,'iFinancial','generalLedgerChartOfAccount','generalLedgerChartOfAccountTitle','Title',0,0,0,0,0,0,0,0,0,2,'2011-12-27 08:08:12'),(19265,'iFinancial','generalLedgerChartOfAccount','generalLedgerChartOfAccountDesc','Desc',0,0,0,0,0,0,0,0,0,2,'2011-12-27 08:08:12'),(19266,'iFinancial','generalLedgerChartOfAccount','generalLedgerChartOfAccountNo','No',0,0,0,0,0,0,0,0,0,2,'2011-12-27 08:08:12'),(19267,'iFinancial','generalLedgerChartOfAccount','generalLedgerChartOfAccountSegmentId','generalLedgerChartOfAccountSegment',0,0,0,0,0,0,0,0,0,2,'2011-12-27 08:08:12'),(19268,'iFinancial','generalLedgerChartOfAccount','generalLedgerChartOfAccountCategoryId','generalLedgerChartOfAccountCategory',0,0,0,0,0,0,0,0,0,2,'2011-12-27 08:08:12'),(19269,'iFinancial','generalLedgerChartOfAccount','generalLedgerChartOfAccountTypeId','generalLedgerChartOfAccountType',0,0,0,0,0,0,0,0,0,2,'2011-12-27 08:08:12'),(19270,'iFinancial','generalLedgerChartOfAccount','generalLedgerChartOfAccountReportTypeId','generalLedgerChartOfAccountReportType',0,0,0,0,0,0,0,0,0,2,'2011-12-27 08:08:12'),(19271,'iFinancial','generalLedgerChartOfAccount','isDefault','Default',0,0,0,0,0,0,0,0,0,2,'2011-12-27 08:08:12'),(19272,'iFinancial','generalLedgerChartOfAccount','isNew','New',0,0,0,0,0,0,0,0,0,2,'2011-12-27 08:08:12'),(19273,'iFinancial','generalLedgerChartOfAccount','isDraft','Draft',0,0,0,0,0,0,0,0,0,2,'2011-12-27 08:08:12'),(19274,'iFinancial','generalLedgerChartOfAccount','isUpdate','Update',0,0,0,0,0,0,0,0,0,2,'2011-12-27 08:08:12'),(19275,'iFinancial','generalLedgerChartOfAccount','isDelete','Delete',0,0,0,0,0,0,0,0,0,2,'2011-12-27 08:08:12'),(19276,'iFinancial','generalLedgerChartOfAccount','isActive','Active',0,0,0,0,0,0,0,0,0,2,'2011-12-27 08:08:12'),(19277,'iFinancial','generalLedgerChartOfAccount','isApproved','Approved',0,0,0,0,0,0,0,0,0,2,'2011-12-27 08:08:12'),(19278,'iFinancial','generalLedgerChartOfAccount','isReview','Review',0,0,0,0,0,0,0,0,0,2,'2011-12-27 08:08:12'),(19279,'iFinancial','generalLedgerChartOfAccount','isPost','Post',0,0,0,0,0,0,0,0,0,2,'2011-12-27 08:08:12'),(19280,'iFinancial','generalLedgerChartOfAccount','isConsolidation','Consolidation',0,0,0,0,0,0,0,0,0,2,'2011-12-27 08:08:12'),(19281,'iFinancial','generalLedgerChartOfAccount','isSeperated','Seperated',0,0,0,0,0,0,0,0,0,2,'2011-12-27 08:08:12'),(19282,'iFinancial','generalLedgerChartOfAccount','executeBy','By',0,0,0,0,0,0,0,0,0,2,'2011-12-27 08:08:12'),(19283,'iFinancial','generalLedgerChartOfAccount','executeTime','Time',0,0,0,0,0,0,0,0,0,2,'2011-12-27 08:08:12'),(19284,'iFinancial','generalLedgerChartOfAccountAccess','generalLedgerChartOfAccountAccessId','generalLedgerChartOfAccountAccess',0,0,0,0,0,0,0,0,0,2,'2011-12-27 08:08:12'),(19285,'iFinancial','generalLedgerChartOfAccountAccess','staffId','staff',0,0,0,0,0,0,0,0,0,2,'2011-12-27 08:08:12'),(19286,'iFinancial','generalLedgerChartOfAccountAccess','generalLedgerChartOfAccountId','generalLedgerChartOfAccount',0,0,0,0,0,0,0,0,0,2,'2011-12-27 08:08:12'),(19287,'iFinancial','generalLedgerChartOfAccountAccess','generalLedgerChartOfAccountAccessValue','Value',0,0,0,0,0,0,0,0,0,2,'2011-12-27 08:08:12'),(19288,'iFinancial','generalLedgerChartOfAccountCategory','generalLedgerChartOfAccountCategoryId','generalLedgerChartOfAccountCategory',0,0,0,0,0,0,0,0,0,2,'2011-12-27 08:08:12'),(19289,'iFinancial','generalLedgerChartOfAccountCategory','generalLedgerChartOfAccountCategorySequence','Sequence',0,0,0,0,0,0,0,0,0,2,'2011-12-27 08:08:12'),(19290,'iFinancial','generalLedgerChartOfAccountCategory','generalLedgerChartOfAccountCategoryCode','Code',0,0,0,0,0,0,0,0,0,2,'2011-12-27 08:08:12'),(19291,'iFinancial','generalLedgerChartOfAccountCategory','generalLedgerChartOfAccountCategoryDesc','Desc',0,0,0,0,0,0,0,0,0,2,'2011-12-27 08:08:12'),(19292,'iFinancial','generalLedgerChartOfAccountCategory','generalLedgerChartOfAccountCategoryNote','Note',0,0,0,0,0,0,0,0,0,2,'2011-12-27 08:08:12'),(19293,'iFinancial','generalLedgerChartOfAccountCategory','isDefault','Default',0,0,0,0,0,0,0,0,0,2,'2011-12-27 08:08:12'),(19294,'iFinancial','generalLedgerChartOfAccountCategory','isNew','New',0,0,0,0,0,0,0,0,0,2,'2011-12-27 08:08:12'),(19295,'iFinancial','generalLedgerChartOfAccountCategory','isDraft','Draft',0,0,0,0,0,0,0,0,0,2,'2011-12-27 08:08:12'),(19296,'iFinancial','generalLedgerChartOfAccountCategory','isUpdate','Update',0,0,0,0,0,0,0,0,0,2,'2011-12-27 08:08:12'),(19297,'iFinancial','generalLedgerChartOfAccountCategory','isDelete','Delete',0,0,0,0,0,0,0,0,0,2,'2011-12-27 08:08:12'),(19298,'iFinancial','generalLedgerChartOfAccountCategory','isActive','Active',0,0,0,0,0,0,0,0,0,2,'2011-12-27 08:08:12'),(19299,'iFinancial','generalLedgerChartOfAccountCategory','isApproved','Approved',0,0,0,0,0,0,0,0,0,2,'2011-12-27 08:08:12'),(19300,'iFinancial','generalLedgerChartOfAccountCategory','isReview','Review',0,0,0,0,0,0,0,0,0,2,'2011-12-27 08:08:12'),(19301,'iFinancial','generalLedgerChartOfAccountCategory','isPost','Post',0,0,0,0,0,0,0,0,0,2,'2011-12-27 08:08:12'),(19302,'iFinancial','generalLedgerChartOfAccountCategory','executeBy','By',0,0,0,0,0,0,0,0,0,2,'2011-12-27 08:08:12'),(19303,'iFinancial','generalLedgerChartOfAccountCategory','executeTime','Time',0,0,0,0,0,0,0,0,0,2,'2011-12-27 08:08:12'),(19304,'iFinancial','generalLedgerChartOfAccountDimension','generalLedgerChartOfAccountDimensionId','generalLedgerChartOfAccountDimension',0,0,0,0,0,0,0,0,0,2,'2011-12-27 08:08:12'),(19305,'iFinancial','generalLedgerChartOfAccountDimension','generalLedgerChartOfAccountDimensionType','Type',0,0,0,0,0,0,0,0,0,2,'2011-12-27 08:08:12'),(19306,'iFinancial','generalLedgerChartOfAccountDimension','generalLedgerChartOfAccountDimensionTitle','Title',0,0,0,0,0,0,0,0,0,2,'2011-12-27 08:08:12'),(19307,'iFinancial','generalLedgerChartOfAccountDimension','generalLedgerChartOfAccountDimensionDesc','Desc',0,0,0,0,0,0,0,0,0,2,'2011-12-27 08:08:12'),(19308,'iFinancial','generalLedgerChartOfAccountDimension','generalLedgerChartOfAccountIdStart','generalLedgerChartOfAccountStart',0,0,0,0,0,0,0,0,0,2,'2011-12-27 08:08:12'),(19309,'iFinancial','generalLedgerChartOfAccountDimension','generalLedgerChartOfAccountIdEnd','generalLedgerChartOfAccountEnd',0,0,0,0,0,0,0,0,0,2,'2011-12-27 08:08:12'),(19310,'iFinancial','generalLedgerChartOfAccountDimension','generalLedgerChartOfAccountDimensionFormula','Formula',0,0,0,0,0,0,0,0,0,2,'2011-12-27 08:08:12'),(19311,'iFinancial','generalLedgerChartOfAccountDimension','isDefault','Default',0,0,0,0,0,0,0,0,0,2,'2011-12-27 08:08:12'),(19312,'iFinancial','generalLedgerChartOfAccountDimension','isNew','New',0,0,0,0,0,0,0,0,0,2,'2011-12-27 08:08:12'),(19313,'iFinancial','generalLedgerChartOfAccountDimension','isDraft','Draft',0,0,0,0,0,0,0,0,0,2,'2011-12-27 08:08:12'),(19314,'iFinancial','generalLedgerChartOfAccountDimension','isUpdate','Update',0,0,0,0,0,0,0,0,0,2,'2011-12-27 08:08:12'),(19315,'iFinancial','generalLedgerChartOfAccountDimension','isDelete','Delete',0,0,0,0,0,0,0,0,0,2,'2011-12-27 08:08:12'),(19316,'iFinancial','generalLedgerChartOfAccountDimension','isActive','Active',0,0,0,0,0,0,0,0,0,2,'2011-12-27 08:08:12'),(19317,'iFinancial','generalLedgerChartOfAccountDimension','isApproved','Approved',0,0,0,0,0,0,0,0,0,2,'2011-12-27 08:08:12'),(19318,'iFinancial','generalLedgerChartOfAccountDimension','isReview','Review',0,0,0,0,0,0,0,0,0,2,'2011-12-27 08:08:12'),(19319,'iFinancial','generalLedgerChartOfAccountDimension','isPost','Post',0,0,0,0,0,0,0,0,0,2,'2011-12-27 08:08:12'),(19320,'iFinancial','generalLedgerChartOfAccountDimension','executeBy','By',0,0,0,0,0,0,0,0,0,2,'2011-12-27 08:08:12'),(19321,'iFinancial','generalLedgerChartOfAccountDimension','executeTime','Time',0,0,0,0,0,0,0,0,0,2,'2011-12-27 08:08:12'),(19322,'iFinancial','generalLedgerChartOfAccountReportType','generalLedgerChartOfAccountReportTypeId','generalLedgerChartOfAccountReportType',0,0,0,0,0,0,0,0,0,2,'2011-12-27 08:08:12'),(19323,'iFinancial','generalLedgerChartOfAccountReportType','generalLedgerChartOfAccountReportTypeSequence','Sequence',0,0,0,0,0,0,0,0,0,2,'2011-12-27 08:08:12'),(19324,'iFinancial','generalLedgerChartOfAccountReportType','generalLedgerChartOfAccountReportTypeCode','Code',0,0,0,0,0,0,0,0,0,2,'2011-12-27 08:08:12'),(19325,'iFinancial','generalLedgerChartOfAccountReportType','generalLedgerChartOfAccountReportTypeDesc','Desc',0,0,0,0,0,0,0,0,0,2,'2011-12-27 08:08:12'),(19326,'iFinancial','generalLedgerChartOfAccountReportType','isDefault','Default',0,0,0,0,0,0,0,0,0,2,'2011-12-27 08:08:12'),(19327,'iFinancial','generalLedgerChartOfAccountReportType','isNew','New',0,0,0,0,0,0,0,0,0,2,'2011-12-27 08:08:12'),(19328,'iFinancial','generalLedgerChartOfAccountReportType','isDraft','Draft',0,0,0,0,0,0,0,0,0,2,'2011-12-27 08:08:12'),(19329,'iFinancial','generalLedgerChartOfAccountReportType','isUpdate','Update',0,0,0,0,0,0,0,0,0,2,'2011-12-27 08:08:12'),(19330,'iFinancial','generalLedgerChartOfAccountReportType','isDelete','Delete',0,0,0,0,0,0,0,0,0,2,'2011-12-27 08:08:12'),(19331,'iFinancial','generalLedgerChartOfAccountReportType','isActive','Active',0,0,0,0,0,0,0,0,0,2,'2011-12-27 08:08:12'),(19332,'iFinancial','generalLedgerChartOfAccountReportType','isApproved','Approved',0,0,0,0,0,0,0,0,0,2,'2011-12-27 08:08:12'),(19333,'iFinancial','generalLedgerChartOfAccountReportType','isReview','Review',0,0,0,0,0,0,0,0,0,2,'2011-12-27 08:08:12'),(19334,'iFinancial','generalLedgerChartOfAccountReportType','isPost','Post',0,0,0,0,0,0,0,0,0,2,'2011-12-27 08:08:12'),(19335,'iFinancial','generalLedgerChartOfAccountReportType','executeBy','By',0,0,0,0,0,0,0,0,0,2,'2011-12-27 08:08:12'),(19336,'iFinancial','generalLedgerChartOfAccountReportType','executeTime','Time',0,0,0,0,0,0,0,0,0,2,'2011-12-27 08:08:12'),(19337,'iFinancial','generalLedgerChartOfAccountSegment','generalLedgerChartOfAccountSegmentId','generalLedgerChartOfAccountSegment',0,0,0,0,0,0,0,0,0,2,'2011-12-27 08:08:12'),(19338,'iFinancial','generalLedgerChartOfAccountSegment','generalLedgerChartOfAccountSegmentTypeId','generalLedgerChartOfAccountSegmentType',0,0,0,0,0,0,0,0,0,2,'2011-12-27 08:08:12'),(19339,'iFinancial','generalLedgerChartOfAccountSegment','generalLedgerChartOfAccountSegmentNo','No',0,0,0,0,0,0,0,0,0,2,'2011-12-27 08:08:12'),(19340,'iFinancial','generalLedgerChartOfAccountSegment','generalLedgerChartOfAccountSegmentLength','Length',0,0,0,0,0,0,0,0,0,2,'2011-12-27 08:08:12'),(19341,'iFinancial','generalLedgerChartOfAccountSegment','generalLedgerChartOfAccountSegmentTitle','Title',0,0,0,0,0,0,0,0,0,2,'2011-12-27 08:08:12'),(19342,'iFinancial','generalLedgerChartOfAccountSegment','generalLedgerChartOfAccountSegmentDesc','Desc',0,0,0,0,0,0,0,0,0,2,'2011-12-27 08:08:12'),(19343,'iFinancial','generalLedgerChartOfAccountSegment','isDefault','Default',0,0,0,0,0,0,0,0,0,2,'2011-12-27 08:08:12'),(19344,'iFinancial','generalLedgerChartOfAccountSegment','isNew','New',0,0,0,0,0,0,0,0,0,2,'2011-12-27 08:08:12'),(19345,'iFinancial','generalLedgerChartOfAccountSegment','isDraft','Draft',0,0,0,0,0,0,0,0,0,2,'2011-12-27 08:08:12'),(19346,'iFinancial','generalLedgerChartOfAccountSegment','isUpdate','Update',0,0,0,0,0,0,0,0,0,2,'2011-12-27 08:08:12'),(19347,'iFinancial','generalLedgerChartOfAccountSegment','isDelete','Delete',0,0,0,0,0,0,0,0,0,2,'2011-12-27 08:08:12'),(19348,'iFinancial','generalLedgerChartOfAccountSegment','isActive','Active',0,0,0,0,0,0,0,0,0,2,'2011-12-27 08:08:12'),(19349,'iFinancial','generalLedgerChartOfAccountSegment','isApproved','Approved',0,0,0,0,0,0,0,0,0,2,'2011-12-27 08:08:12'),(19350,'iFinancial','generalLedgerChartOfAccountSegment','isReview','Review',0,0,0,0,0,0,0,0,0,2,'2011-12-27 08:08:12'),(19351,'iFinancial','generalLedgerChartOfAccountSegment','isPost','Post',0,0,0,0,0,0,0,0,0,2,'2011-12-27 08:08:12'),(19352,'iFinancial','generalLedgerChartOfAccountSegment','executeBy','By',0,0,0,0,0,0,0,0,0,2,'2011-12-27 08:08:12'),(19353,'iFinancial','generalLedgerChartOfAccountSegment','executeTime','Time',0,0,0,0,0,0,0,0,0,2,'2011-12-27 08:08:12'),(19354,'iFinancial','generalLedgerChartOfAccountSegmentType','generalLedgerChartOfAccountSegmentTypeId','generalLedgerChartOfAccountSegmentType',0,0,0,0,0,0,0,0,0,2,'2011-12-27 08:08:12'),(19355,'iFinancial','generalLedgerChartOfAccountSegmentType','generalLedgerChartOfAccountSegmentTypeSequence','Sequence',0,0,0,0,0,0,0,0,0,2,'2011-12-27 08:08:12'),(19356,'iFinancial','generalLedgerChartOfAccountSegmentType','generalLedgerChartOfAccountSegmentTypeCode','Code',0,0,0,0,0,0,0,0,0,2,'2011-12-27 08:08:12'),(19357,'iFinancial','generalLedgerChartOfAccountSegmentType','generalLedgerChartOfAccountSegmentTypeDesc','Desc',0,0,0,0,0,0,0,0,0,2,'2011-12-27 08:08:12'),(19358,'iFinancial','generalLedgerChartOfAccountSegmentType','isDefault','Default',0,0,0,0,0,0,0,0,0,2,'2011-12-27 08:08:12'),(19359,'iFinancial','generalLedgerChartOfAccountSegmentType','isNew','New',0,0,0,0,0,0,0,0,0,2,'2011-12-27 08:08:12'),(19360,'iFinancial','generalLedgerChartOfAccountSegmentType','isDraft','Draft',0,0,0,0,0,0,0,0,0,2,'2011-12-27 08:08:12'),(19361,'iFinancial','generalLedgerChartOfAccountSegmentType','isUpdate','Update',0,0,0,0,0,0,0,0,0,2,'2011-12-27 08:08:12'),(19362,'iFinancial','generalLedgerChartOfAccountSegmentType','isDelete','Delete',0,0,0,0,0,0,0,0,0,2,'2011-12-27 08:08:12'),(19363,'iFinancial','generalLedgerChartOfAccountSegmentType','isActive','Active',0,0,0,0,0,0,0,0,0,2,'2011-12-27 08:08:12'),(19364,'iFinancial','generalLedgerChartOfAccountSegmentType','isApproved','Approved',0,0,0,0,0,0,0,0,0,2,'2011-12-27 08:08:12'),(19365,'iFinancial','generalLedgerChartOfAccountSegmentType','isReview','Review',0,0,0,0,0,0,0,0,0,2,'2011-12-27 08:08:12'),(19366,'iFinancial','generalLedgerChartOfAccountSegmentType','isPost','Post',0,0,0,0,0,0,0,0,0,2,'2011-12-27 08:08:12'),(19367,'iFinancial','generalLedgerChartOfAccountSegmentType','executeBy','By',0,0,0,0,0,0,0,0,0,2,'2011-12-27 08:08:12'),(19368,'iFinancial','generalLedgerChartOfAccountSegmentType','executeTime','Time',0,0,0,0,0,0,0,0,0,2,'2011-12-27 08:08:12'),(19369,'iFinancial','generalLedgerChartOfAccountType','generalLedgerChartOfAccountTypeId','generalLedgerChartOfAccountType',0,0,0,0,0,0,0,0,0,2,'2011-12-27 08:08:12'),(19370,'iFinancial','generalLedgerChartOfAccountType','generalLedgerChartOfAccountCategoryId','generalLedgerChartOfAccountCategory',0,0,0,0,0,0,0,0,0,2,'2011-12-27 08:08:12'),(19371,'iFinancial','generalLedgerChartOfAccountType','generalLedgerChartOfAccountTypeSequence','Sequence',0,0,0,0,0,0,0,0,0,2,'2011-12-27 08:08:12'),(19372,'iFinancial','generalLedgerChartOfAccountType','generalLedgerChartOfAccountTypeCode','Code',0,0,0,0,0,0,0,0,0,2,'2011-12-27 08:08:12'),(19373,'iFinancial','generalLedgerChartOfAccountType','generalLedgerChartOfAccountTypeDesc','Desc',0,0,0,0,0,0,0,0,0,2,'2011-12-27 08:08:12'),(19374,'iFinancial','generalLedgerChartOfAccountType','isDefault','Default',0,0,0,0,0,0,0,0,0,2,'2011-12-27 08:08:12'),(19375,'iFinancial','generalLedgerChartOfAccountType','isNew','New',0,0,0,0,0,0,0,0,0,2,'2011-12-27 08:08:12'),(19376,'iFinancial','generalLedgerChartOfAccountType','isDraft','Draft',0,0,0,0,0,0,0,0,0,2,'2011-12-27 08:08:12'),(19377,'iFinancial','generalLedgerChartOfAccountType','isUpdate','Update',0,0,0,0,0,0,0,0,0,2,'2011-12-27 08:08:12'),(19378,'iFinancial','generalLedgerChartOfAccountType','isDelete','Delete',0,0,0,0,0,0,0,0,0,2,'2011-12-27 08:08:12'),(19379,'iFinancial','generalLedgerChartOfAccountType','isActive','Active',0,0,0,0,0,0,0,0,0,2,'2011-12-27 08:08:12'),(19380,'iFinancial','generalLedgerChartOfAccountType','isApproved','Approved',0,0,0,0,0,0,0,0,0,2,'2011-12-27 08:08:12'),(19381,'iFinancial','generalLedgerChartOfAccountType','isReview','Review',0,0,0,0,0,0,0,0,0,2,'2011-12-27 08:08:12'),(19382,'iFinancial','generalLedgerChartOfAccountType','isPost','Post',0,0,0,0,0,0,0,0,0,2,'2011-12-27 08:08:12'),(19383,'iFinancial','generalLedgerChartOfAccountType','executeBy','By',0,0,0,0,0,0,0,0,0,2,'2011-12-27 08:08:12'),(19384,'iFinancial','generalLedgerChartOfAccountType','executeTime','Time',0,0,0,0,0,0,0,0,0,2,'2011-12-27 08:08:12'),(19385,'iFinancial','generalLedgerForecast','generalLedgerForecastId','generalLedgerForecast',0,0,0,0,0,0,0,0,0,2,'2011-12-27 08:08:12'),(19386,'iFinancial','generalLedgerForecast','generalLedgerChartOfAccountId','generalLedgerChartOfAccount',0,0,0,0,0,0,0,0,0,2,'2011-12-27 08:08:12'),(19387,'iFinancial','generalLedgerForecast','generalLedgerForecastMonth','Month',0,0,0,0,0,0,0,0,0,2,'2011-12-27 08:08:12'),(19388,'iFinancial','generalLedgerForecast','generalLedgerForecastYear','Year',0,0,0,0,0,0,0,0,0,2,'2011-12-27 08:08:12'),(19389,'iFinancial','generalLedgerForecast','generalLedgerForecastAmount','Amount',0,0,0,0,0,0,0,0,0,2,'2011-12-27 08:08:12'),(19390,'iFinancial','generalLedgerForecast','generalLedgerForecastDesc','Desc',0,0,0,0,0,0,0,0,0,2,'2011-12-27 08:08:12'),(19391,'iFinancial','generalLedgerForecast','isDefault','Default',0,0,0,0,0,0,0,0,0,2,'2011-12-27 08:08:12'),(19392,'iFinancial','generalLedgerForecast','isNew','New',0,0,0,0,0,0,0,0,0,2,'2011-12-27 08:08:12'),(19393,'iFinancial','generalLedgerForecast','isDraft','Draft',0,0,0,0,0,0,0,0,0,2,'2011-12-27 08:08:12'),(19394,'iFinancial','generalLedgerForecast','isUpdate','Update',0,0,0,0,0,0,0,0,0,2,'2011-12-27 08:08:12'),(19395,'iFinancial','generalLedgerForecast','isDelete','Delete',0,0,0,0,0,0,0,0,0,2,'2011-12-27 08:08:12'),(19396,'iFinancial','generalLedgerForecast','isActive','Active',0,0,0,0,0,0,0,0,0,2,'2011-12-27 08:08:12'),(19397,'iFinancial','generalLedgerForecast','isApproved','Approved',0,0,0,0,0,0,0,0,0,2,'2011-12-27 08:08:12'),(19398,'iFinancial','generalLedgerForecast','isReview','Review',0,0,0,0,0,0,0,0,0,2,'2011-12-27 08:08:12'),(19399,'iFinancial','generalLedgerForecast','isPost','Post',0,0,0,0,0,0,0,0,0,2,'2011-12-27 08:08:12'),(19400,'iFinancial','generalLedgerForecast','executeBy','By',0,0,0,0,0,0,0,0,0,2,'2011-12-27 08:08:12'),(19401,'iFinancial','generalLedgerForecast','executeTime','Time',0,0,0,0,0,0,0,0,0,2,'2011-12-27 08:08:12'),(19402,'iFinancial','generalLedgerForecastType','generalLedgerForecastTypeId','generalLedgerForecastType',0,0,0,0,0,0,0,0,0,2,'2011-12-27 08:08:12'),(19403,'iFinancial','generalLedgerForecastType','generalLedgerForecastTypeSequence','Sequence',0,0,0,0,0,0,0,0,0,2,'2011-12-27 08:08:12'),(19404,'iFinancial','generalLedgerForecastType','generalLedgerForecastTypeCode','Code',0,0,0,0,0,0,0,0,0,2,'2011-12-27 08:08:12'),(19405,'iFinancial','generalLedgerForecastType','generalLedgerForecastTypeDesc','Desc',0,0,0,0,0,0,0,0,0,2,'2011-12-27 08:08:12'),(19406,'iFinancial','generalLedgerForecastType','isDefault','Default',0,0,0,0,0,0,0,0,0,2,'2011-12-27 08:08:12'),(19407,'iFinancial','generalLedgerForecastType','isNew','New',0,0,0,0,0,0,0,0,0,2,'2011-12-27 08:08:12'),(19408,'iFinancial','generalLedgerForecastType','isDraft','Draft',0,0,0,0,0,0,0,0,0,2,'2011-12-27 08:08:12'),(19409,'iFinancial','generalLedgerForecastType','isUpdate','Update',0,0,0,0,0,0,0,0,0,2,'2011-12-27 08:08:12'),(19410,'iFinancial','generalLedgerForecastType','isDelete','Delete',0,0,0,0,0,0,0,0,0,2,'2011-12-27 08:08:12'),(19411,'iFinancial','generalLedgerForecastType','isActive','Active',0,0,0,0,0,0,0,0,0,2,'2011-12-27 08:08:12'),(19412,'iFinancial','generalLedgerForecastType','isApproved','Approved',0,0,0,0,0,0,0,0,0,2,'2011-12-27 08:08:12'),(19413,'iFinancial','generalLedgerForecastType','isReview','Review',0,0,0,0,0,0,0,0,0,2,'2011-12-27 08:08:12'),(19414,'iFinancial','generalLedgerForecastType','isPost','Post',0,0,0,0,0,0,0,0,0,2,'2011-12-27 08:08:12'),(19415,'iFinancial','generalLedgerForecastType','executeBy','By',0,0,0,0,0,0,0,0,0,2,'2011-12-27 08:08:12'),(19416,'iFinancial','generalLedgerForecastType','executeTime','Time',0,0,0,0,0,0,0,0,0,2,'2011-12-27 08:08:12'),(19417,'iFinancial','generalLedgerJournal','generalLedgerJournalId','generalLedgerJournal',0,0,0,0,0,0,0,0,0,2,'2011-12-27 08:08:12'),(19418,'iFinancial','generalLedgerJournal','generalLedgerJournalTypeId','generalLedgerJournalType',0,0,0,0,0,0,0,0,0,2,'2011-12-27 08:08:12'),(19419,'iFinancial','generalLedgerJournal','documentNo','Document No',0,0,0,0,0,0,0,0,0,2,'2011-12-27 08:08:12'),(19420,'iFinancial','generalLedgerJournal','referenceNo','Reference No',0,0,0,0,0,0,0,0,0,2,'2011-12-27 08:08:12'),(19421,'iFinancial','generalLedgerJournal','generalLedgerJournalTitle','Title',0,0,0,0,0,0,0,0,0,2,'2011-12-27 08:08:12'),(19422,'iFinancial','generalLedgerJournal','generalLedgerJournalDesc','Desc',0,0,0,0,0,0,0,0,0,2,'2011-12-27 08:08:12'),(19423,'iFinancial','generalLedgerJournal','generalLedgerJournalDate','Date',0,0,0,0,0,0,0,0,0,2,'2011-12-27 08:08:12'),(19424,'iFinancial','generalLedgerJournal','generalLedgerJournalStartDate','Start Date',0,0,0,0,0,0,0,0,0,2,'2011-12-27 08:08:12'),(19425,'iFinancial','generalLedgerJournal','generalLedgerJournalEndDate','End Date',0,0,0,0,0,0,0,0,0,2,'2011-12-27 08:08:12'),(19426,'iFinancial','generalLedgerJournal','generalLedgerJournalAmount','Amount',0,0,0,0,0,0,0,0,0,2,'2011-12-27 08:08:12'),(19427,'iFinancial','generalLedgerJournal','isDefault','Default',0,0,0,0,0,0,0,0,0,2,'2011-12-27 08:08:12'),(19428,'iFinancial','generalLedgerJournal','isNew','New',0,0,0,0,0,0,0,0,0,2,'2011-12-27 08:08:12'),(19429,'iFinancial','generalLedgerJournal','isDraft','Draft',0,0,0,0,0,0,0,0,0,2,'2011-12-27 08:08:12'),(19430,'iFinancial','generalLedgerJournal','isUpdate','Update',0,0,0,0,0,0,0,0,0,2,'2011-12-27 08:08:12'),(19431,'iFinancial','generalLedgerJournal','isDelete','Delete',0,0,0,0,0,0,0,0,0,2,'2011-12-27 08:08:12'),(19432,'iFinancial','generalLedgerJournal','isActive','Active',0,0,0,0,0,0,0,0,0,2,'2011-12-27 08:08:12'),(19433,'iFinancial','generalLedgerJournal','isApproved','Approved',0,0,0,0,0,0,0,0,0,2,'2011-12-27 08:08:12'),(19434,'iFinancial','generalLedgerJournal','isReview','Review',0,0,0,0,0,0,0,0,0,2,'2011-12-27 08:08:12'),(19435,'iFinancial','generalLedgerJournal','isPost','Post',0,0,0,0,0,0,0,0,0,2,'2011-12-27 08:08:12'),(19436,'iFinancial','generalLedgerJournal','executeBy','By',0,0,0,0,0,0,0,0,0,2,'2011-12-27 08:08:12'),(19437,'iFinancial','generalLedgerJournal','executeTime','Time',0,0,0,0,0,0,0,0,0,2,'2011-12-27 08:08:12'),(19438,'iFinancial','generalLedgerJournalDetail','generalLedgerJournalDetailId','generalLedgerJournalDetail',0,0,0,0,0,0,0,0,0,2,'2011-12-27 08:08:12'),(19439,'iFinancial','generalLedgerJournalDetail','generalLedgerJournalId','generalLedgerJournal',0,0,0,0,0,0,0,0,0,2,'2011-12-27 08:08:12'),(19440,'iFinancial','generalLedgerJournalDetail','generalLedgerChartOfAccountId','generalLedgerChartOfAccount',0,0,0,0,0,0,0,0,0,2,'2011-12-27 08:08:12'),(19441,'iFinancial','generalLedgerJournalDetail','countryId','country',0,0,0,0,0,0,0,0,0,2,'2011-12-27 08:08:12'),(19442,'iFinancial','generalLedgerJournalDetail','transactionMode','Transaction Mode',0,0,0,0,0,0,0,0,0,2,'2011-12-27 08:08:12'),(19443,'iFinancial','generalLedgerJournalDetail','generalLedgerJournalDetailAmount','Amount',0,0,0,0,0,0,0,0,0,2,'2011-12-27 08:08:12'),(19444,'iFinancial','generalLedgerJournalDetail','isDefault','Default',0,0,0,0,0,0,0,0,0,2,'2011-12-27 08:08:12'),(19445,'iFinancial','generalLedgerJournalDetail','isNew','New',0,0,0,0,0,0,0,0,0,2,'2011-12-27 08:08:12'),(19446,'iFinancial','generalLedgerJournalDetail','isDraft','Draft',0,0,0,0,0,0,0,0,0,2,'2011-12-27 08:08:12'),(19447,'iFinancial','generalLedgerJournalDetail','isUpdate','Update',0,0,0,0,0,0,0,0,0,2,'2011-12-27 08:08:12'),(19448,'iFinancial','generalLedgerJournalDetail','isDelete','Delete',0,0,0,0,0,0,0,0,0,2,'2011-12-27 08:08:12'),(19449,'iFinancial','generalLedgerJournalDetail','isActive','Active',0,0,0,0,0,0,0,0,0,2,'2011-12-27 08:08:12'),(19450,'iFinancial','generalLedgerJournalDetail','isApproved','Approved',0,0,0,0,0,0,0,0,0,2,'2011-12-27 08:08:12'),(19451,'iFinancial','generalLedgerJournalDetail','isReview','Review',0,0,0,0,0,0,0,0,0,2,'2011-12-27 08:08:12'),(19452,'iFinancial','generalLedgerJournalDetail','isPost','Post',0,0,0,0,0,0,0,0,0,2,'2011-12-27 08:08:12'),(19453,'iFinancial','generalLedgerJournalDetail','executeBy','By',0,0,0,0,0,0,0,0,0,2,'2011-12-27 08:08:12'),(19454,'iFinancial','generalLedgerJournalDetail','executeTime','Time',0,0,0,0,0,0,0,0,0,2,'2011-12-27 08:08:12'),(19455,'iFinancial','generalLedgerJournalType','generalLedgerJournalTypeId','generalLedgerJournalType',0,0,0,0,0,0,0,0,0,2,'2011-12-27 08:08:12'),(19456,'iFinancial','generalLedgerJournalType','generalLedgerJournalTypeSequence','Sequence',0,0,0,0,0,0,0,0,0,2,'2011-12-27 08:08:12'),(19457,'iFinancial','generalLedgerJournalType','generalLedgerJournalTypeCode','Code',0,0,0,0,0,0,0,0,0,2,'2011-12-27 08:08:12'),(19458,'iFinancial','generalLedgerJournalType','generalLedgerJournalTypeDesc','Desc',0,0,0,0,0,0,0,0,0,2,'2011-12-27 08:08:12'),(19459,'iFinancial','generalLedgerJournalType','isDefault','Default',0,0,0,0,0,0,0,0,0,2,'2011-12-27 08:08:12'),(19460,'iFinancial','generalLedgerJournalType','isNew','New',0,0,0,0,0,0,0,0,0,2,'2011-12-27 08:08:12'),(19461,'iFinancial','generalLedgerJournalType','isDraft','Draft',0,0,0,0,0,0,0,0,0,2,'2011-12-27 08:08:12'),(19462,'iFinancial','generalLedgerJournalType','isUpdate','Update',0,0,0,0,0,0,0,0,0,2,'2011-12-27 08:08:12'),(19463,'iFinancial','generalLedgerJournalType','isDelete','Delete',0,0,0,0,0,0,0,0,0,2,'2011-12-27 08:08:12'),(19464,'iFinancial','generalLedgerJournalType','isActive','Active',0,0,0,0,0,0,0,0,0,2,'2011-12-27 08:08:12'),(19465,'iFinancial','generalLedgerJournalType','isApproved','Approved',0,0,0,0,0,0,0,0,0,2,'2011-12-27 08:08:12'),(19466,'iFinancial','generalLedgerJournalType','isReview','Review',0,0,0,0,0,0,0,0,0,2,'2011-12-27 08:08:12'),(19467,'iFinancial','generalLedgerJournalType','isPost','Post',0,0,0,0,0,0,0,0,0,2,'2011-12-27 08:08:12'),(19468,'iFinancial','generalLedgerJournalType','executeBy','By',0,0,0,0,0,0,0,0,0,2,'2011-12-27 08:08:12'),(19469,'iFinancial','generalLedgerJournalType','executeTime','Time',0,0,0,0,0,0,0,0,0,2,'2011-12-27 08:08:12'),(19470,'iFinancial','impair','impairId','impair',0,0,0,0,0,0,0,0,0,2,'2011-12-27 08:08:12'),(19471,'iFinancial','impair','impairSequence','Sequence',0,0,0,0,0,0,0,0,0,2,'2011-12-27 08:08:12'),(19472,'iFinancial','impair','impairCode','Code',0,0,0,0,0,0,0,0,0,2,'2011-12-27 08:08:12'),(19473,'iFinancial','impair','impairDesc','Desc',0,0,0,0,0,0,0,0,0,2,'2011-12-27 08:08:12'),(19474,'iFinancial','impair','isDefault','Default',0,0,0,0,0,0,0,0,0,2,'2011-12-27 08:08:12'),(19475,'iFinancial','impair','isNew','New',0,0,0,0,0,0,0,0,0,2,'2011-12-27 08:08:12'),(19476,'iFinancial','impair','isDraft','Draft',0,0,0,0,0,0,0,0,0,2,'2011-12-27 08:08:12'),(19477,'iFinancial','impair','isUpdate','Update',0,0,0,0,0,0,0,0,0,2,'2011-12-27 08:08:12'),(19478,'iFinancial','impair','isDelete','Delete',0,0,0,0,0,0,0,0,0,2,'2011-12-27 08:08:12'),(19479,'iFinancial','impair','isActive','Active',0,0,0,0,0,0,0,0,0,2,'2011-12-27 08:08:12'),(19480,'iFinancial','impair','isApproved','Approved',0,0,0,0,0,0,0,0,0,2,'2011-12-27 08:08:12'),(19481,'iFinancial','impair','isReview','Review',0,0,0,0,0,0,0,0,0,2,'2011-12-27 08:08:12'),(19482,'iFinancial','impair','isPost','Post',0,0,0,0,0,0,0,0,0,2,'2011-12-27 08:08:12'),(19483,'iFinancial','impair','executeBy','By',0,0,0,0,0,0,0,0,0,2,'2011-12-27 08:08:12'),(19484,'iFinancial','impair','executeTime','Time',0,0,0,0,0,0,0,0,0,2,'2011-12-27 08:08:12'),(19485,'iFinancial','invoiceAllocation','invoiceAllocationId','invoiceAllocation',0,0,0,0,0,0,0,0,0,2,'2011-12-27 08:08:12'),(19486,'iFinancial','invoiceAllocation','businessPartnerId','businessPartner',0,0,0,0,0,0,0,0,0,2,'2011-12-27 08:08:12'),(19487,'iFinancial','invoiceAllocation','invoiceLedgerId','invoiceLedger',0,0,0,0,0,0,0,0,0,2,'2011-12-27 08:08:12'),(19488,'iFinancial','invoiceAllocation','voucherLedgerId','voucherLedger',0,0,0,0,0,0,0,0,0,2,'2011-12-27 08:08:12'),(19489,'iFinancial','invoiceAllocation','invoiceAllocationAmount','Amount',0,0,0,0,0,0,0,0,0,2,'2011-12-27 08:08:12'),(19490,'iFinancial','invoiceAllocation','isDefault','Default',0,0,0,0,0,0,0,0,0,2,'2011-12-27 08:08:12'),(19491,'iFinancial','invoiceAllocation','isNew','New',0,0,0,0,0,0,0,0,0,2,'2011-12-27 08:08:12'),(19492,'iFinancial','invoiceAllocation','isDraft','Draft',0,0,0,0,0,0,0,0,0,2,'2011-12-27 08:08:12'),(19493,'iFinancial','invoiceAllocation','isUpdate','Update',0,0,0,0,0,0,0,0,0,2,'2011-12-27 08:08:12'),(19494,'iFinancial','invoiceAllocation','isDelete','Delete',0,0,0,0,0,0,0,0,0,2,'2011-12-27 08:08:12'),(19495,'iFinancial','invoiceAllocation','isActive','Active',0,0,0,0,0,0,0,0,0,2,'2011-12-27 08:08:12'),(19496,'iFinancial','invoiceAllocation','isApproved','Approved',0,0,0,0,0,0,0,0,0,2,'2011-12-27 08:08:12'),(19497,'iFinancial','invoiceAllocation','isReview','Review',0,0,0,0,0,0,0,0,0,2,'2011-12-27 08:08:12'),(19498,'iFinancial','invoiceAllocation','isPost','Post',0,0,0,0,0,0,0,0,0,2,'2011-12-27 08:08:12'),(19499,'iFinancial','invoiceAllocation','isConfirm','Is Confirm',0,0,0,0,0,0,0,0,0,2,'2011-12-27 08:08:12'),(19500,'iFinancial','invoiceAllocation','executeBy','By',0,0,0,0,0,0,0,0,0,2,'2011-12-27 08:08:12'),(19501,'iFinancial','invoiceAllocation','executeTime','Time',0,0,0,0,0,0,0,0,0,2,'2011-12-27 08:08:12'),(19502,'iFinancial','invoiceCategory','invoiceCategoryId','invoiceCategory',0,0,0,0,0,0,0,0,0,2,'2011-12-27 08:08:12'),(19503,'iFinancial','invoiceCategory','invoiceCategorySequence','Sequence',0,0,0,0,0,0,0,0,0,2,'2011-12-27 08:08:12'),(19504,'iFinancial','invoiceCategory','invoiceCategoryCode','Code',0,0,0,0,0,0,0,0,0,2,'2011-12-27 08:08:12'),(19505,'iFinancial','invoiceCategory','invoiceCategoryDesc','Desc',0,0,0,0,0,0,0,0,0,2,'2011-12-27 08:08:12'),(19506,'iFinancial','invoiceCategory','isDefault','Default',0,0,0,0,0,0,0,0,0,2,'2011-12-27 08:08:12'),(19507,'iFinancial','invoiceCategory','isNew','New',0,0,0,0,0,0,0,0,0,2,'2011-12-27 08:08:12'),(19508,'iFinancial','invoiceCategory','isDraft','Draft',0,0,0,0,0,0,0,0,0,2,'2011-12-27 08:08:12'),(19509,'iFinancial','invoiceCategory','isUpdate','Update',0,0,0,0,0,0,0,0,0,2,'2011-12-27 08:08:12'),(19510,'iFinancial','invoiceCategory','isDelete','Delete',0,0,0,0,0,0,0,0,0,2,'2011-12-27 08:08:12'),(19511,'iFinancial','invoiceCategory','isActive','Active',0,0,0,0,0,0,0,0,0,2,'2011-12-27 08:08:12'),(19512,'iFinancial','invoiceCategory','isApproved','Approved',0,0,0,0,0,0,0,0,0,2,'2011-12-27 08:08:12'),(19513,'iFinancial','invoiceCategory','isReview','Review',0,0,0,0,0,0,0,0,0,2,'2011-12-27 08:08:12'),(19514,'iFinancial','invoiceCategory','isPost','Post',0,0,0,0,0,0,0,0,0,2,'2011-12-27 08:08:12'),(19515,'iFinancial','invoiceCategory','executeBy','By',0,0,0,0,0,0,0,0,0,2,'2011-12-27 08:08:12'),(19516,'iFinancial','invoiceCategory','executeTime','Time',0,0,0,0,0,0,0,0,0,2,'2011-12-27 08:08:12'),(19517,'iFinancial','invoiceLedger','invoiceLedgerId','invoiceLedger',0,0,0,0,0,0,0,0,0,2,'2011-12-27 08:08:12'),(19518,'iFinancial','invoiceLedger','documentNo','Document No',0,0,0,0,0,0,0,0,0,2,'2011-12-27 08:08:12'),(19519,'iFinancial','invoiceLedger','referenceNo','Reference No',0,0,0,0,0,0,0,0,0,2,'2011-12-27 08:08:12'),(19520,'iFinancial','invoiceLedger','invoiceLedgerTitle','Title',0,0,0,0,0,0,0,0,0,2,'2011-12-27 08:08:12'),(19521,'iFinancial','invoiceLedger','invoiceLedgerDesc','Desc',0,0,0,0,0,0,0,0,0,2,'2011-12-27 08:08:12'),(19522,'iFinancial','invoiceLedger','invoiceLedgerDate','Date',0,0,0,0,0,0,0,0,0,2,'2011-12-27 08:08:12'),(19523,'iFinancial','invoiceLedger','invoiceLedgerStartDate','Start Date',0,0,0,0,0,0,0,0,0,2,'2011-12-27 08:08:12'),(19524,'iFinancial','invoiceLedger','invoiceLedgerEndDate','End Date',0,0,0,0,0,0,0,0,0,2,'2011-12-27 08:08:12'),(19525,'iFinancial','invoiceLedger','invoiceLedgerAmount','Amount',0,0,0,0,0,0,0,0,0,2,'2011-12-27 08:08:12'),(19526,'iFinancial','invoiceLedger','businessPartnerId','businessPartner',0,0,0,0,0,0,0,0,0,2,'2011-12-27 08:08:12'),(19527,'iFinancial','invoiceLedger','invoiceCategoryId','invoiceCategory',0,0,0,0,0,0,0,0,0,2,'2011-12-27 08:08:12'),(19528,'iFinancial','invoiceLedger','invoiceTypeId','invoiceType',0,0,0,0,0,0,0,0,0,2,'2011-12-27 08:08:12'),(19529,'iFinancial','invoiceLedger','isDefault','Default',0,0,0,0,0,0,0,0,0,2,'2011-12-27 08:08:12'),(19530,'iFinancial','invoiceLedger','isNew','New',0,0,0,0,0,0,0,0,0,2,'2011-12-27 08:08:12'),(19531,'iFinancial','invoiceLedger','isDraft','Draft',0,0,0,0,0,0,0,0,0,2,'2011-12-27 08:08:12'),(19532,'iFinancial','invoiceLedger','isUpdate','Update',0,0,0,0,0,0,0,0,0,2,'2011-12-27 08:08:12'),(19533,'iFinancial','invoiceLedger','isDelete','Delete',0,0,0,0,0,0,0,0,0,2,'2011-12-27 08:08:12'),(19534,'iFinancial','invoiceLedger','isActive','Active',0,0,0,0,0,0,0,0,0,2,'2011-12-27 08:08:12'),(19535,'iFinancial','invoiceLedger','isApproved','Approved',0,0,0,0,0,0,0,0,0,2,'2011-12-27 08:08:12'),(19536,'iFinancial','invoiceLedger','isReview','Review',0,0,0,0,0,0,0,0,0,2,'2011-12-27 08:08:12'),(19537,'iFinancial','invoiceLedger','isPost','Post',0,0,0,0,0,0,0,0,0,2,'2011-12-27 08:08:12'),(19538,'iFinancial','invoiceLedger','isReconciled','Reconciled',0,0,0,0,0,0,0,0,0,2,'2011-12-27 08:08:12'),(19539,'iFinancial','invoiceLedger','executeBy','By',0,0,0,0,0,0,0,0,0,2,'2011-12-27 08:08:12'),(19540,'iFinancial','invoiceLedger','executeTime','Time',0,0,0,0,0,0,0,0,0,2,'2011-12-27 08:08:12'),(19541,'iFinancial','invoiceLedgerDetail','invoiceLedgerDetailId','invoiceLedgerDetail',0,0,0,0,0,0,0,0,0,2,'2011-12-27 08:08:12'),(19542,'iFinancial','invoiceLedgerDetail','invoiceLedgerId','invoiceLedger',0,0,0,0,0,0,0,0,0,2,'2011-12-27 08:08:12'),(19543,'iFinancial','invoiceLedgerDetail','generalLedgerChartOfAccountId','generalLedgerChartOfAccount',0,0,0,0,0,0,0,0,0,2,'2011-12-27 08:08:12'),(19544,'iFinancial','invoiceLedgerDetail','countryId','country',0,0,0,0,0,0,0,0,0,2,'2011-12-27 08:08:12'),(19545,'iFinancial','invoiceLedgerDetail','transactionMode','Transaction Mode',0,0,0,0,0,0,0,0,0,2,'2011-12-27 08:08:12'),(19546,'iFinancial','invoiceLedgerDetail','invoiceLedgerDetailAmount','Amount',0,0,0,0,0,0,0,0,0,2,'2011-12-27 08:08:12'),(19547,'iFinancial','invoiceLedgerDetail','isDefault','Default',0,0,0,0,0,0,0,0,0,2,'2011-12-27 08:08:12'),(19548,'iFinancial','invoiceLedgerDetail','isNew','New',0,0,0,0,0,0,0,0,0,2,'2011-12-27 08:08:12'),(19549,'iFinancial','invoiceLedgerDetail','isDraft','Draft',0,0,0,0,0,0,0,0,0,2,'2011-12-27 08:08:12'),(19550,'iFinancial','invoiceLedgerDetail','isUpdate','Update',0,0,0,0,0,0,0,0,0,2,'2011-12-27 08:08:12'),(19551,'iFinancial','invoiceLedgerDetail','isDelete','Delete',0,0,0,0,0,0,0,0,0,2,'2011-12-27 08:08:12'),(19552,'iFinancial','invoiceLedgerDetail','isActive','Active',0,0,0,0,0,0,0,0,0,2,'2011-12-27 08:08:12'),(19553,'iFinancial','invoiceLedgerDetail','isApproved','Approved',0,0,0,0,0,0,0,0,0,2,'2011-12-27 08:08:12'),(19554,'iFinancial','invoiceLedgerDetail','isReview','Review',0,0,0,0,0,0,0,0,0,2,'2011-12-27 08:08:12'),(19555,'iFinancial','invoiceLedgerDetail','isPost','Post',0,0,0,0,0,0,0,0,0,2,'2011-12-27 08:08:12'),(19556,'iFinancial','invoiceLedgerDetail','executeBy','By',0,0,0,0,0,0,0,0,0,2,'2011-12-27 08:08:12'),(19557,'iFinancial','invoiceLedgerDetail','executeTime','Time',0,0,0,0,0,0,0,0,0,2,'2011-12-27 08:08:12'),(19558,'iFinancial','invoiceType','invoiceTypeId','invoiceType',0,0,0,0,0,0,0,0,0,2,'2011-12-27 08:08:12'),(19559,'iFinancial','invoiceType','invoiceCategoryId','invoiceCategory',0,0,0,0,0,0,0,0,0,2,'2011-12-27 08:08:12'),(19560,'iFinancial','invoiceType','invoiceTypeSequence','Sequence',0,0,0,0,0,0,0,0,0,2,'2011-12-27 08:08:12'),(19561,'iFinancial','invoiceType','invoiceTypeCode','Code',0,0,0,0,0,0,0,0,0,2,'2011-12-27 08:08:12'),(19562,'iFinancial','invoiceType','invoiceTypeDesc','Desc',0,0,0,0,0,0,0,0,0,2,'2011-12-27 08:08:12'),(19563,'iFinancial','invoiceType','invoiceTypeCreditLimit','Credit Limit',0,0,0,0,0,0,0,0,0,2,'2011-12-27 08:08:12'),(19564,'iFinancial','invoiceType','invoiceTypePeriodLimit','Period Limit',0,0,0,0,0,0,0,0,0,2,'2011-12-27 08:08:12'),(19565,'iFinancial','invoiceType','invoiceTypeInterestRate','Interest Rate',0,0,0,0,0,0,0,0,0,2,'2011-12-27 08:08:12'),(19566,'iFinancial','invoiceType','invoiceTypeMinimumDeposit','Minimum Deposit',0,0,0,0,0,0,0,0,0,2,'2011-12-27 08:08:12'),(19567,'iFinancial','invoiceType','lateInterestId','lateInterest',0,0,0,0,0,0,0,0,0,2,'2011-12-27 08:08:12'),(19568,'iFinancial','invoiceType','isDefault','Default',0,0,0,0,0,0,0,0,0,2,'2011-12-27 08:08:12'),(19569,'iFinancial','invoiceType','isNew','New',0,0,0,0,0,0,0,0,0,2,'2011-12-27 08:08:12'),(19570,'iFinancial','invoiceType','isDraft','Draft',0,0,0,0,0,0,0,0,0,2,'2011-12-27 08:08:12'),(19571,'iFinancial','invoiceType','isUpdate','Update',0,0,0,0,0,0,0,0,0,2,'2011-12-27 08:08:12'),(19572,'iFinancial','invoiceType','isDelete','Delete',0,0,0,0,0,0,0,0,0,2,'2011-12-27 08:08:12'),(19573,'iFinancial','invoiceType','isActive','Active',0,0,0,0,0,0,0,0,0,2,'2011-12-27 08:08:12'),(19574,'iFinancial','invoiceType','isApproved','Approved',0,0,0,0,0,0,0,0,0,2,'2011-12-27 08:08:12'),(19575,'iFinancial','invoiceType','isReview','Review',0,0,0,0,0,0,0,0,0,2,'2011-12-27 08:08:12'),(19576,'iFinancial','invoiceType','isPost','Post',0,0,0,0,0,0,0,0,0,2,'2011-12-27 08:08:12'),(19577,'iFinancial','invoiceType','executeBy','By',0,0,0,0,0,0,0,0,0,2,'2011-12-27 08:08:12'),(19578,'iFinancial','invoiceType','executeTime','Time',0,0,0,0,0,0,0,0,0,2,'2011-12-27 08:08:12'),(19579,'iFinancial','lateInterest','lateInterestId','lateInterest',0,0,0,0,0,0,0,0,0,2,'2011-12-27 08:08:12'),(19580,'iFinancial','lateInterest','lateInterestSequence','Sequence',0,0,0,0,0,0,0,0,0,2,'2011-12-27 08:08:12'),(19581,'iFinancial','lateInterest','lateInterestCode','Code',0,0,0,0,0,0,0,0,0,2,'2011-12-27 08:08:12'),(19582,'iFinancial','lateInterest','lateInterestDesc','Desc',0,0,0,0,0,0,0,0,0,2,'2011-12-27 08:08:12'),(19583,'iFinancial','lateInterest','lateInterestWarningDay','Warning Day',0,0,0,0,0,0,0,0,0,2,'2011-12-27 08:08:12'),(19584,'iFinancial','lateInterest','lateInterestGraceDay','Grace Day',0,0,0,0,0,0,0,0,0,2,'2011-12-27 08:08:12'),(19585,'iFinancial','lateInterest','lateInterestChargeTypeId','lateInterestChargeType',0,0,0,0,0,0,0,0,0,2,'2011-12-27 08:08:12'),(19586,'iFinancial','lateInterest','isDefault','Default',0,0,0,0,0,0,0,0,0,2,'2011-12-27 08:08:12'),(19587,'iFinancial','lateInterest','isNew','New',0,0,0,0,0,0,0,0,0,2,'2011-12-27 08:08:12'),(19588,'iFinancial','lateInterest','isDraft','Draft',0,0,0,0,0,0,0,0,0,2,'2011-12-27 08:08:12'),(19589,'iFinancial','lateInterest','isUpdate','Update',0,0,0,0,0,0,0,0,0,2,'2011-12-27 08:08:12'),(19590,'iFinancial','lateInterest','isDelete','Delete',0,0,0,0,0,0,0,0,0,2,'2011-12-27 08:08:12'),(19591,'iFinancial','lateInterest','isActive','Active',0,0,0,0,0,0,0,0,0,2,'2011-12-27 08:08:12'),(19592,'iFinancial','lateInterest','isApproved','Approved',0,0,0,0,0,0,0,0,0,2,'2011-12-27 08:08:12'),(19593,'iFinancial','lateInterest','isReview','Review',0,0,0,0,0,0,0,0,0,2,'2011-12-27 08:08:12'),(19594,'iFinancial','lateInterest','isPost','Post',0,0,0,0,0,0,0,0,0,2,'2011-12-27 08:08:12'),(19595,'iFinancial','lateInterest','executeBy','By',0,0,0,0,0,0,0,0,0,2,'2011-12-27 08:08:12'),(19596,'iFinancial','lateInterest','executeTime','Time',0,0,0,0,0,0,0,0,0,2,'2011-12-27 08:08:12'),(19597,'iFinancial','lateInterestDetail','lateInterestDetailId','lateInterestDetail',0,0,0,0,0,0,0,0,0,2,'2011-12-27 08:08:12'),(19598,'iFinancial','lateInterestDetail','lateInterestId','lateInterest',0,0,0,0,0,0,0,0,0,2,'2011-12-27 08:08:12'),(19599,'iFinancial','lateInterestDetail','lateInterestDetailPeriod','Period',0,0,0,0,0,0,0,0,0,2,'2011-12-27 08:08:12'),(19600,'iFinancial','lateInterestDetail','LateInterestDetailAmount','Late Interest Detail   Amount',0,0,0,0,0,0,0,0,0,2,'2011-12-27 08:08:12'),(19601,'iFinancial','lateInterestDetail','isDefault','Default',0,0,0,0,0,0,0,0,0,2,'2011-12-27 08:08:12'),(19602,'iFinancial','lateInterestDetail','isNew','New',0,0,0,0,0,0,0,0,0,2,'2011-12-27 08:08:12'),(19603,'iFinancial','lateInterestDetail','isDraft','Draft',0,0,0,0,0,0,0,0,0,2,'2011-12-27 08:08:12'),(19604,'iFinancial','lateInterestDetail','isUpdate','Update',0,0,0,0,0,0,0,0,0,2,'2011-12-27 08:08:12'),(19605,'iFinancial','lateInterestDetail','isDelete','Delete',0,0,0,0,0,0,0,0,0,2,'2011-12-27 08:08:12'),(19606,'iFinancial','lateInterestDetail','isActive','Active',0,0,0,0,0,0,0,0,0,2,'2011-12-27 08:08:12'),(19607,'iFinancial','lateInterestDetail','isApproved','Approved',0,0,0,0,0,0,0,0,0,2,'2011-12-27 08:08:12'),(19608,'iFinancial','lateInterestDetail','isReview','Review',0,0,0,0,0,0,0,0,0,2,'2011-12-27 08:08:12'),(19609,'iFinancial','lateInterestDetail','isPost','Post',0,0,0,0,0,0,0,0,0,2,'2011-12-27 08:08:12'),(19610,'iFinancial','lateInterestDetail','executeBy','By',0,0,0,0,0,0,0,0,0,2,'2011-12-27 08:08:12'),(19611,'iFinancial','lateInterestDetail','executeTime','Time',0,0,0,0,0,0,0,0,0,2,'2011-12-27 08:08:12'),(19612,'iFinancial','lateInterestType','lateInterestTypeId','lateInterestType',0,0,0,0,0,0,0,0,0,2,'2011-12-27 08:08:12'),(19613,'iFinancial','lateInterestType','lateInterestTypeSequence','Sequence',0,0,0,0,0,0,0,0,0,2,'2011-12-27 08:08:12'),(19614,'iFinancial','lateInterestType','lateInterestTypeCode','Code',0,0,0,0,0,0,0,0,0,2,'2011-12-27 08:08:12'),(19615,'iFinancial','lateInterestType','lateInterestTypeDesc','Desc',0,0,0,0,0,0,0,0,0,2,'2011-12-27 08:08:12'),(19616,'iFinancial','lateInterestType','isDefault','Default',0,0,0,0,0,0,0,0,0,2,'2011-12-27 08:08:12'),(19617,'iFinancial','lateInterestType','isNew','New',0,0,0,0,0,0,0,0,0,2,'2011-12-27 08:08:12'),(19618,'iFinancial','lateInterestType','isDraft','Draft',0,0,0,0,0,0,0,0,0,2,'2011-12-27 08:08:12'),(19619,'iFinancial','lateInterestType','isUpdate','Update',0,0,0,0,0,0,0,0,0,2,'2011-12-27 08:08:12'),(19620,'iFinancial','lateInterestType','isDelete','Delete',0,0,0,0,0,0,0,0,0,2,'2011-12-27 08:08:12'),(19621,'iFinancial','lateInterestType','isActive','Active',0,0,0,0,0,0,0,0,0,2,'2011-12-27 08:08:12'),(19622,'iFinancial','lateInterestType','isApproved','Approved',0,0,0,0,0,0,0,0,0,2,'2011-12-27 08:08:12'),(19623,'iFinancial','lateInterestType','isReview','Review',0,0,0,0,0,0,0,0,0,2,'2011-12-27 08:08:12'),(19624,'iFinancial','lateInterestType','isPost','Post',0,0,0,0,0,0,0,0,0,2,'2011-12-27 08:08:12'),(19625,'iFinancial','lateInterestType','executeBy','By',0,0,0,0,0,0,0,0,0,2,'2011-12-27 08:08:12'),(19626,'iFinancial','lateInterestType','executeTime','Time',0,0,0,0,0,0,0,0,0,2,'2011-12-27 08:08:12'),(19627,'iFinancial','marriage','marriageId','marriage',0,0,0,0,0,0,0,0,0,2,'2011-12-27 08:08:12'),(19628,'iFinancial','marriage','marriageSequence','Sequence',0,0,0,0,0,0,0,0,0,2,'2011-12-27 08:08:12'),(19629,'iFinancial','marriage','marriageCode','Code',0,0,0,0,0,0,0,0,0,2,'2011-12-27 08:08:12'),(19630,'iFinancial','marriage','marriageDesc','Desc',0,0,0,0,0,0,0,0,0,2,'2011-12-27 08:08:12'),(19631,'iFinancial','marriage','isDefault','Default',0,0,0,0,0,0,0,0,0,2,'2011-12-27 08:08:12'),(19632,'iFinancial','marriage','isNew','New',0,0,0,0,0,0,0,0,0,2,'2011-12-27 08:08:12'),(19633,'iFinancial','marriage','isDraft','Draft',0,0,0,0,0,0,0,0,0,2,'2011-12-27 08:08:12'),(19634,'iFinancial','marriage','isUpdate','Update',0,0,0,0,0,0,0,0,0,2,'2011-12-27 08:08:12'),(19635,'iFinancial','marriage','isDelete','Delete',0,0,0,0,0,0,0,0,0,2,'2011-12-27 08:08:12'),(19636,'iFinancial','marriage','isActive','Active',0,0,0,0,0,0,0,0,0,2,'2011-12-27 08:08:12'),(19637,'iFinancial','marriage','isApproved','Approved',0,0,0,0,0,0,0,0,0,2,'2011-12-27 08:08:12'),(19638,'iFinancial','marriage','isReview','Review',0,0,0,0,0,0,0,0,0,2,'2011-12-27 08:08:12'),(19639,'iFinancial','marriage','isPost','Post',0,0,0,0,0,0,0,0,0,2,'2011-12-27 08:08:12'),(19640,'iFinancial','marriage','executeBy','By',0,0,0,0,0,0,0,0,0,2,'2011-12-27 08:08:12'),(19641,'iFinancial','marriage','executeTime','Time',0,0,0,0,0,0,0,0,0,2,'2011-12-27 08:08:12'),(19642,'iFinancial','paymentLedger','paymentLedgerId','paymentLedger',0,0,0,0,0,0,0,0,0,2,'2011-12-27 08:08:12'),(19643,'iFinancial','paymentLedger','documentNo','Document No',0,0,0,0,0,0,0,0,0,2,'2011-12-27 08:08:12'),(19644,'iFinancial','paymentLedger','referenceNo','Reference No',0,0,0,0,0,0,0,0,0,2,'2011-12-27 08:08:12'),(19645,'iFinancial','paymentLedger','paymentLedgerTitle','Title',0,0,0,0,0,0,0,0,0,2,'2011-12-27 08:08:12'),(19646,'iFinancial','paymentLedger','paymentLedgerDesc','Desc',0,0,0,0,0,0,0,0,0,2,'2011-12-27 08:08:12'),(19647,'iFinancial','paymentLedger','paymentLedgerDate','Date',0,0,0,0,0,0,0,0,0,2,'2011-12-27 08:08:12'),(19648,'iFinancial','paymentLedger','paymentLedgerAmount','Amount',0,0,0,0,0,0,0,0,0,2,'2011-12-27 08:08:12'),(19649,'iFinancial','paymentLedger','businessPartnerId','businessPartner',0,0,0,0,0,0,0,0,0,2,'2011-12-27 08:08:12'),(19650,'iFinancial','paymentLedger','paymentTypeId','paymentType',0,0,0,0,0,0,0,0,0,2,'2011-12-27 08:08:12'),(19651,'iFinancial','paymentLedger','isDefault','Default',0,0,0,0,0,0,0,0,0,2,'2011-12-27 08:08:12'),(19652,'iFinancial','paymentLedger','isNew','New',0,0,0,0,0,0,0,0,0,2,'2011-12-27 08:08:12'),(19653,'iFinancial','paymentLedger','isDraft','Draft',0,0,0,0,0,0,0,0,0,2,'2011-12-27 08:08:12'),(19654,'iFinancial','paymentLedger','isUpdate','Update',0,0,0,0,0,0,0,0,0,2,'2011-12-27 08:08:12'),(19655,'iFinancial','paymentLedger','isDelete','Delete',0,0,0,0,0,0,0,0,0,2,'2011-12-27 08:08:12'),(19656,'iFinancial','paymentLedger','isActive','Active',0,0,0,0,0,0,0,0,0,2,'2011-12-27 08:08:12'),(19657,'iFinancial','paymentLedger','isApproved','Approved',0,0,0,0,0,0,0,0,0,2,'2011-12-27 08:08:12'),(19658,'iFinancial','paymentLedger','isReview','Review',0,0,0,0,0,0,0,0,0,2,'2011-12-27 08:08:12'),(19659,'iFinancial','paymentLedger','isPost','Post',0,0,0,0,0,0,0,0,0,2,'2011-12-27 08:08:12'),(19660,'iFinancial','paymentLedger','isReconciled','Reconciled',0,0,0,0,0,0,0,0,0,2,'2011-12-27 08:08:12'),(19661,'iFinancial','paymentLedger','executeBy','By',0,0,0,0,0,0,0,0,0,2,'2011-12-27 08:08:12'),(19662,'iFinancial','paymentLedger','executeTime','Time',0,0,0,0,0,0,0,0,0,2,'2011-12-27 08:08:12'),(19663,'iFinancial','paymentLedgerDetail','paymentLedgerDetailId','paymentLedgerDetail',0,0,0,0,0,0,0,0,0,2,'2011-12-27 08:08:12'),(19664,'iFinancial','paymentLedgerDetail','paymentLedgerId','paymentLedger',0,0,0,0,0,0,0,0,0,2,'2011-12-27 08:08:12'),(19665,'iFinancial','paymentLedgerDetail','generalLedgerChartOfAccountId','generalLedgerChartOfAccount',0,0,0,0,0,0,0,0,0,2,'2011-12-27 08:08:12'),(19666,'iFinancial','paymentLedgerDetail','countryId','country',0,0,0,0,0,0,0,0,0,2,'2011-12-27 08:08:12'),(19667,'iFinancial','paymentLedgerDetail','transactionMode','Transaction Mode',0,0,0,0,0,0,0,0,0,2,'2011-12-27 08:08:12'),(19668,'iFinancial','paymentLedgerDetail','paymentLedgerDetailAmount','Amount',0,0,0,0,0,0,0,0,0,2,'2011-12-27 08:08:12'),(19669,'iFinancial','paymentLedgerDetail','isDefault','Default',0,0,0,0,0,0,0,0,0,2,'2011-12-27 08:08:12'),(19670,'iFinancial','paymentLedgerDetail','isNew','New',0,0,0,0,0,0,0,0,0,2,'2011-12-27 08:08:12'),(19671,'iFinancial','paymentLedgerDetail','isDraft','Draft',0,0,0,0,0,0,0,0,0,2,'2011-12-27 08:08:12'),(19672,'iFinancial','paymentLedgerDetail','isUpdate','Update',0,0,0,0,0,0,0,0,0,2,'2011-12-27 08:08:12'),(19673,'iFinancial','paymentLedgerDetail','isDelete','Delete',0,0,0,0,0,0,0,0,0,2,'2011-12-27 08:08:12'),(19674,'iFinancial','paymentLedgerDetail','isActive','Active',0,0,0,0,0,0,0,0,0,2,'2011-12-27 08:08:12'),(19675,'iFinancial','paymentLedgerDetail','isApproved','Approved',0,0,0,0,0,0,0,0,0,2,'2011-12-27 08:08:12'),(19676,'iFinancial','paymentLedgerDetail','isReview','Review',0,0,0,0,0,0,0,0,0,2,'2011-12-27 08:08:12'),(19677,'iFinancial','paymentLedgerDetail','isPost','Post',0,0,0,0,0,0,0,0,0,2,'2011-12-27 08:08:12'),(19678,'iFinancial','paymentLedgerDetail','executeBy','By',0,0,0,0,0,0,0,0,0,2,'2011-12-27 08:08:12'),(19679,'iFinancial','paymentLedgerDetail','executeTime','Time',0,0,0,0,0,0,0,0,0,2,'2011-12-27 08:08:12'),(19680,'iFinancial','paymentType','paymentTypeId','paymentType',0,0,0,0,0,0,0,0,0,2,'2011-12-27 08:08:12'),(19681,'iFinancial','paymentType','paymentTypeSequence','Sequence',0,0,0,0,0,0,0,0,0,2,'2011-12-27 08:08:12'),(19682,'iFinancial','paymentType','paymentTypeCode','Code',0,0,0,0,0,0,0,0,0,2,'2011-12-27 08:08:12'),(19683,'iFinancial','paymentType','paymentTypeDesc','Desc',0,0,0,0,0,0,0,0,0,2,'2011-12-27 08:08:12'),(19684,'iFinancial','paymentType','isDefault','Default',0,0,0,0,0,0,0,0,0,2,'2011-12-27 08:08:12'),(19685,'iFinancial','paymentType','isNew','New',0,0,0,0,0,0,0,0,0,2,'2011-12-27 08:08:12'),(19686,'iFinancial','paymentType','isDraft','Draft',0,0,0,0,0,0,0,0,0,2,'2011-12-27 08:08:12'),(19687,'iFinancial','paymentType','isUpdate','Update',0,0,0,0,0,0,0,0,0,2,'2011-12-27 08:08:12'),(19688,'iFinancial','paymentType','isDelete','Delete',0,0,0,0,0,0,0,0,0,2,'2011-12-27 08:08:12'),(19689,'iFinancial','paymentType','isActive','Active',0,0,0,0,0,0,0,0,0,2,'2011-12-27 08:08:12'),(19690,'iFinancial','paymentType','isApproved','Approved',0,0,0,0,0,0,0,0,0,2,'2011-12-27 08:08:12'),(19691,'iFinancial','paymentType','isReview','Review',0,0,0,0,0,0,0,0,0,2,'2011-12-27 08:08:12'),(19692,'iFinancial','paymentType','isPost','Post',0,0,0,0,0,0,0,0,0,2,'2011-12-27 08:08:12'),(19693,'iFinancial','paymentType','executeBy','By',0,0,0,0,0,0,0,0,0,2,'2011-12-27 08:08:12'),(19694,'iFinancial','paymentType','executeTime','Time',0,0,0,0,0,0,0,0,0,2,'2011-12-27 08:08:12'),(19695,'iFinancial','race','raceId','race',0,0,0,0,0,0,0,0,0,2,'2011-12-27 08:08:12'),(19696,'iFinancial','race','raceSequence','Sequence',0,0,0,0,0,0,0,0,0,2,'2011-12-27 08:08:12'),(19697,'iFinancial','race','raceCode','Code',0,0,0,0,0,0,0,0,0,2,'2011-12-27 08:08:12'),(19698,'iFinancial','race','raceDesc','Desc',0,0,0,0,0,0,0,0,0,2,'2011-12-27 08:08:12'),(19699,'iFinancial','race','isDefault','Default',0,0,0,0,0,0,0,0,0,2,'2011-12-27 08:08:12'),(19700,'iFinancial','race','isNew','New',0,0,0,0,0,0,0,0,0,2,'2011-12-27 08:08:12'),(19701,'iFinancial','race','isDraft','Draft',0,0,0,0,0,0,0,0,0,2,'2011-12-27 08:08:12'),(19702,'iFinancial','race','isUpdate','Update',0,0,0,0,0,0,0,0,0,2,'2011-12-27 08:08:12'),(19703,'iFinancial','race','isDelete','Delete',0,0,0,0,0,0,0,0,0,2,'2011-12-27 08:08:12'),(19704,'iFinancial','race','isActive','Active',0,0,0,0,0,0,0,0,0,2,'2011-12-27 08:08:12'),(19705,'iFinancial','race','isApproved','Approved',0,0,0,0,0,0,0,0,0,2,'2011-12-27 08:08:12'),(19706,'iFinancial','race','isReview','Review',0,0,0,0,0,0,0,0,0,2,'2011-12-27 08:08:12'),(19707,'iFinancial','race','isPost','Post',0,0,0,0,0,0,0,0,0,2,'2011-12-27 08:08:12'),(19708,'iFinancial','race','executeBy','By',0,0,0,0,0,0,0,0,0,2,'2011-12-27 08:08:12'),(19709,'iFinancial','race','executeTime','Time',0,0,0,0,0,0,0,0,0,2,'2011-12-27 08:08:12'),(19710,'iFinancial','refundLedger','refundLedgerId','refundLedger',0,0,0,0,0,0,0,0,0,2,'2011-12-27 08:08:12'),(19711,'iFinancial','refundLedger','refundTypeId','refundType',0,0,0,0,0,0,0,0,0,2,'2011-12-27 08:08:12'),(19712,'iFinancial','refundLedger','documentNo','Document No',0,0,0,0,0,0,0,0,0,2,'2011-12-27 08:08:12'),(19713,'iFinancial','refundLedger','referenceNo','Reference No',0,0,0,0,0,0,0,0,0,2,'2011-12-27 08:08:12'),(19714,'iFinancial','refundLedger','refundLedgerTitle','Title',0,0,0,0,0,0,0,0,0,2,'2011-12-27 08:08:12'),(19715,'iFinancial','refundLedger','refundLedgerDesc','Desc',0,0,0,0,0,0,0,0,0,2,'2011-12-27 08:08:12'),(19716,'iFinancial','refundLedger','refundLedgerDate','Date',0,0,0,0,0,0,0,0,0,2,'2011-12-27 08:08:12'),(19717,'iFinancial','refundLedger','refundLedgerAmount','Amount',0,0,0,0,0,0,0,0,0,2,'2011-12-27 08:08:12'),(19718,'iFinancial','refundLedger','businessPartnerId','businessPartner',0,0,0,0,0,0,0,0,0,2,'2011-12-27 08:08:12'),(19719,'iFinancial','refundLedger','invoiceCategoryId','invoiceCategory',0,0,0,0,0,0,0,0,0,2,'2011-12-27 08:08:12'),(19720,'iFinancial','refundLedger','invoiceTypeId','invoiceType',0,0,0,0,0,0,0,0,0,2,'2011-12-27 08:08:12'),(19721,'iFinancial','refundLedger','invoiceLedgerId','invoiceLedger',0,0,0,0,0,0,0,0,0,2,'2011-12-27 08:08:12'),(19722,'iFinancial','refundLedger','isDefault','Default',0,0,0,0,0,0,0,0,0,2,'2011-12-27 08:08:12'),(19723,'iFinancial','refundLedger','isNew','New',0,0,0,0,0,0,0,0,0,2,'2011-12-27 08:08:12'),(19724,'iFinancial','refundLedger','isDraft','Draft',0,0,0,0,0,0,0,0,0,2,'2011-12-27 08:08:12'),(19725,'iFinancial','refundLedger','isUpdate','Update',0,0,0,0,0,0,0,0,0,2,'2011-12-27 08:08:12'),(19726,'iFinancial','refundLedger','isDelete','Delete',0,0,0,0,0,0,0,0,0,2,'2011-12-27 08:08:12'),(19727,'iFinancial','refundLedger','isActive','Active',0,0,0,0,0,0,0,0,0,2,'2011-12-27 08:08:12'),(19728,'iFinancial','refundLedger','isApproved','Approved',0,0,0,0,0,0,0,0,0,2,'2011-12-27 08:08:12'),(19729,'iFinancial','refundLedger','isReview','Review',0,0,0,0,0,0,0,0,0,2,'2011-12-27 08:08:12'),(19730,'iFinancial','refundLedger','isPost','Post',0,0,0,0,0,0,0,0,0,2,'2011-12-27 08:08:12'),(19731,'iFinancial','refundLedger','isReconciled','Reconciled',0,0,0,0,0,0,0,0,0,2,'2011-12-27 08:08:12'),(19732,'iFinancial','refundLedger','executeBy','By',0,0,0,0,0,0,0,0,0,2,'2011-12-27 08:08:12'),(19733,'iFinancial','refundLedger','executeTime','Time',0,0,0,0,0,0,0,0,0,2,'2011-12-27 08:08:12'),(19734,'iFinancial','refundLedgerDetail','refundLedgerDetailId','refundLedgerDetail',0,0,0,0,0,0,0,0,0,2,'2011-12-27 08:08:12'),(19735,'iFinancial','refundLedgerDetail','refundLedgerId','refundLedger',0,0,0,0,0,0,0,0,0,2,'2011-12-27 08:08:12'),(19736,'iFinancial','refundLedgerDetail','generalLedgerChartOfAccountId','generalLedgerChartOfAccount',0,0,0,0,0,0,0,0,0,2,'2011-12-27 08:08:12'),(19737,'iFinancial','refundLedgerDetail','countryId','country',0,0,0,0,0,0,0,0,0,2,'2011-12-27 08:08:12'),(19738,'iFinancial','refundLedgerDetail','transactionMode','Transaction Mode',0,0,0,0,0,0,0,0,0,2,'2011-12-27 08:08:12'),(19739,'iFinancial','refundLedgerDetail','refundLedgerDetailAmount','Amount',0,0,0,0,0,0,0,0,0,2,'2011-12-27 08:08:12'),(19740,'iFinancial','refundLedgerDetail','isDefault','Default',0,0,0,0,0,0,0,0,0,2,'2011-12-27 08:08:12'),(19741,'iFinancial','refundLedgerDetail','isNew','New',0,0,0,0,0,0,0,0,0,2,'2011-12-27 08:08:12'),(19742,'iFinancial','refundLedgerDetail','isDraft','Draft',0,0,0,0,0,0,0,0,0,2,'2011-12-27 08:08:12'),(19743,'iFinancial','refundLedgerDetail','isUpdate','Update',0,0,0,0,0,0,0,0,0,2,'2011-12-27 08:08:12'),(19744,'iFinancial','refundLedgerDetail','isDelete','Delete',0,0,0,0,0,0,0,0,0,2,'2011-12-27 08:08:12'),(19745,'iFinancial','refundLedgerDetail','isActive','Active',0,0,0,0,0,0,0,0,0,2,'2011-12-27 08:08:12'),(19746,'iFinancial','refundLedgerDetail','isApproved','Approved',0,0,0,0,0,0,0,0,0,2,'2011-12-27 08:08:12'),(19747,'iFinancial','refundLedgerDetail','isReview','Review',0,0,0,0,0,0,0,0,0,2,'2011-12-27 08:08:12'),(19748,'iFinancial','refundLedgerDetail','isPost','Post',0,0,0,0,0,0,0,0,0,2,'2011-12-27 08:08:12'),(19749,'iFinancial','refundLedgerDetail','executeBy','By',0,0,0,0,0,0,0,0,0,2,'2011-12-27 08:08:12'),(19750,'iFinancial','refundLedgerDetail','executeTime','Time',0,0,0,0,0,0,0,0,0,2,'2011-12-27 08:08:12'),(19751,'iFinancial','refundType','taxTypeId','taxType',0,0,0,0,0,0,0,0,0,2,'2011-12-27 08:08:12'),(19752,'iFinancial','refundType','taxTypeSequence','Tax Sequence',0,0,0,0,0,0,0,0,0,2,'2011-12-27 08:08:12'),(19753,'iFinancial','refundType','taxTypeCode','Tax Code',0,0,0,0,0,0,0,0,0,2,'2011-12-27 08:08:12'),(19754,'iFinancial','refundType','taxTypeDesc','Tax Desc',0,0,0,0,0,0,0,0,0,2,'2011-12-27 08:08:12'),(19755,'iFinancial','refundType','isDefault','Default',0,0,0,0,0,0,0,0,0,2,'2011-12-27 08:08:12'),(19756,'iFinancial','refundType','isNew','New',0,0,0,0,0,0,0,0,0,2,'2011-12-27 08:08:12'),(19757,'iFinancial','refundType','isDraft','Draft',0,0,0,0,0,0,0,0,0,2,'2011-12-27 08:08:12'),(19758,'iFinancial','refundType','isUpdate','Update',0,0,0,0,0,0,0,0,0,2,'2011-12-27 08:08:12'),(19759,'iFinancial','refundType','isDelete','Delete',0,0,0,0,0,0,0,0,0,2,'2011-12-27 08:08:12'),(19760,'iFinancial','refundType','isActive','Active',0,0,0,0,0,0,0,0,0,2,'2011-12-27 08:08:12'),(19761,'iFinancial','refundType','isApproved','Approved',0,0,0,0,0,0,0,0,0,2,'2011-12-27 08:08:12'),(19762,'iFinancial','refundType','isReview','Review',0,0,0,0,0,0,0,0,0,2,'2011-12-27 08:08:12'),(19763,'iFinancial','refundType','isPost','Post',0,0,0,0,0,0,0,0,0,2,'2011-12-27 08:08:12'),(19764,'iFinancial','refundType','executeBy','By',0,0,0,0,0,0,0,0,0,2,'2011-12-27 08:08:12'),(19765,'iFinancial','refundType','executeTime','Time',0,0,0,0,0,0,0,0,0,2,'2011-12-27 08:08:12'),(19766,'iFinancial','religion','religionId','religion',0,0,0,0,0,0,0,0,0,2,'2011-12-27 08:08:12'),(19767,'iFinancial','religion','religionSequence','Sequence',0,0,0,0,0,0,0,0,0,2,'2011-12-27 08:08:12'),(19768,'iFinancial','religion','religionCode','Code',0,0,0,0,0,0,0,0,0,2,'2011-12-27 08:08:12'),(19769,'iFinancial','religion','religionDesc','Desc',0,0,0,0,0,0,0,0,0,2,'2011-12-27 08:08:12'),(19770,'iFinancial','religion','isDefault','Default',0,0,0,0,0,0,0,0,0,2,'2011-12-27 08:08:12'),(19771,'iFinancial','religion','isNew','New',0,0,0,0,0,0,0,0,0,2,'2011-12-27 08:08:12'),(19772,'iFinancial','religion','isDraft','Draft',0,0,0,0,0,0,0,0,0,2,'2011-12-27 08:08:12'),(19773,'iFinancial','religion','isUpdate','Update',0,0,0,0,0,0,0,0,0,2,'2011-12-27 08:08:12'),(19774,'iFinancial','religion','isDelete','Delete',0,0,0,0,0,0,0,0,0,2,'2011-12-27 08:08:12'),(19775,'iFinancial','religion','isActive','Active',0,0,0,0,0,0,0,0,0,2,'2011-12-27 08:08:12'),(19776,'iFinancial','religion','isApproved','Approved',0,0,0,0,0,0,0,0,0,2,'2011-12-27 08:08:12'),(19777,'iFinancial','religion','isReview','Review',0,0,0,0,0,0,0,0,0,2,'2011-12-27 08:08:12'),(19778,'iFinancial','religion','isPost','Post',0,0,0,0,0,0,0,0,0,2,'2011-12-27 08:08:12'),(19779,'iFinancial','religion','executeBy','By',0,0,0,0,0,0,0,0,0,2,'2011-12-27 08:08:12'),(19780,'iFinancial','religion','executeTime','Time',0,0,0,0,0,0,0,0,0,2,'2011-12-27 08:08:12'),(19781,'iFinancial','salesLedger','salesLedgerId','salesLedger',0,0,0,0,0,0,0,0,0,2,'2011-12-27 08:08:13'),(19782,'iFinancial','salesLedger','documentNo','Document No',0,0,0,0,0,0,0,0,0,2,'2011-12-27 08:08:13'),(19783,'iFinancial','salesLedger','referenceNo','Reference No',0,0,0,0,0,0,0,0,0,2,'2011-12-27 08:08:13'),(19784,'iFinancial','salesLedger','salesLedgerTitle','Title',0,0,0,0,0,0,0,0,0,2,'2011-12-27 08:08:13'),(19785,'iFinancial','salesLedger','salesLedgerDesc','Desc',0,0,0,0,0,0,0,0,0,2,'2011-12-27 08:08:13'),(19786,'iFinancial','salesLedger','salesLedgerDate','Date',0,0,0,0,0,0,0,0,0,2,'2011-12-27 08:08:13'),(19787,'iFinancial','salesLedger','salesLedgerAmount','Amount',0,0,0,0,0,0,0,0,0,2,'2011-12-27 08:08:13'),(19788,'iFinancial','salesLedger','businessPartnerId','businessPartner',0,0,0,0,0,0,0,0,0,2,'2011-12-27 08:08:13'),(19789,'iFinancial','salesLedger','salesTypeId','salesType',0,0,0,0,0,0,0,0,0,2,'2011-12-27 08:08:13'),(19790,'iFinancial','salesLedger','invoiceId','invoice',0,0,0,0,0,0,0,0,0,2,'2011-12-27 08:08:13'),(19791,'iFinancial','salesLedger','isDefault','Default',0,0,0,0,0,0,0,0,0,2,'2011-12-27 08:08:13'),(19792,'iFinancial','salesLedger','isNew','New',0,0,0,0,0,0,0,0,0,2,'2011-12-27 08:08:13'),(19793,'iFinancial','salesLedger','isDraft','Draft',0,0,0,0,0,0,0,0,0,2,'2011-12-27 08:08:13'),(19794,'iFinancial','salesLedger','isUpdate','Update',0,0,0,0,0,0,0,0,0,2,'2011-12-27 08:08:13'),(19795,'iFinancial','salesLedger','isDelete','Delete',0,0,0,0,0,0,0,0,0,2,'2011-12-27 08:08:13'),(19796,'iFinancial','salesLedger','isActive','Active',0,0,0,0,0,0,0,0,0,2,'2011-12-27 08:08:13'),(19797,'iFinancial','salesLedger','isApproved','Approved',0,0,0,0,0,0,0,0,0,2,'2011-12-27 08:08:13'),(19798,'iFinancial','salesLedger','isReview','Review',0,0,0,0,0,0,0,0,0,2,'2011-12-27 08:08:13'),(19799,'iFinancial','salesLedger','isPost','Post',0,0,0,0,0,0,0,0,0,2,'2011-12-27 08:08:13'),(19800,'iFinancial','salesLedger','isReconciled','Reconciled',0,0,0,0,0,0,0,0,0,2,'2011-12-27 08:08:13'),(19801,'iFinancial','salesLedger','executeBy','By',0,0,0,0,0,0,0,0,0,2,'2011-12-27 08:08:13'),(19802,'iFinancial','salesLedger','executeTime','Time',0,0,0,0,0,0,0,0,0,2,'2011-12-27 08:08:13'),(19803,'iFinancial','salesLedgerDetail','salesLedgerDetailId','salesLedgerDetail',0,0,0,0,0,0,0,0,0,2,'2011-12-27 08:08:13'),(19804,'iFinancial','salesLedgerDetail','salesLedgerId','salesLedger',0,0,0,0,0,0,0,0,0,2,'2011-12-27 08:08:13'),(19805,'iFinancial','salesLedgerDetail','generalLedgerChartOfAccountId','generalLedgerChartOfAccount',0,0,0,0,0,0,0,0,0,2,'2011-12-27 08:08:13'),(19806,'iFinancial','salesLedgerDetail','countryId','country',0,0,0,0,0,0,0,0,0,2,'2011-12-27 08:08:13'),(19807,'iFinancial','salesLedgerDetail','transactionMode','Transaction Mode',0,0,0,0,0,0,0,0,0,2,'2011-12-27 08:08:13'),(19808,'iFinancial','salesLedgerDetail','productId','product',0,0,0,0,0,0,0,0,0,2,'2011-12-27 08:08:13'),(19809,'iFinancial','salesLedgerDetail','salesLedgerQuantity','Sales Quantity',0,0,0,0,0,0,0,0,0,2,'2011-12-27 08:08:13'),(19810,'iFinancial','salesLedgerDetail','salesLedgerDetailAmount','Amount',0,0,0,0,0,0,0,0,0,2,'2011-12-27 08:08:13'),(19811,'iFinancial','salesLedgerDetail','isDefault','Default',0,0,0,0,0,0,0,0,0,2,'2011-12-27 08:08:13'),(19812,'iFinancial','salesLedgerDetail','isNew','New',0,0,0,0,0,0,0,0,0,2,'2011-12-27 08:08:13'),(19813,'iFinancial','salesLedgerDetail','isDraft','Draft',0,0,0,0,0,0,0,0,0,2,'2011-12-27 08:08:13'),(19814,'iFinancial','salesLedgerDetail','isUpdate','Update',0,0,0,0,0,0,0,0,0,2,'2011-12-27 08:08:13'),(19815,'iFinancial','salesLedgerDetail','isDelete','Delete',0,0,0,0,0,0,0,0,0,2,'2011-12-27 08:08:13'),(19816,'iFinancial','salesLedgerDetail','isActive','Active',0,0,0,0,0,0,0,0,0,2,'2011-12-27 08:08:13'),(19817,'iFinancial','salesLedgerDetail','isApproved','Approved',0,0,0,0,0,0,0,0,0,2,'2011-12-27 08:08:13'),(19818,'iFinancial','salesLedgerDetail','isReview','Review',0,0,0,0,0,0,0,0,0,2,'2011-12-27 08:08:13'),(19819,'iFinancial','salesLedgerDetail','isPost','Post',0,0,0,0,0,0,0,0,0,2,'2011-12-27 08:08:13'),(19820,'iFinancial','salesLedgerDetail','executeBy','By',0,0,0,0,0,0,0,0,0,2,'2011-12-27 08:08:13'),(19821,'iFinancial','salesLedgerDetail','executeTime','Time',0,0,0,0,0,0,0,0,0,2,'2011-12-27 08:08:13'),(19822,'iFinancial','salesType','salesTypeId','salesType',0,0,0,0,0,0,0,0,0,2,'2011-12-27 08:08:13'),(19823,'iFinancial','salesType','salesTypeSequence','Sequence',0,0,0,0,0,0,0,0,0,2,'2011-12-27 08:08:13'),(19824,'iFinancial','salesType','salesTypeCode','Code',0,0,0,0,0,0,0,0,0,2,'2011-12-27 08:08:13'),(19825,'iFinancial','salesType','salesTypeDesc','Desc',0,0,0,0,0,0,0,0,0,2,'2011-12-27 08:08:13'),(19826,'iFinancial','salesType','isDefault','Default',0,0,0,0,0,0,0,0,0,2,'2011-12-27 08:08:13'),(19827,'iFinancial','salesType','isNew','New',0,0,0,0,0,0,0,0,0,2,'2011-12-27 08:08:13'),(19828,'iFinancial','salesType','isDraft','Draft',0,0,0,0,0,0,0,0,0,2,'2011-12-27 08:08:13'),(19829,'iFinancial','salesType','isUpdate','Update',0,0,0,0,0,0,0,0,0,2,'2011-12-27 08:08:13'),(19830,'iFinancial','salesType','isDelete','Delete',0,0,0,0,0,0,0,0,0,2,'2011-12-27 08:08:13'),(19831,'iFinancial','salesType','isActive','Active',0,0,0,0,0,0,0,0,0,2,'2011-12-27 08:08:13'),(19832,'iFinancial','salesType','isApproved','Approved',0,0,0,0,0,0,0,0,0,2,'2011-12-27 08:08:13'),(19833,'iFinancial','salesType','isReview','Review',0,0,0,0,0,0,0,0,0,2,'2011-12-27 08:08:13'),(19834,'iFinancial','salesType','isPost','Post',0,0,0,0,0,0,0,0,0,2,'2011-12-27 08:08:13'),(19835,'iFinancial','salesType','executeBy','By',0,0,0,0,0,0,0,0,0,2,'2011-12-27 08:08:13'),(19836,'iFinancial','salesType','executeTime','Time',0,0,0,0,0,0,0,0,0,2,'2011-12-27 08:08:13'),(19837,'iFinancial','salutation','salutationId','salutation',0,0,0,0,0,0,0,0,0,2,'2011-12-27 08:08:13'),(19838,'iFinancial','salutation','salutationSequence','Sequence',0,0,0,0,0,0,0,0,0,2,'2011-12-27 08:08:13'),(19839,'iFinancial','salutation','salutationCode','Code',0,0,0,0,0,0,0,0,0,2,'2011-12-27 08:08:13'),(19840,'iFinancial','salutation','salutationDesc','Desc',0,0,0,0,0,0,0,0,0,2,'2011-12-27 08:08:13'),(19841,'iFinancial','salutation','isDefault','Default',0,0,0,0,0,0,0,0,0,2,'2011-12-27 08:08:13'),(19842,'iFinancial','salutation','isNew','New',0,0,0,0,0,0,0,0,0,2,'2011-12-27 08:08:13'),(19843,'iFinancial','salutation','isDraft','Draft',0,0,0,0,0,0,0,0,0,2,'2011-12-27 08:08:13'),(19844,'iFinancial','salutation','isUpdate','Update',0,0,0,0,0,0,0,0,0,2,'2011-12-27 08:08:13'),(19845,'iFinancial','salutation','isDelete','Delete',0,0,0,0,0,0,0,0,0,2,'2011-12-27 08:08:13'),(19846,'iFinancial','salutation','isActive','Active',0,0,0,0,0,0,0,0,0,2,'2011-12-27 08:08:13'),(19847,'iFinancial','salutation','isApproved','Approved',0,0,0,0,0,0,0,0,0,2,'2011-12-27 08:08:13'),(19848,'iFinancial','salutation','isReview','Review',0,0,0,0,0,0,0,0,0,2,'2011-12-27 08:08:13'),(19849,'iFinancial','salutation','isPost','Post',0,0,0,0,0,0,0,0,0,2,'2011-12-27 08:08:13'),(19850,'iFinancial','salutation','executeBy','By',0,0,0,0,0,0,0,0,0,2,'2011-12-27 08:08:13'),(19851,'iFinancial','salutation','executeTime','Time',0,0,0,0,0,0,0,0,0,2,'2011-12-27 08:08:13'),(19852,'iFinancial','state','stateId','state',0,0,0,0,0,0,0,0,0,2,'2011-12-27 08:08:13'),(19853,'iFinancial','state','countryId','country',0,0,0,0,0,0,0,0,0,2,'2011-12-27 08:08:13'),(19854,'iFinancial','state','stateSequence','Sequence',0,0,0,0,0,0,0,0,0,2,'2011-12-27 08:08:13'),(19855,'iFinancial','state','stateCode','Code',0,0,0,0,0,0,0,0,0,2,'2011-12-27 08:08:13'),(19856,'iFinancial','state','stateDesc','Desc',0,0,0,0,0,0,0,0,0,2,'2011-12-27 08:08:13'),(19857,'iFinancial','state','isDefault','Default',0,0,0,0,0,0,0,0,0,2,'2011-12-27 08:08:13'),(19858,'iFinancial','state','isNew','New',0,0,0,0,0,0,0,0,0,2,'2011-12-27 08:08:13'),(19859,'iFinancial','state','isDraft','Draft',0,0,0,0,0,0,0,0,0,2,'2011-12-27 08:08:13'),(19860,'iFinancial','state','isUpdate','Update',0,0,0,0,0,0,0,0,0,2,'2011-12-27 08:08:13'),(19861,'iFinancial','state','isDelete','Delete',0,0,0,0,0,0,0,0,0,2,'2011-12-27 08:08:13'),(19862,'iFinancial','state','isActive','Active',0,0,0,0,0,0,0,0,0,2,'2011-12-27 08:08:13'),(19863,'iFinancial','state','isApproved','Approved',0,0,0,0,0,0,0,0,0,2,'2011-12-27 08:08:13'),(19864,'iFinancial','state','isReview','Review',0,0,0,0,0,0,0,0,0,2,'2011-12-27 08:08:13'),(19865,'iFinancial','state','isPost','Post',0,0,0,0,0,0,0,0,0,2,'2011-12-27 08:08:13'),(19866,'iFinancial','state','executeBy','By',0,0,0,0,0,0,0,0,0,2,'2011-12-27 08:08:13'),(19867,'iFinancial','state','executeTime','Time',0,0,0,0,0,0,0,0,0,2,'2011-12-27 08:08:13'),(19868,'iFinancial','taxType','taxTypeId','taxType',0,0,0,0,0,0,0,0,0,2,'2011-12-27 08:08:13'),(19869,'iFinancial','taxType','taxTypeSequence','Sequence',0,0,0,0,0,0,0,0,0,2,'2011-12-27 08:08:13'),(19870,'iFinancial','taxType','taxTypeCode','Code',0,0,0,0,0,0,0,0,0,2,'2011-12-27 08:08:13'),(19871,'iFinancial','taxType','taxTypeDesc','Desc',0,0,0,0,0,0,0,0,0,2,'2011-12-27 08:08:13'),(19872,'iFinancial','taxType','isDefault','Default',0,0,0,0,0,0,0,0,0,2,'2011-12-27 08:08:13'),(19873,'iFinancial','taxType','isNew','New',0,0,0,0,0,0,0,0,0,2,'2011-12-27 08:08:13'),(19874,'iFinancial','taxType','isDraft','Draft',0,0,0,0,0,0,0,0,0,2,'2011-12-27 08:08:13'),(19875,'iFinancial','taxType','isUpdate','Update',0,0,0,0,0,0,0,0,0,2,'2011-12-27 08:08:13'),(19876,'iFinancial','taxType','isDelete','Delete',0,0,0,0,0,0,0,0,0,2,'2011-12-27 08:08:13'),(19877,'iFinancial','taxType','isActive','Active',0,0,0,0,0,0,0,0,0,2,'2011-12-27 08:08:13'),(19878,'iFinancial','taxType','isApproved','Approved',0,0,0,0,0,0,0,0,0,2,'2011-12-27 08:08:13'),(19879,'iFinancial','taxType','isReview','Review',0,0,0,0,0,0,0,0,0,2,'2011-12-27 08:08:13'),(19880,'iFinancial','taxType','isPost','Post',0,0,0,0,0,0,0,0,0,2,'2011-12-27 08:08:13'),(19881,'iFinancial','taxType','executeBy','By',0,0,0,0,0,0,0,0,0,2,'2011-12-27 08:08:13'),(19882,'iFinancial','taxType','executeTime','Time',0,0,0,0,0,0,0,0,0,2,'2011-12-27 08:08:13'),(19883,'iFinancial','transactionLedger','transactionLedgerId','transactionLedger',0,0,0,0,0,0,0,0,0,2,'2011-12-27 08:08:13'),(19884,'iFinancial','transactionLedger','documentNo','Document No',0,0,0,0,0,0,0,0,0,2,'2011-12-27 08:08:13'),(19885,'iFinancial','transactionLedger','referenceNo','Reference No',0,0,0,0,0,0,0,0,0,2,'2011-12-27 08:08:13'),(19886,'iFinancial','transactionLedger','transactionLedgerTitle','Title',0,0,0,0,0,0,0,0,0,2,'2011-12-27 08:08:13'),(19887,'iFinancial','transactionLedger','transactionLedgerDesc','Desc',0,0,0,0,0,0,0,0,0,2,'2011-12-27 08:08:13'),(19888,'iFinancial','transactionLedger','transactionLedgerAmount','Amount',0,0,0,0,0,0,0,0,0,2,'2011-12-27 08:08:13'),(19889,'iFinancial','transactionLedger','transactionLedgerDate','Date',0,0,0,0,0,0,0,0,0,2,'2011-12-27 08:08:13'),(19890,'iFinancial','transactionLedger','businessPartnerId','businessPartner',0,0,0,0,0,0,0,0,0,2,'2011-12-27 08:08:13'),(19891,'iFinancial','transactionLedger','reconciled','Reconciled',0,0,0,0,0,0,0,0,0,2,'2011-12-27 08:08:13'),(19892,'iFinancial','transactionLedger','isDefault','Default',0,0,0,0,0,0,0,0,0,2,'2011-12-27 08:08:13'),(19893,'iFinancial','transactionLedger','isNew','New',0,0,0,0,0,0,0,0,0,2,'2011-12-27 08:08:13'),(19894,'iFinancial','transactionLedger','isDraft','Draft',0,0,0,0,0,0,0,0,0,2,'2011-12-27 08:08:13'),(19895,'iFinancial','transactionLedger','isUpdate','Update',0,0,0,0,0,0,0,0,0,2,'2011-12-27 08:08:13'),(19896,'iFinancial','transactionLedger','isDelete','Delete',0,0,0,0,0,0,0,0,0,2,'2011-12-27 08:08:13'),(19897,'iFinancial','transactionLedger','isActive','Active',0,0,0,0,0,0,0,0,0,2,'2011-12-27 08:08:13'),(19898,'iFinancial','transactionLedger','isApproved','Approved',0,0,0,0,0,0,0,0,0,2,'2011-12-27 08:08:13'),(19899,'iFinancial','transactionLedger','isReview','Review',0,0,0,0,0,0,0,0,0,2,'2011-12-27 08:08:13'),(19900,'iFinancial','transactionLedger','isPost','Post',0,0,0,0,0,0,0,0,0,2,'2011-12-27 08:08:13'),(19901,'iFinancial','transactionLedger','executeBy','By',0,0,0,0,0,0,0,0,0,2,'2011-12-27 08:08:13'),(19902,'iFinancial','transactionLedger','executeTime','Time',0,0,0,0,0,0,0,0,0,2,'2011-12-27 08:08:13'),(19903,'iFinancial','transactionLedgerDetail','transactionDetailLedgerId','transactionDetailLedger',0,0,0,0,0,0,0,0,0,2,'2011-12-27 08:08:13'),(19904,'iFinancial','transactionLedgerDetail','transactionLedgerId','transactionLedger',0,0,0,0,0,0,0,0,0,2,'2011-12-27 08:08:13'),(19905,'iFinancial','transactionLedgerDetail','generalLedgerChartOfAccountNo','General Ledger Chart Of Account   No',0,0,0,0,0,0,0,0,0,2,'2011-12-27 08:08:13'),(19906,'iFinancial','transactionLedgerDetail','countryId','country',0,0,0,0,0,0,0,0,0,2,'2011-12-27 08:08:13'),(19907,'iFinancial','transactionLedgerDetail','transactionMode','Transaction Mode',0,0,0,0,0,0,0,0,0,2,'2011-12-27 08:08:13'),(19908,'iFinancial','transactionLedgerDetail','transactionDetailAmount','Transaction Amount',0,0,0,0,0,0,0,0,0,2,'2011-12-27 08:08:13'),(19909,'iFinancial','transactionLedgerDetail','isDefault','Default',0,0,0,0,0,0,0,0,0,2,'2011-12-27 08:08:13'),(19910,'iFinancial','transactionLedgerDetail','isNew','New',0,0,0,0,0,0,0,0,0,2,'2011-12-27 08:08:13'),(19911,'iFinancial','transactionLedgerDetail','isDraft','Draft',0,0,0,0,0,0,0,0,0,2,'2011-12-27 08:08:13'),(19912,'iFinancial','transactionLedgerDetail','isUpdate','Update',0,0,0,0,0,0,0,0,0,2,'2011-12-27 08:08:13'),(19913,'iFinancial','transactionLedgerDetail','isDelete','Delete',0,0,0,0,0,0,0,0,0,2,'2011-12-27 08:08:13'),(19914,'iFinancial','transactionLedgerDetail','isActive','Active',0,0,0,0,0,0,0,0,0,2,'2011-12-27 08:08:13'),(19915,'iFinancial','transactionLedgerDetail','isApproved','Approved',0,0,0,0,0,0,0,0,0,2,'2011-12-27 08:08:13'),(19916,'iFinancial','transactionLedgerDetail','isReview','Review',0,0,0,0,0,0,0,0,0,2,'2011-12-27 08:08:13'),(19917,'iFinancial','transactionLedgerDetail','isPost','Post',0,0,0,0,0,0,0,0,0,2,'2011-12-27 08:08:13'),(19918,'iFinancial','transactionLedgerDetail','executeBy','By',0,0,0,0,0,0,0,0,0,2,'2011-12-27 08:08:13'),(19919,'iFinancial','transactionLedgerDetail','executeTime','Time',0,0,0,0,0,0,0,0,0,2,'2011-12-27 08:08:13'),(19920,'iFinancial','voucherLedger','voucherLedgerId','voucherLedger',0,0,0,0,0,0,0,0,0,2,'2011-12-27 08:08:13'),(19921,'iFinancial','voucherLedger','documentNo','Document No',0,0,0,0,0,0,0,0,0,2,'2011-12-27 08:08:13'),(19922,'iFinancial','voucherLedger','referenceNo','Reference No',0,0,0,0,0,0,0,0,0,2,'2011-12-27 08:08:13'),(19923,'iFinancial','voucherLedger','voucherLedgerTitle','Title',0,0,0,0,0,0,0,0,0,2,'2011-12-27 08:08:13'),(19924,'iFinancial','voucherLedger','voucherLedgerDesc','Desc',0,0,0,0,0,0,0,0,0,2,'2011-12-27 08:08:13'),(19925,'iFinancial','voucherLedger','voucherLedgerDate','Date',0,0,0,0,0,0,0,0,0,2,'2011-12-27 08:08:13'),(19926,'iFinancial','voucherLedger','voucherLedgerAmount','Amount',0,0,0,0,0,0,0,0,0,2,'2011-12-27 08:08:13'),(19927,'iFinancial','voucherLedger','businessPartnerId','businessPartner',0,0,0,0,0,0,0,0,0,2,'2011-12-27 08:08:13'),(19928,'iFinancial','voucherLedger','voucherTypeId','voucherType',0,0,0,0,0,0,0,0,0,2,'2011-12-27 08:08:13'),(19929,'iFinancial','voucherLedger','fastInvoice','Fast Invoice',0,0,0,0,0,0,0,0,0,2,'2011-12-27 08:08:13'),(19930,'iFinancial','voucherLedger','isDefault','Default',0,0,0,0,0,0,0,0,0,2,'2011-12-27 08:08:13'),(19931,'iFinancial','voucherLedger','isNew','New',0,0,0,0,0,0,0,0,0,2,'2011-12-27 08:08:13'),(19932,'iFinancial','voucherLedger','isDraft','Draft',0,0,0,0,0,0,0,0,0,2,'2011-12-27 08:08:13'),(19933,'iFinancial','voucherLedger','isUpdate','Update',0,0,0,0,0,0,0,0,0,2,'2011-12-27 08:08:13'),(19934,'iFinancial','voucherLedger','isDelete','Delete',0,0,0,0,0,0,0,0,0,2,'2011-12-27 08:08:13'),(19935,'iFinancial','voucherLedger','isActive','Active',0,0,0,0,0,0,0,0,0,2,'2011-12-27 08:08:13'),(19936,'iFinancial','voucherLedger','isApproved','Approved',0,0,0,0,0,0,0,0,0,2,'2011-12-27 08:08:13'),(19937,'iFinancial','voucherLedger','isReview','Review',0,0,0,0,0,0,0,0,0,2,'2011-12-27 08:08:13'),(19938,'iFinancial','voucherLedger','isPost','Post',0,0,0,0,0,0,0,0,0,2,'2011-12-27 08:08:13'),(19939,'iFinancial','voucherLedger','isReconciled','Reconciled',0,0,0,0,0,0,0,0,0,2,'2011-12-27 08:08:13'),(19940,'iFinancial','voucherLedger','executeBy','By',0,0,0,0,0,0,0,0,0,2,'2011-12-27 08:08:13'),(19941,'iFinancial','voucherLedger','executeTime','Time',0,0,0,0,0,0,0,0,0,2,'2011-12-27 08:08:13'),(19942,'iFinancial','voucherLedgerDetail','voucherLedgerDetailId','voucherLedgerDetail',0,0,0,0,0,0,0,0,0,2,'2011-12-27 08:08:13'),(19943,'iFinancial','voucherLedgerDetail','voucherLedgerId','voucherLedger',0,0,0,0,0,0,0,0,0,2,'2011-12-27 08:08:13'),(19944,'iFinancial','voucherLedgerDetail','generalLedgerChartOfAccountId','generalLedgerChartOfAccount',0,0,0,0,0,0,0,0,0,2,'2011-12-27 08:08:13'),(19945,'iFinancial','voucherLedgerDetail','countryId','country',0,0,0,0,0,0,0,0,0,2,'2011-12-27 08:08:13'),(19946,'iFinancial','voucherLedgerDetail','transactionMode','Transaction Mode',0,0,0,0,0,0,0,0,0,2,'2011-12-27 08:08:13'),(19947,'iFinancial','voucherLedgerDetail','voucherLedgerDetailAmount','Amount',0,0,0,0,0,0,0,0,0,2,'2011-12-27 08:08:13'),(19948,'iFinancial','voucherLedgerDetail','isDefault','Default',0,0,0,0,0,0,0,0,0,2,'2011-12-27 08:08:13'),(19949,'iFinancial','voucherLedgerDetail','isNew','New',0,0,0,0,0,0,0,0,0,2,'2011-12-27 08:08:13'),(19950,'iFinancial','voucherLedgerDetail','isDraft','Draft',0,0,0,0,0,0,0,0,0,2,'2011-12-27 08:08:13'),(19951,'iFinancial','voucherLedgerDetail','isUpdate','Update',0,0,0,0,0,0,0,0,0,2,'2011-12-27 08:08:13'),(19952,'iFinancial','voucherLedgerDetail','isDelete','Delete',0,0,0,0,0,0,0,0,0,2,'2011-12-27 08:08:13'),(19953,'iFinancial','voucherLedgerDetail','isActive','Active',0,0,0,0,0,0,0,0,0,2,'2011-12-27 08:08:13'),(19954,'iFinancial','voucherLedgerDetail','isApproved','Approved',0,0,0,0,0,0,0,0,0,2,'2011-12-27 08:08:13'),(19955,'iFinancial','voucherLedgerDetail','isReview','Review',0,0,0,0,0,0,0,0,0,2,'2011-12-27 08:08:13'),(19956,'iFinancial','voucherLedgerDetail','isPost','Post',0,0,0,0,0,0,0,0,0,2,'2011-12-27 08:08:13'),(19957,'iFinancial','voucherLedgerDetail','executeBy','By',0,0,0,0,0,0,0,0,0,2,'2011-12-27 08:08:13'),(19958,'iFinancial','voucherLedgerDetail','executeTime','Time',0,0,0,0,0,0,0,0,0,2,'2011-12-27 08:08:13'),(19959,'iFinancial','voucherType','voucherTypeId','voucherType',0,0,0,0,0,0,0,0,0,2,'2011-12-27 08:08:13'),(19960,'iFinancial','voucherType','voucherTypeSequence','Sequence',0,0,0,0,0,0,0,0,0,2,'2011-12-27 08:08:13'),(19961,'iFinancial','voucherType','voucherTypeCode','Code',0,0,0,0,0,0,0,0,0,2,'2011-12-27 08:08:13'),(19962,'iFinancial','voucherType','voucherTypeDesc','Desc',0,0,0,0,0,0,0,0,0,2,'2011-12-27 08:08:13'),(19963,'iFinancial','voucherType','isDefault','Default',0,0,0,0,0,0,0,0,0,2,'2011-12-27 08:08:13'),(19964,'iFinancial','voucherType','isNew','New',0,0,0,0,0,0,0,0,0,2,'2011-12-27 08:08:13'),(19965,'iFinancial','voucherType','isDraft','Draft',0,0,0,0,0,0,0,0,0,2,'2011-12-27 08:08:13'),(19966,'iFinancial','voucherType','isUpdate','Update',0,0,0,0,0,0,0,0,0,2,'2011-12-27 08:08:13'),(19967,'iFinancial','voucherType','isDelete','Delete',0,0,0,0,0,0,0,0,0,2,'2011-12-27 08:08:13'),(19968,'iFinancial','voucherType','isActive','Active',0,0,0,0,0,0,0,0,0,2,'2011-12-27 08:08:13'),(19969,'iFinancial','voucherType','isApproved','Approved',0,0,0,0,0,0,0,0,0,2,'2011-12-27 08:08:13'),(19970,'iFinancial','voucherType','isReview','Review',0,0,0,0,0,0,0,0,0,2,'2011-12-27 08:08:13'),(19971,'iFinancial','voucherType','isPost','Post',0,0,0,0,0,0,0,0,0,2,'2011-12-27 08:08:13'),(19972,'iFinancial','voucherType','executeBy','By',0,0,0,0,0,0,0,0,0,2,'2011-12-27 08:08:13'),(19973,'iFinancial','voucherType','executeTime','Time',0,0,0,0,0,0,0,0,0,2,'2011-12-27 08:08:13'),(20080,'iCore','application','applicationId','application',0,0,0,0,0,0,0,0,0,2,'2011-12-28 10:03:17'),(20081,'iCore','application','iconId','icon',0,0,0,0,0,0,0,0,0,2,'2011-12-28 10:03:17'),(20082,'iCore','application','applicationSequence','Sequence',0,0,0,0,0,0,0,0,0,2,'2011-12-28 10:03:17'),(20083,'iCore','application','applicationCode','Code',0,0,0,0,0,0,0,0,0,2,'2011-12-28 10:03:17'),(20084,'iCore','application','applicationEnglish','English',0,0,0,0,0,0,0,0,0,2,'2011-12-28 10:03:17'),(20085,'iCore','application','applicationFilename','Filename',0,0,0,0,0,0,0,0,0,2,'2011-12-28 10:03:17'),(20086,'iCore','application','applicationDashboardFilename','Dashboard Filename',0,0,0,0,0,0,0,0,0,2,'2011-12-28 10:03:17'),(20087,'iCore','application','isDefault','Default',0,0,0,0,0,0,0,0,0,2,'2011-12-28 10:03:17'),(20088,'iCore','application','isNew','New',0,0,0,0,0,0,0,0,0,2,'2011-12-28 10:03:17'),(20089,'iCore','application','isDraft','Draft',0,0,0,0,0,0,0,0,0,2,'2011-12-28 10:03:17'),(20090,'iCore','application','isUpdate','Update',0,0,0,0,0,0,0,0,0,2,'2011-12-28 10:03:17'),(20091,'iCore','application','isDelete','Delete',0,0,0,0,0,0,0,0,0,2,'2011-12-28 10:03:17'),(20092,'iCore','application','isActive','Active',0,0,0,0,0,0,0,0,0,2,'2011-12-28 10:03:17'),(20093,'iCore','application','isApproved','Approved',0,0,0,0,0,0,0,0,0,2,'2011-12-28 10:03:17'),(20094,'iCore','application','isReview','Review',0,0,0,0,0,0,0,0,0,2,'2011-12-28 10:03:17'),(20095,'iCore','application','isPost','Post',0,0,0,0,0,0,0,0,0,2,'2011-12-28 10:03:17'),(20096,'iCore','application','executeBy','By',0,0,0,0,0,0,0,0,0,2,'2011-12-28 10:03:17'),(20097,'iCore','application','executeTime','Time',0,0,0,0,0,0,0,0,0,2,'2011-12-28 10:03:17'),(20098,'iCore','applicationaccess','applicationAccessId','applicationAccess',0,0,0,0,0,0,0,0,0,2,'2011-12-28 10:03:17'),(20099,'iCore','applicationaccess','applicationId','application',0,0,0,0,0,0,0,0,0,2,'2011-12-28 10:03:17'),(20100,'iCore','applicationaccess','teamId','team',0,0,0,0,0,0,0,0,0,2,'2011-12-28 10:03:17'),(20101,'iCore','applicationaccess','applicationAccessValue','Application Value',0,0,0,0,0,0,0,0,0,2,'2011-12-28 10:03:17'),(20102,'iCore','applicationtranslate','applicationTranslateId','applicationTranslate',0,0,0,0,0,0,0,0,0,2,'2011-12-28 10:03:17'),(20103,'iCore','applicationtranslate','applicationId','application',0,0,0,0,0,0,0,0,0,2,'2011-12-28 10:03:17'),(20104,'iCore','applicationtranslate','languageId','language',0,0,0,0,0,0,0,0,0,2,'2011-12-28 10:03:17'),(20105,'iCore','applicationtranslate','applicationNative','Application Native',0,0,0,0,0,0,0,0,0,2,'2011-12-28 10:03:17'),(20106,'iCore','applicationtranslate','isDefault','Default',0,0,0,0,0,0,0,0,0,2,'2011-12-28 10:03:17'),(20107,'iCore','applicationtranslate','isNew','New',0,0,0,0,0,0,0,0,0,2,'2011-12-28 10:03:17'),(20108,'iCore','applicationtranslate','isDraft','Draft',0,0,0,0,0,0,0,0,0,2,'2011-12-28 10:03:17'),(20109,'iCore','applicationtranslate','isUpdate','Update',0,0,0,0,0,0,0,0,0,2,'2011-12-28 10:03:17'),(20110,'iCore','applicationtranslate','isDelete','Delete',0,0,0,0,0,0,0,0,0,2,'2011-12-28 10:03:17'),(20111,'iCore','applicationtranslate','isActive','Active',0,0,0,0,0,0,0,0,0,2,'2011-12-28 10:03:17'),(20112,'iCore','applicationtranslate','isApproved','Approved',0,0,0,0,0,0,0,0,0,2,'2011-12-28 10:03:17'),(20113,'iCore','applicationtranslate','isReview','Review',0,0,0,0,0,0,0,0,0,2,'2011-12-28 10:03:17'),(20114,'iCore','applicationtranslate','ispost','Ispost',0,0,0,0,0,0,0,0,0,2,'2011-12-28 10:03:17'),(20115,'iCore','applicationtranslate','executeBy','By',0,0,0,0,0,0,0,0,0,2,'2011-12-28 10:03:17'),(20116,'iCore','applicationtranslate','executeTime','Time',0,0,0,0,0,0,0,0,0,2,'2011-12-28 10:03:17'),(20117,'iCore','defaultlabel','defaultLabelId','defaultLabel',0,0,0,0,0,0,0,0,0,2,'2011-12-28 10:03:17'),(20118,'iCore','defaultlabel','defaultLabel','Default Label',0,0,0,0,0,0,0,0,0,2,'2011-12-28 10:03:17'),(20119,'iCore','defaultlabel','defaultLabelEnglish','Default English',0,0,0,0,0,0,0,0,0,2,'2011-12-28 10:03:17'),(20120,'iCore','defaultlabel','isDefault','Default',0,0,0,0,0,0,0,0,0,2,'2011-12-28 10:03:17'),(20121,'iCore','defaultlabel','isNew','New',0,0,0,0,0,0,0,0,0,2,'2011-12-28 10:03:17'),(20122,'iCore','defaultlabel','isDraft','Draft',0,0,0,0,0,0,0,0,0,2,'2011-12-28 10:03:17'),(20123,'iCore','defaultlabel','isUpdate','Update',0,0,0,0,0,0,0,0,0,2,'2011-12-28 10:03:17'),(20124,'iCore','defaultlabel','isDelete','Delete',0,0,0,0,0,0,0,0,0,2,'2011-12-28 10:03:17'),(20125,'iCore','defaultlabel','isActive','Active',0,0,0,0,0,0,0,0,0,2,'2011-12-28 10:03:17'),(20126,'iCore','defaultlabel','isApproved','Approved',0,0,0,0,0,0,0,0,0,2,'2011-12-28 10:03:17'),(20127,'iCore','defaultlabel','isReview','Review',0,0,0,0,0,0,0,0,0,2,'2011-12-28 10:03:17'),(20128,'iCore','defaultlabel','isPost','Post',0,0,0,0,0,0,0,0,0,2,'2011-12-28 10:03:17'),(20129,'iCore','defaultlabel','executeBy','By',0,0,0,0,0,0,0,0,0,2,'2011-12-28 10:03:17'),(20130,'iCore','defaultlabel','executeTime','Time',0,0,0,0,0,0,0,0,0,2,'2011-12-28 10:03:17'),(20131,'iCore','defaultlabeltranslate','languageId','language',0,0,0,0,0,0,0,0,0,2,'2011-12-28 10:03:17'),(20132,'iCore','defaultlabeltranslate','defaultLabelTranslateId','defaultLabelTranslate',0,0,0,0,0,0,0,0,0,2,'2011-12-28 10:03:17'),(20133,'iCore','defaultlabeltranslate','defaultLabelNative','Default Native',0,0,0,0,0,0,0,0,0,2,'2011-12-28 10:03:17'),(20134,'iCore','defaultlabeltranslate','defaultLabelId','defaultLabel',0,0,0,0,0,0,0,0,0,2,'2011-12-28 10:03:17'),(20135,'iCore','document','documentId','document',0,0,0,0,0,0,0,0,0,2,'2011-12-28 10:03:17'),(20136,'iCore','document','documentCategoryId','documentCategory',0,0,0,0,0,0,0,0,0,2,'2011-12-28 10:03:17'),(20137,'iCore','document','leafId','leaf',0,0,0,0,0,0,0,0,0,2,'2011-12-28 10:03:17'),(20138,'iCore','document','documentCode','Code',0,0,0,0,0,0,0,0,0,2,'2011-12-28 10:03:17'),(20139,'iCore','document','DocumentSequence','Document Sequence',0,0,0,0,0,0,0,0,0,2,'2011-12-28 10:03:17'),(20140,'iCore','document','documentNote','Note',0,0,0,0,0,0,0,0,0,2,'2011-12-28 10:03:17'),(20141,'iCore','document','documentTitle','Title',0,0,0,0,0,0,0,0,0,2,'2011-12-28 10:03:17'),(20142,'iCore','document','documentDesc','Desc',0,0,0,0,0,0,0,0,0,2,'2011-12-28 10:03:17'),(20143,'iCore','document','documentPath','Path',0,0,0,0,0,0,0,0,0,2,'2011-12-28 10:03:17'),(20144,'iCore','document','documentOriginalFilename','Original Filename',0,0,0,0,0,0,0,0,0,2,'2011-12-28 10:03:17'),(20145,'iCore','document','documentDownloadFilename','Download Filename',0,0,0,0,0,0,0,0,0,2,'2011-12-28 10:03:17'),(20146,'iCore','document','documentExtension','Extension',0,0,0,0,0,0,0,0,0,2,'2011-12-28 10:03:17'),(20147,'iCore','document','documentVersion','Version',0,0,0,0,0,0,0,0,0,2,'2011-12-28 10:03:17'),(20148,'iCore','document','isDefault','Default',0,0,0,0,0,0,0,0,0,2,'2011-12-28 10:03:17'),(20149,'iCore','document','isNew','New',0,0,0,0,0,0,0,0,0,2,'2011-12-28 10:03:17'),(20150,'iCore','document','isDraft','Draft',0,0,0,0,0,0,0,0,0,2,'2011-12-28 10:03:17'),(20151,'iCore','document','isUpdate','Update',0,0,0,0,0,0,0,0,0,2,'2011-12-28 10:03:17'),(20152,'iCore','document','isDelete','Delete',0,0,0,0,0,0,0,0,0,2,'2011-12-28 10:03:17'),(20153,'iCore','document','isActive','Active',0,0,0,0,0,0,0,0,0,2,'2011-12-28 10:03:17'),(20154,'iCore','document','isApproved','Approved',0,0,0,0,0,0,0,0,0,2,'2011-12-28 10:03:17'),(20155,'iCore','document','isReview','Review',0,0,0,0,0,0,0,0,0,2,'2011-12-28 10:03:17'),(20156,'iCore','document','isPost','Post',0,0,0,0,0,0,0,0,0,2,'2011-12-28 10:03:17'),(20157,'iCore','document','executeBy','By',0,0,0,0,0,0,0,0,0,2,'2011-12-28 10:03:17'),(20158,'iCore','document','executeTime','Time',0,0,0,0,0,0,0,0,0,2,'2011-12-28 10:03:17'),(20159,'iCore','documentSequence','documentSequenceId','documentSequence',0,0,0,0,0,0,0,0,0,2,'2011-12-28 10:03:17'),(20160,'iCore','documentSequence','documentSequenceCode','Code',0,0,0,0,0,0,0,0,0,2,'2011-12-28 10:03:17'),(20161,'iCore','documentSequence','documentSequenceDesc','Desc',0,0,0,0,0,0,0,0,0,2,'2011-12-28 10:03:17'),(20162,'iCore','documentSequence','documentSequenceStart','Start',0,0,0,0,0,0,0,0,0,2,'2011-12-28 10:03:17'),(20163,'iCore','documentSequence','documentSequenceEnd','End',0,0,0,0,0,0,0,0,0,2,'2011-12-28 10:03:17'),(20164,'iCore','documentSequence','documentSequenceNumber','Number',0,0,0,0,0,0,0,0,0,2,'2011-12-28 10:03:17'),(20165,'iCore','documentSequence','isDefault','Default',0,0,0,0,0,0,0,0,0,2,'2011-12-28 10:03:17'),(20166,'iCore','documentSequence','isNew','New',0,0,0,0,0,0,0,0,0,2,'2011-12-28 10:03:17'),(20167,'iCore','documentSequence','isDraft','Draft',0,0,0,0,0,0,0,0,0,2,'2011-12-28 10:03:17'),(20168,'iCore','documentSequence','isUpdate','Update',0,0,0,0,0,0,0,0,0,2,'2011-12-28 10:03:17'),(20169,'iCore','documentSequence','isDelete','Delete',0,0,0,0,0,0,0,0,0,2,'2011-12-28 10:03:17'),(20170,'iCore','documentSequence','isActive','Active',0,0,0,0,0,0,0,0,0,2,'2011-12-28 10:03:17'),(20171,'iCore','documentSequence','isApproved','Approved',0,0,0,0,0,0,0,0,0,2,'2011-12-28 10:03:17'),(20172,'iCore','documentSequence','isReview','Review',0,0,0,0,0,0,0,0,0,2,'2011-12-28 10:03:17'),(20173,'iCore','documentSequence','isPost','Post',0,0,0,0,0,0,0,0,0,2,'2011-12-28 10:03:17'),(20174,'iCore','documentSequence','executeBy','By',0,0,0,0,0,0,0,0,0,2,'2011-12-28 10:03:17'),(20175,'iCore','documentSequence','executeTime','Time',0,0,0,0,0,0,0,0,0,2,'2011-12-28 10:03:17'),(20176,'iCore','documentSetting','documentSettingId','documentSetting',0,0,0,0,0,0,0,0,0,2,'2011-12-28 10:03:17'),(20177,'iCore','documentSetting','documentSequenceId','documentSequence',0,0,0,0,0,0,0,0,0,2,'2011-12-28 10:03:17'),(20178,'iCore','documentSetting','leafId','leaf',0,0,0,0,0,0,0,0,0,2,'2011-12-28 10:03:17'),(20179,'iCore','documentSetting','isDefault','Default',0,0,0,0,0,0,0,0,0,2,'2011-12-28 10:03:17'),(20180,'iCore','documentSetting','isNew','New',0,0,0,0,0,0,0,0,0,2,'2011-12-28 10:03:17'),(20181,'iCore','documentSetting','isDraft','Draft',0,0,0,0,0,0,0,0,0,2,'2011-12-28 10:03:17'),(20182,'iCore','documentSetting','isUpdate','Update',0,0,0,0,0,0,0,0,0,2,'2011-12-28 10:03:17'),(20183,'iCore','documentSetting','isDelete','Delete',0,0,0,0,0,0,0,0,0,2,'2011-12-28 10:03:17'),(20184,'iCore','documentSetting','isActive','Active',0,0,0,0,0,0,0,0,0,2,'2011-12-28 10:03:17'),(20185,'iCore','documentSetting','isApproved','Approved',0,0,0,0,0,0,0,0,0,2,'2011-12-28 10:03:17'),(20186,'iCore','documentSetting','isReview','Review',0,0,0,0,0,0,0,0,0,2,'2011-12-28 10:03:17'),(20187,'iCore','documentSetting','isPost','Post',0,0,0,0,0,0,0,0,0,2,'2011-12-28 10:03:17'),(20188,'iCore','documentSetting','executeBy','By',0,0,0,0,0,0,0,0,0,2,'2011-12-28 10:03:17'),(20189,'iCore','documentSetting','executeTime','Time',0,0,0,0,0,0,0,0,0,2,'2011-12-28 10:03:17'),(20190,'iCore','documentcategory','documentCategoryId','documentCategory',0,0,0,0,0,0,0,0,0,2,'2011-12-28 10:03:17'),(20191,'iCore','documentcategory','documentCategoryTitle','Document Title',0,0,0,0,0,0,0,0,0,2,'2011-12-28 10:03:17'),(20192,'iCore','documentcategory','documentCategoryDesc','Document Desc',0,0,0,0,0,0,0,0,0,2,'2011-12-28 10:03:17'),(20193,'iCore','documentcategory','documentCategorySequence','Document Sequence',0,0,0,0,0,0,0,0,0,2,'2011-12-28 10:03:17'),(20194,'iCore','documentcategory','documentCategoryCode','Document Code',0,0,0,0,0,0,0,0,0,2,'2011-12-28 10:03:17'),(20195,'iCore','documentcategory','documentCategoryEnglish','Document English',0,0,0,0,0,0,0,0,0,2,'2011-12-28 10:03:17'),(20196,'iCore','documentcategory','isDefault','Default',0,0,0,0,0,0,0,0,0,2,'2011-12-28 10:03:17'),(20197,'iCore','documentcategory','isNew','New',0,0,0,0,0,0,0,0,0,2,'2011-12-28 10:03:17'),(20198,'iCore','documentcategory','isDraft','Draft',0,0,0,0,0,0,0,0,0,2,'2011-12-28 10:03:17'),(20199,'iCore','documentcategory','IsUpdate','Is Update',0,0,0,0,0,0,0,0,0,2,'2011-12-28 10:03:17'),(20200,'iCore','documentcategory','isDelete','Delete',0,0,0,0,0,0,0,0,0,2,'2011-12-28 10:03:17'),(20201,'iCore','documentcategory','isActive','Active',0,0,0,0,0,0,0,0,0,2,'2011-12-28 10:03:17'),(20202,'iCore','documentcategory','isApproved','Approved',0,0,0,0,0,0,0,0,0,2,'2011-12-28 10:03:17'),(20203,'iCore','documentcategory','isReview','Review',0,0,0,0,0,0,0,0,0,2,'2011-12-28 10:03:17'),(20204,'iCore','documentcategory','isPost','Post',0,0,0,0,0,0,0,0,0,2,'2011-12-28 10:03:17'),(20205,'iCore','documentcategory','executeBy','By',0,0,0,0,0,0,0,0,0,2,'2011-12-28 10:03:17'),(20206,'iCore','documentcategory','executeTime','Time',0,0,0,0,0,0,0,0,0,2,'2011-12-28 10:03:17'),(20207,'iCore','extlabel','extLabelId','extLabel',0,0,0,0,0,0,0,0,0,2,'2011-12-28 10:03:17'),(20208,'iCore','extlabel','extLabeLEnglish','Ext Labe L   English',0,0,0,0,0,0,0,0,0,2,'2011-12-28 10:03:17'),(20209,'iCore','extlabel','isDefault','Default',0,0,0,0,0,0,0,0,0,2,'2011-12-28 10:03:17'),(20210,'iCore','extlabel','isNew','New',0,0,0,0,0,0,0,0,0,2,'2011-12-28 10:03:17'),(20211,'iCore','extlabel','isDraft','Draft',0,0,0,0,0,0,0,0,0,2,'2011-12-28 10:03:17'),(20212,'iCore','extlabel','isUpdate','Update',0,0,0,0,0,0,0,0,0,2,'2011-12-28 10:03:17'),(20213,'iCore','extlabel','isDelete','Delete',0,0,0,0,0,0,0,0,0,2,'2011-12-28 10:03:17'),(20214,'iCore','extlabel','isActive','Active',0,0,0,0,0,0,0,0,0,2,'2011-12-28 10:03:17'),(20215,'iCore','extlabel','isApproved','Approved',0,0,0,0,0,0,0,0,0,2,'2011-12-28 10:03:17'),(20216,'iCore','extlabel','isReview','Review',0,0,0,0,0,0,0,0,0,2,'2011-12-28 10:03:17'),(20217,'iCore','extlabel','isPost','Post',0,0,0,0,0,0,0,0,0,2,'2011-12-28 10:03:17'),(20218,'iCore','extlabel','executeBy','By',0,0,0,0,0,0,0,0,0,2,'2011-12-28 10:03:17'),(20219,'iCore','extlabel','executeTime','Time',0,0,0,0,0,0,0,0,0,2,'2011-12-28 10:03:17'),(20220,'iCore','extlabeltranslate','extLabelTranslateId','extLabelTranslate',0,0,0,0,0,0,0,0,0,2,'2011-12-28 10:03:17'),(20221,'iCore','extlabeltranslate','extLabelId','extLabel',0,0,0,0,0,0,0,0,0,2,'2011-12-28 10:03:17'),(20222,'iCore','extlabeltranslate','languageId','language',0,0,0,0,0,0,0,0,0,2,'2011-12-28 10:03:17'),(20223,'iCore','extlabeltranslate','extLabelNative','Ext Native',0,0,0,0,0,0,0,0,0,2,'2011-12-28 10:03:17'),(20224,'iCore','folder','folderId','folder',0,0,0,0,0,0,0,0,0,2,'2011-12-28 10:03:17'),(20225,'iCore','folder','applicationId','application',0,0,0,0,0,0,0,0,0,2,'2011-12-28 10:03:17'),(20226,'iCore','folder','moduleId','module',0,0,0,0,0,0,0,0,0,2,'2011-12-28 10:03:17'),(20227,'iCore','folder','iconId','icon',0,0,0,0,0,0,0,0,0,2,'2011-12-28 10:03:17'),(20228,'iCore','folder','folderSequence','Sequence',0,0,0,0,0,0,0,0,0,2,'2011-12-28 10:03:17'),(20229,'iCore','folder','folderCode','Code',0,0,0,0,0,0,0,0,0,2,'2011-12-28 10:03:17'),(20230,'iCore','folder','folderPath','Path',0,0,0,0,0,0,0,0,0,2,'2011-12-28 10:03:17'),(20231,'iCore','folder','folderEnglish','English',0,0,0,0,0,0,0,0,0,2,'2011-12-28 10:03:17'),(20232,'iCore','folder','isDefault','Default',0,0,0,0,0,0,0,0,0,2,'2011-12-28 10:03:17'),(20233,'iCore','folder','isNew','New',0,0,0,0,0,0,0,0,0,2,'2011-12-28 10:03:17'),(20234,'iCore','folder','isDraft','Draft',0,0,0,0,0,0,0,0,0,2,'2011-12-28 10:03:17'),(20235,'iCore','folder','isUpdate','Update',0,0,0,0,0,0,0,0,0,2,'2011-12-28 10:03:17'),(20236,'iCore','folder','isDelete','Delete',0,0,0,0,0,0,0,0,0,2,'2011-12-28 10:03:17'),(20237,'iCore','folder','isActive','Active',0,0,0,0,0,0,0,0,0,2,'2011-12-28 10:03:17'),(20238,'iCore','folder','isApproved','Approved',0,0,0,0,0,0,0,0,0,2,'2011-12-28 10:03:17'),(20239,'iCore','folder','isReview','Review',0,0,0,0,0,0,0,0,0,2,'2011-12-28 10:03:17'),(20240,'iCore','folder','isPost','Post',0,0,0,0,0,0,0,0,0,2,'2011-12-28 10:03:17'),(20241,'iCore','folder','executeBy','By',0,0,0,0,0,0,0,0,0,2,'2011-12-28 10:03:17'),(20242,'iCore','folder','executeTime','Time',0,0,0,0,0,0,0,0,0,2,'2011-12-28 10:03:17'),(20243,'iCore','folderaccess','folderAccessId','folderAccess',0,0,0,0,0,0,0,0,0,2,'2011-12-28 10:03:17'),(20244,'iCore','folderaccess','teamId','team',0,0,0,0,0,0,0,0,0,2,'2011-12-28 10:03:17'),(20245,'iCore','folderaccess','folderId','folder',0,0,0,0,0,0,0,0,0,2,'2011-12-28 10:03:17'),(20246,'iCore','folderaccess','folderAccessValue','Folder Value',0,0,0,0,0,0,0,0,0,2,'2011-12-28 10:03:17'),(20247,'iCore','foldertranslate','folderTranslateId','folderTranslate',0,0,0,0,0,0,0,0,0,2,'2011-12-28 10:03:17'),(20248,'iCore','foldertranslate','folderId','folder',0,0,0,0,0,0,0,0,0,2,'2011-12-28 10:03:17'),(20249,'iCore','foldertranslate','languageId','language',0,0,0,0,0,0,0,0,0,2,'2011-12-28 10:03:17'),(20250,'iCore','foldertranslate','folderNative','Folder Native',0,0,0,0,0,0,0,0,0,2,'2011-12-28 10:03:17'),(20251,'iCore','foldertranslate','isDefault','Default',0,0,0,0,0,0,0,0,0,2,'2011-12-28 10:03:17'),(20252,'iCore','foldertranslate','isNew','New',0,0,0,0,0,0,0,0,0,2,'2011-12-28 10:03:17'),(20253,'iCore','foldertranslate','isDraft','Draft',0,0,0,0,0,0,0,0,0,2,'2011-12-28 10:03:17'),(20254,'iCore','foldertranslate','isUpdate','Update',0,0,0,0,0,0,0,0,0,2,'2011-12-28 10:03:17'),(20255,'iCore','foldertranslate','isDelete','Delete',0,0,0,0,0,0,0,0,0,2,'2011-12-28 10:03:17'),(20256,'iCore','foldertranslate','isActive','Active',0,0,0,0,0,0,0,0,0,2,'2011-12-28 10:03:17'),(20257,'iCore','foldertranslate','isApproved','Approved',0,0,0,0,0,0,0,0,0,2,'2011-12-28 10:03:17'),(20258,'iCore','foldertranslate','isReview','Review',0,0,0,0,0,0,0,0,0,2,'2011-12-28 10:03:17'),(20259,'iCore','foldertranslate','isPost','Post',0,0,0,0,0,0,0,0,0,2,'2011-12-28 10:03:17'),(20260,'iCore','foldertranslate','executeBy','By',0,0,0,0,0,0,0,0,0,2,'2011-12-28 10:03:17'),(20261,'iCore','foldertranslate','executeTime','Time',0,0,0,0,0,0,0,0,0,2,'2011-12-28 10:03:17'),(20262,'iCore','icon','iconId','icon',0,0,0,0,0,0,0,0,0,2,'2011-12-28 10:03:17'),(20263,'iCore','icon','iconName','Name',0,0,0,0,0,0,0,0,0,2,'2011-12-28 10:03:17'),(20264,'iCore','icon','iconSize','Size',0,0,0,0,0,0,0,0,0,2,'2011-12-28 10:03:17'),(20265,'iCore','icon','isDefault','Default',0,0,0,0,0,0,0,0,0,2,'2011-12-28 10:03:17'),(20266,'iCore','icon','isActive','Active',0,0,0,0,0,0,0,0,0,2,'2011-12-28 10:03:17'),(20267,'iCore','language','languageId','language',0,0,0,0,0,0,0,0,0,2,'2011-12-28 10:03:17'),(20268,'iCore','language','languageDesc','Desc',0,0,0,0,0,0,0,0,0,2,'2011-12-28 10:03:17'),(20269,'iCore','language','languageCode','Code',0,0,0,0,0,0,0,0,0,2,'2011-12-28 10:03:17'),(20270,'iCore','language','isGoogle','Is Google',0,0,0,0,0,0,0,0,0,2,'2011-12-28 10:03:17'),(20271,'iCore','language','isBing','Is Bing',0,0,0,0,0,0,0,0,0,2,'2011-12-28 10:03:17'),(20272,'iCore','language','isSpeakLite','Is Lite',0,0,0,0,0,0,0,0,0,2,'2011-12-28 10:03:17'),(20273,'iCore','language','isWebServices','Is Services',0,0,0,0,0,0,0,0,0,2,'2011-12-28 10:03:17'),(20274,'iCore','language','isDefault','Default',0,0,0,0,0,0,0,0,0,2,'2011-12-28 10:03:17'),(20275,'iCore','language','isNew','New',0,0,0,0,0,0,0,0,0,2,'2011-12-28 10:03:17'),(20276,'iCore','language','isDraft','Draft',0,0,0,0,0,0,0,0,0,2,'2011-12-28 10:03:17'),(20277,'iCore','language','isUpdate','Update',0,0,0,0,0,0,0,0,0,2,'2011-12-28 10:03:17'),(20278,'iCore','language','isDelete','Delete',0,0,0,0,0,0,0,0,0,2,'2011-12-28 10:03:17'),(20279,'iCore','language','isActive','Active',0,0,0,0,0,0,0,0,0,2,'2011-12-28 10:03:17'),(20280,'iCore','language','isApproved','Approved',0,0,0,0,0,0,0,0,0,2,'2011-12-28 10:03:17'),(20281,'iCore','language','isReview','Review',0,0,0,0,0,0,0,0,0,2,'2011-12-28 10:03:17'),(20282,'iCore','language','isPost','Post',0,0,0,0,0,0,0,0,0,2,'2011-12-28 10:03:17'),(20283,'iCore','language','executeBy','By',0,0,0,0,0,0,0,0,0,2,'2011-12-28 10:03:17'),(20284,'iCore','language','executeTime','Time',0,0,0,0,0,0,0,0,0,2,'2011-12-28 10:03:17'),(20285,'iCore','leaf','leafId','leaf',0,0,0,0,0,0,0,0,0,2,'2011-12-28 10:03:17'),(20286,'iCore','leaf','applicationId','application',0,0,0,0,0,0,0,0,0,2,'2011-12-28 10:03:17'),(20287,'iCore','leaf','moduleId','module',0,0,0,0,0,0,0,0,0,2,'2011-12-28 10:03:17'),(20288,'iCore','leaf','folderId','folder',0,0,0,0,0,0,0,0,0,2,'2011-12-28 10:03:17'),(20289,'iCore','leaf','iconId','icon',0,0,0,0,0,0,0,0,0,2,'2011-12-28 10:03:17'),(20290,'iCore','leaf','leafSequence','Sequence',0,0,0,0,0,0,0,0,0,2,'2011-12-28 10:03:17'),(20291,'iCore','leaf','leafCode','Code',0,0,0,0,0,0,0,0,0,2,'2011-12-28 10:03:17'),(20292,'iCore','leaf','leafFilename','Filename',0,0,0,0,0,0,0,0,0,2,'2011-12-28 10:03:17'),(20293,'iCore','leaf','leafEnglish','English',0,0,0,0,0,0,0,0,0,2,'2011-12-28 10:03:17'),(20294,'iCore','leaf','isDefault','Default',0,0,0,0,0,0,0,0,0,2,'2011-12-28 10:03:17'),(20295,'iCore','leaf','isNew','New',0,0,0,0,0,0,0,0,0,2,'2011-12-28 10:03:17'),(20296,'iCore','leaf','isDraft','Draft',0,0,0,0,0,0,0,0,0,2,'2011-12-28 10:03:17'),(20297,'iCore','leaf','isUpdate','Update',0,0,0,0,0,0,0,0,0,2,'2011-12-28 10:03:17'),(20298,'iCore','leaf','isDelete','Delete',0,0,0,0,0,0,0,0,0,2,'2011-12-28 10:03:17'),(20299,'iCore','leaf','isActive','Active',0,0,0,0,0,0,0,0,0,2,'2011-12-28 10:03:17'),(20300,'iCore','leaf','isApproved','Approved',0,0,0,0,0,0,0,0,0,2,'2011-12-28 10:03:17'),(20301,'iCore','leaf','isReview','Review',0,0,0,0,0,0,0,0,0,2,'2011-12-28 10:03:17'),(20302,'iCore','leaf','isPost','Post',0,0,0,0,0,0,0,0,0,2,'2011-12-28 10:03:17'),(20303,'iCore','leaf','executeBy','By',0,0,0,0,0,0,0,0,0,2,'2011-12-28 10:03:17'),(20304,'iCore','leaf','executeTime','Time',0,0,0,0,0,0,0,0,0,2,'2011-12-28 10:03:17'),(20305,'iCore','leafaccess','leafAccessId','leafAccess',0,0,0,0,0,0,0,0,0,2,'2011-12-28 10:03:17'),(20306,'iCore','leafaccess','leafId','leaf',0,0,0,0,0,0,0,0,0,2,'2011-12-28 10:03:17'),(20307,'iCore','leafaccess','staffId','staff',0,0,0,0,0,0,0,0,0,2,'2011-12-28 10:03:17'),(20308,'iCore','leafaccess','leafAccessDraftValue','Leaf Access Draft   Value',0,0,0,0,0,0,0,0,0,2,'2011-12-28 10:03:17'),(20309,'iCore','leafaccess','leafAccessCreateValue','Leaf Access Create   Value',0,0,0,0,0,0,0,0,0,2,'2011-12-28 10:03:17'),(20310,'iCore','leafaccess','leafAccessReadValue','Leaf Access Read   Value',0,0,0,0,0,0,0,0,0,2,'2011-12-28 10:03:17'),(20311,'iCore','leafaccess','leafAccessUpdateValue','Leaf Access Update   Value',0,0,0,0,0,0,0,0,0,2,'2011-12-28 10:03:17'),(20312,'iCore','leafaccess','leafAccessDeleteValue','Leaf Access Delete   Value',0,0,0,0,0,0,0,0,0,2,'2011-12-28 10:03:17'),(20313,'iCore','leafaccess','leafAccessReviewValue','Leaf Access Review   Value',0,0,0,0,0,0,0,0,0,2,'2011-12-28 10:03:17'),(20314,'iCore','leafaccess','leafAccessApprovedValue','Leaf Access Approved   Value',0,0,0,0,0,0,0,0,0,2,'2011-12-28 10:03:17'),(20315,'iCore','leafaccess','leafAccessPostValue','Leaf Access Post   Value',0,0,0,0,0,0,0,0,0,2,'2011-12-28 10:03:17'),(20316,'iCore','leafaccess','leafAccessPrintValue','Leaf Access Print   Value',0,0,0,0,0,0,0,0,0,2,'2011-12-28 10:03:17'),(20317,'iCore','leaftranslate','leafTranslateId','leafTranslate',0,0,0,0,0,0,0,0,0,2,'2011-12-28 10:03:17'),(20318,'iCore','leaftranslate','leafId','leaf',0,0,0,0,0,0,0,0,0,2,'2011-12-28 10:03:17'),(20319,'iCore','leaftranslate','languageId','language',0,0,0,0,0,0,0,0,0,2,'2011-12-28 10:03:17'),(20320,'iCore','leaftranslate','leafNative','Leaf Native',0,0,0,0,0,0,0,0,0,2,'2011-12-28 10:03:17'),(20321,'iCore','leaftranslate','isDefault','Default',0,0,0,0,0,0,0,0,0,2,'2011-12-28 10:03:17'),(20322,'iCore','leaftranslate','isNew','New',0,0,0,0,0,0,0,0,0,2,'2011-12-28 10:03:17'),(20323,'iCore','leaftranslate','isDraft','Draft',0,0,0,0,0,0,0,0,0,2,'2011-12-28 10:03:17'),(20324,'iCore','leaftranslate','isUpdate','Update',0,0,0,0,0,0,0,0,0,2,'2011-12-28 10:03:17'),(20325,'iCore','leaftranslate','isDelete','Delete',0,0,0,0,0,0,0,0,0,2,'2011-12-28 10:03:17'),(20326,'iCore','leaftranslate','isActive','Active',0,0,0,0,0,0,0,0,0,2,'2011-12-28 10:03:17'),(20327,'iCore','leaftranslate','isApproved','Approved',0,0,0,0,0,0,0,0,0,2,'2011-12-28 10:03:17'),(20328,'iCore','leaftranslate','isReview','Review',0,0,0,0,0,0,0,0,0,2,'2011-12-28 10:03:17'),(20329,'iCore','leaftranslate','isPost','Post',0,0,0,0,0,0,0,0,0,2,'2011-12-28 10:03:17'),(20330,'iCore','leaftranslate','executeBy','By',0,0,0,0,0,0,0,0,0,2,'2011-12-28 10:03:17'),(20331,'iCore','leaftranslate','executeTime','Time',0,0,0,0,0,0,0,0,0,2,'2011-12-28 10:03:17'),(20332,'iCore','leafuser','leafUserId','leafUser',0,0,0,0,0,0,0,0,0,2,'2011-12-28 10:03:17'),(20333,'iCore','leafuser','leafId','leaf',0,0,0,0,0,0,0,0,0,2,'2011-12-28 10:03:17'),(20334,'iCore','leafuser','leafSequence','Leaf Sequence',0,0,0,0,0,0,0,0,0,2,'2011-12-28 10:03:17'),(20335,'iCore','leafuser','staffId','staff',0,0,0,0,0,0,0,0,0,2,'2011-12-28 10:03:17'),(20336,'iCore','module','moduleId','module',0,0,0,0,0,0,0,0,0,2,'2011-12-28 10:03:17'),(20337,'iCore','module','applicationId','application',0,0,0,0,0,0,0,0,0,2,'2011-12-28 10:03:17'),(20338,'iCore','module','iconId','icon',0,0,0,0,0,0,0,0,0,2,'2011-12-28 10:03:17'),(20339,'iCore','module','moduleSequence','Sequence',0,0,0,0,0,0,0,0,0,2,'2011-12-28 10:03:17'),(20340,'iCore','module','moduleCode','Code',0,0,0,0,0,0,0,0,0,2,'2011-12-28 10:03:17'),(20341,'iCore','module','moduleEnglish','English',0,0,0,0,0,0,0,0,0,2,'2011-12-28 10:03:17'),(20342,'iCore','module','isDefault','Default',0,0,0,0,0,0,0,0,0,2,'2011-12-28 10:03:17'),(20343,'iCore','module','isNew','New',0,0,0,0,0,0,0,0,0,2,'2011-12-28 10:03:17'),(20344,'iCore','module','isDraft','Draft',0,0,0,0,0,0,0,0,0,2,'2011-12-28 10:03:17'),(20345,'iCore','module','isUpdate','Update',0,0,0,0,0,0,0,0,0,2,'2011-12-28 10:03:17'),(20346,'iCore','module','isDelete','Delete',0,0,0,0,0,0,0,0,0,2,'2011-12-28 10:03:17'),(20347,'iCore','module','isActive','Active',0,0,0,0,0,0,0,0,0,2,'2011-12-28 10:03:17'),(20348,'iCore','module','isApproved','Approved',0,0,0,0,0,0,0,0,0,2,'2011-12-28 10:03:17'),(20349,'iCore','module','isReview','Review',0,0,0,0,0,0,0,0,0,2,'2011-12-28 10:03:17'),(20350,'iCore','module','isPost','Post',0,0,0,0,0,0,0,0,0,2,'2011-12-28 10:03:17'),(20351,'iCore','module','executeBy','By',0,0,0,0,0,0,0,0,0,2,'2011-12-28 10:03:17'),(20352,'iCore','module','executeTime','Time',0,0,0,0,0,0,0,0,0,2,'2011-12-28 10:03:17'),(20353,'iCore','moduleaccess','moduleAccessId','moduleAccess',0,0,0,0,0,0,0,0,0,2,'2011-12-28 10:03:17'),(20354,'iCore','moduleaccess','moduleId','module',0,0,0,0,0,0,0,0,0,2,'2011-12-28 10:03:17'),(20355,'iCore','moduleaccess','teamId','team',0,0,0,0,0,0,0,0,0,2,'2011-12-28 10:03:17'),(20356,'iCore','moduleaccess','moduleAccessValue','Module Value',0,0,0,0,0,0,0,0,0,2,'2011-12-28 10:03:17'),(20357,'iCore','moduletranslate','moduleTranslateId','moduleTranslate',0,0,0,0,0,0,0,0,0,2,'2011-12-28 10:03:17'),(20358,'iCore','moduletranslate','moduleId','module',0,0,0,0,0,0,0,0,0,2,'2011-12-28 10:03:17'),(20359,'iCore','moduletranslate','languageId','language',0,0,0,0,0,0,0,0,0,2,'2011-12-28 10:03:17'),(20360,'iCore','moduletranslate','moduleNative','Module Native',0,0,0,0,0,0,0,0,0,2,'2011-12-28 10:03:17'),(20361,'iCore','moduletranslate','isDefault','Default',0,0,0,0,0,0,0,0,0,2,'2011-12-28 10:03:17'),(20362,'iCore','moduletranslate','isNew','New',0,0,0,0,0,0,0,0,0,2,'2011-12-28 10:03:17'),(20363,'iCore','moduletranslate','isDraft','Draft',0,0,0,0,0,0,0,0,0,2,'2011-12-28 10:03:17'),(20364,'iCore','moduletranslate','isUpdate','Update',0,0,0,0,0,0,0,0,0,2,'2011-12-28 10:03:17'),(20365,'iCore','moduletranslate','isDelete','Delete',0,0,0,0,0,0,0,0,0,2,'2011-12-28 10:03:17'),(20366,'iCore','moduletranslate','isActive','Active',0,0,0,0,0,0,0,0,0,2,'2011-12-28 10:03:17'),(20367,'iCore','moduletranslate','isApproved','Approved',0,0,0,0,0,0,0,0,0,2,'2011-12-28 10:03:17'),(20368,'iCore','moduletranslate','isReview','Review',0,0,0,0,0,0,0,0,0,2,'2011-12-28 10:03:17'),(20369,'iCore','moduletranslate','ispost','Ispost',0,0,0,0,0,0,0,0,0,2,'2011-12-28 10:03:17'),(20370,'iCore','moduletranslate','executeBy','By',0,0,0,0,0,0,0,0,0,2,'2011-12-28 10:03:17'),(20371,'iCore','moduletranslate','executeTime','Time',0,0,0,0,0,0,0,0,0,2,'2011-12-28 10:03:17'),(20372,'iCore','religionsample','religionId','religion',0,0,0,0,0,0,0,0,0,2,'2011-12-28 10:03:17'),(20373,'iCore','religionsample','religionDesc','Religion Desc',0,0,0,0,0,0,0,0,0,2,'2011-12-28 10:03:17'),(20374,'iCore','religionsample','isDefault','Default',0,0,0,0,0,0,0,0,0,2,'2011-12-28 10:03:17'),(20375,'iCore','religionsample','isNew','New',0,0,0,0,0,0,0,0,0,2,'2011-12-28 10:03:17'),(20376,'iCore','religionsample','isDraft','Draft',0,0,0,0,0,0,0,0,0,2,'2011-12-28 10:03:17'),(20377,'iCore','religionsample','isUpdate','Update',0,0,0,0,0,0,0,0,0,2,'2011-12-28 10:03:17'),(20378,'iCore','religionsample','isDelete','Delete',0,0,0,0,0,0,0,0,0,2,'2011-12-28 10:03:17'),(20379,'iCore','religionsample','isActive','Active',0,0,0,0,0,0,0,0,0,2,'2011-12-28 10:03:17'),(20380,'iCore','religionsample','isApproved','Approved',0,0,0,0,0,0,0,0,0,2,'2011-12-28 10:03:17'),(20381,'iCore','religionsample','isReview','Review',0,0,0,0,0,0,0,0,0,2,'2011-12-28 10:03:17'),(20382,'iCore','religionsample','isPost','Post',0,0,0,0,0,0,0,0,0,2,'2011-12-28 10:03:17'),(20383,'iCore','religionsample','executeBy','By',0,0,0,0,0,0,0,0,0,2,'2011-12-28 10:03:17'),(20384,'iCore','religionsample','executeTime','Time',0,0,0,0,0,0,0,0,0,2,'2011-12-28 10:03:17'),(20385,'iCore','religionsampledetail','religionDetailId','religionDetail',0,0,0,0,0,0,0,0,0,2,'2011-12-28 10:03:17'),(20386,'iCore','religionsampledetail','religionId','religion',0,0,0,0,0,0,0,0,0,2,'2011-12-28 10:03:17'),(20387,'iCore','religionsampledetail','religionDetailTitle','Religion Title',0,0,0,0,0,0,0,0,0,2,'2011-12-28 10:03:17'),(20388,'iCore','religionsampledetail','religionDetailDesc','Religion Desc',0,0,0,0,0,0,0,0,0,2,'2011-12-28 10:03:17'),(20389,'iCore','religionsampledetail','isDefault','Default',0,0,0,0,0,0,0,0,0,2,'2011-12-28 10:03:17'),(20390,'iCore','religionsampledetail','isNew','New',0,0,0,0,0,0,0,0,0,2,'2011-12-28 10:03:17'),(20391,'iCore','religionsampledetail','isDraft','Draft',0,0,0,0,0,0,0,0,0,2,'2011-12-28 10:03:17'),(20392,'iCore','religionsampledetail','isUpdate','Update',0,0,0,0,0,0,0,0,0,2,'2011-12-28 10:03:17'),(20393,'iCore','religionsampledetail','isDelete','Delete',0,0,0,0,0,0,0,0,0,2,'2011-12-28 10:03:17'),(20394,'iCore','religionsampledetail','isActive','Active',0,0,0,0,0,0,0,0,0,2,'2011-12-28 10:03:17'),(20395,'iCore','religionsampledetail','isApproved','Approved',0,0,0,0,0,0,0,0,0,2,'2011-12-28 10:03:17'),(20396,'iCore','religionsampledetail','isReview','Review',0,0,0,0,0,0,0,0,0,2,'2011-12-28 10:03:17'),(20397,'iCore','religionsampledetail','isPost','Post',0,0,0,0,0,0,0,0,0,2,'2011-12-28 10:03:17'),(20398,'iCore','religionsampledetail','executeBy','By',0,0,0,0,0,0,0,0,0,2,'2011-12-28 10:03:17'),(20399,'iCore','religionsampledetail','executeTime','Time',0,0,0,0,0,0,0,0,0,2,'2011-12-28 10:03:17'),(20400,'iCore','staff','staffId','staff',0,0,0,0,0,0,0,0,0,2,'2011-12-28 10:03:17'),(20401,'iCore','staff','teamId','team',0,0,0,0,0,0,0,0,0,2,'2011-12-28 10:03:17'),(20402,'iCore','staff','departmentId','department',0,0,0,0,0,0,0,0,0,2,'2011-12-28 10:03:17'),(20403,'iCore','staff','languageId','language',0,0,0,0,0,0,0,0,0,2,'2011-12-28 10:03:17'),(20404,'iCore','staff','staffPassword','Password',0,0,0,0,0,0,0,0,0,2,'2011-12-28 10:03:17'),(20405,'iCore','staff','staffName','Name',0,0,0,0,0,0,0,0,0,2,'2011-12-28 10:03:17'),(20406,'iCore','staff','staffNo','No',0,0,0,0,0,0,0,0,0,2,'2011-12-28 10:03:17'),(20407,'iCore','staff','staffIc','Ic',0,0,0,0,0,0,0,0,0,2,'2011-12-28 10:03:17'),(20408,'iCore','staff','isDefault','Default',0,0,0,0,0,0,0,0,0,2,'2011-12-28 10:03:17'),(20409,'iCore','staff','isNew','New',0,0,0,0,0,0,0,0,0,2,'2011-12-28 10:03:17'),(20410,'iCore','staff','isDraft','Draft',0,0,0,0,0,0,0,0,0,2,'2011-12-28 10:03:17'),(20411,'iCore','staff','isUpdate','Update',0,0,0,0,0,0,0,0,0,2,'2011-12-28 10:03:17'),(20412,'iCore','staff','isDelete','Delete',0,0,0,0,0,0,0,0,0,2,'2011-12-28 10:03:17'),(20413,'iCore','staff','isActive','Active',0,0,0,0,0,0,0,0,0,2,'2011-12-28 10:03:17'),(20414,'iCore','staff','isApproved','Approved',0,0,0,0,0,0,0,0,0,2,'2011-12-28 10:03:17'),(20415,'iCore','staff','isReview','Review',0,0,0,0,0,0,0,0,0,2,'2011-12-28 10:03:17'),(20416,'iCore','staff','isPost','Post',0,0,0,0,0,0,0,0,0,2,'2011-12-28 10:03:17'),(20417,'iCore','staff','executeBy','By',0,0,0,0,0,0,0,0,0,2,'2011-12-28 10:03:17'),(20418,'iCore','staff','executeTime','Time',0,0,0,0,0,0,0,0,0,2,'2011-12-28 10:03:17'),(20419,'iCore','staffwebaccess','staffWebAccessId','staffWebAccess',0,0,0,0,0,0,0,0,0,2,'2011-12-28 10:03:17'),(20420,'iCore','staffwebaccess','staffId','staff',0,0,0,0,0,0,0,0,0,2,'2011-12-28 10:03:17'),(20421,'iCore','staffwebaccess','staffWebAccessLogIn','Staff Web Access Log   In',0,0,0,0,0,0,0,0,0,2,'2011-12-28 10:03:17'),(20422,'iCore','staffwebaccess','staffWebAccessLogOut','Staff Web Access Log   Out',0,0,0,0,0,0,0,0,0,2,'2011-12-28 10:03:17'),(20423,'iCore','staffwebaccess','phpSession','Php Session',0,0,0,0,0,0,0,0,0,2,'2011-12-28 10:03:17'),(20424,'iCore','systemSetting','templateId','template',0,0,0,0,0,0,0,0,0,2,'2011-12-28 10:03:17'),(20425,'iCore','systemSetting','systemSettingDateFormat','Date Format',0,0,0,0,0,0,0,0,0,2,'2011-12-28 10:03:17'),(20426,'iCore','systemSetting','systemSettingTimeFormat','Time Format',0,0,0,0,0,0,0,0,0,2,'2011-12-28 10:03:17'),(20427,'iCore','systemSetting','systemSettingNumberFormat','Number Format',0,0,0,0,0,0,0,0,0,2,'2011-12-28 10:03:17'),(20428,'iCore','systemSetting','countryId','country',0,0,0,0,0,0,0,0,0,2,'2011-12-28 10:03:17'),(20429,'iCore','systemSetting','systemSettingCurrencyFormat','Currency Format',0,0,0,0,0,0,0,0,0,2,'2011-12-28 10:03:17'),(20430,'iCore','systemSetting','isDefault','Default',0,0,0,0,0,0,0,0,0,2,'2011-12-28 10:03:17'),(20431,'iCore','systemSetting','isNew','New',0,0,0,0,0,0,0,0,0,2,'2011-12-28 10:03:17'),(20432,'iCore','systemSetting','isDraft','Draft',0,0,0,0,0,0,0,0,0,2,'2011-12-28 10:03:17'),(20433,'iCore','systemSetting','isUpdate','Update',0,0,0,0,0,0,0,0,0,2,'2011-12-28 10:03:17'),(20434,'iCore','systemSetting','isDelete','Delete',0,0,0,0,0,0,0,0,0,2,'2011-12-28 10:03:17'),(20435,'iCore','systemSetting','isActive','Active',0,0,0,0,0,0,0,0,0,2,'2011-12-28 10:03:17'),(20436,'iCore','systemSetting','isApproved','Approved',0,0,0,0,0,0,0,0,0,2,'2011-12-28 10:03:17'),(20437,'iCore','systemSetting','isReview','Review',0,0,0,0,0,0,0,0,0,2,'2011-12-28 10:03:17'),(20438,'iCore','systemSetting','isPost','Post',0,0,0,0,0,0,0,0,0,2,'2011-12-28 10:03:17'),(20439,'iCore','systemSetting','executeBy','By',0,0,0,0,0,0,0,0,0,2,'2011-12-28 10:03:17'),(20440,'iCore','systemSetting','executeTime','Time',0,0,0,0,0,0,0,0,0,2,'2011-12-28 10:03:17'),(20441,'iCore','systemstring','systemStringId','systemString',0,0,0,0,0,0,0,0,0,2,'2011-12-28 10:03:17'),(20442,'iCore','systemstring','systemStringCode','System Code',0,0,0,0,0,0,0,0,0,2,'2011-12-28 10:03:17'),(20443,'iCore','systemstring','systemStringEnglish','System English',0,0,0,0,0,0,0,0,0,2,'2011-12-28 10:03:17'),(20444,'iCore','systemstring','isDefault','Default',0,0,0,0,0,0,0,0,0,2,'2011-12-28 10:03:17'),(20445,'iCore','systemstring','isNew','New',0,0,0,0,0,0,0,0,0,2,'2011-12-28 10:03:17'),(20446,'iCore','systemstring','isDraft','Draft',0,0,0,0,0,0,0,0,0,2,'2011-12-28 10:03:17'),(20447,'iCore','systemstring','isUpdate','Update',0,0,0,0,0,0,0,0,0,2,'2011-12-28 10:03:17'),(20448,'iCore','systemstring','isDelete','Delete',0,0,0,0,0,0,0,0,0,2,'2011-12-28 10:03:17'),(20449,'iCore','systemstring','isActive','Active',0,0,0,0,0,0,0,0,0,2,'2011-12-28 10:03:17'),(20450,'iCore','systemstring','isApproved','Approved',0,0,0,0,0,0,0,0,0,2,'2011-12-28 10:03:17'),(20451,'iCore','systemstring','isReview','Review',0,0,0,0,0,0,0,0,0,2,'2011-12-28 10:03:17'),(20452,'iCore','systemstring','isPost','Post',0,0,0,0,0,0,0,0,0,2,'2011-12-28 10:03:17'),(20453,'iCore','systemstring','executeBy','By',0,0,0,0,0,0,0,0,0,2,'2011-12-28 10:03:17'),(20454,'iCore','systemstring','executeTime','Time',0,0,0,0,0,0,0,0,0,2,'2011-12-28 10:03:17'),(20455,'iCore','systemstringtranslate','systemStringTranslateId','systemStringTranslate',0,0,0,0,0,0,0,0,0,2,'2011-12-28 10:03:17'),(20456,'iCore','systemstringtranslate','systemStringId','systemString',0,0,0,0,0,0,0,0,0,2,'2011-12-28 10:03:17'),(20457,'iCore','systemstringtranslate','systemStringCode','System Code',0,0,0,0,0,0,0,0,0,2,'2011-12-28 10:03:17'),(20458,'iCore','systemstringtranslate','languageId','language',0,0,0,0,0,0,0,0,0,2,'2011-12-28 10:03:17'),(20459,'iCore','systemstringtranslate','systemStringNative','System Native',0,0,0,0,0,0,0,0,0,2,'2011-12-28 10:03:17'),(20460,'iCore','systemstringtranslate','isDefault','Default',0,0,0,0,0,0,0,0,0,2,'2011-12-28 10:03:17'),(20461,'iCore','systemstringtranslate','isNew','New',0,0,0,0,0,0,0,0,0,2,'2011-12-28 10:03:17'),(20462,'iCore','systemstringtranslate','isDraft','Draft',0,0,0,0,0,0,0,0,0,2,'2011-12-28 10:03:17'),(20463,'iCore','systemstringtranslate','isUpdate','Update',0,0,0,0,0,0,0,0,0,2,'2011-12-28 10:03:17'),(20464,'iCore','systemstringtranslate','isDelete','Delete',0,0,0,0,0,0,0,0,0,2,'2011-12-28 10:03:17'),(20465,'iCore','systemstringtranslate','isActive','Active',0,0,0,0,0,0,0,0,0,2,'2011-12-28 10:03:17'),(20466,'iCore','systemstringtranslate','isApproved','Approved',0,0,0,0,0,0,0,0,0,2,'2011-12-28 10:03:17'),(20467,'iCore','systemstringtranslate','isReview','Review',0,0,0,0,0,0,0,0,0,2,'2011-12-28 10:03:17'),(20468,'iCore','systemstringtranslate','isPost','Post',0,0,0,0,0,0,0,0,0,2,'2011-12-28 10:03:17'),(20469,'iCore','systemstringtranslate','executeBy','By',0,0,0,0,0,0,0,0,0,2,'2011-12-28 10:03:17'),(20470,'iCore','systemstringtranslate','executeTime','Time',0,0,0,0,0,0,0,0,0,2,'2011-12-28 10:03:17'),(20471,'iCore','tablemapping','tableMappingId','tableMapping',0,0,0,0,0,0,0,0,0,2,'2011-12-28 10:03:17'),(20472,'iCore','tablemapping','database','Database',0,0,0,0,0,0,0,0,0,2,'2011-12-28 10:03:17'),(20473,'iCore','tablemapping','tableMappingName','Table Name',0,0,0,0,0,0,0,0,0,2,'2011-12-28 10:03:17'),(20474,'iCore','tablemapping','tableMappingColumnName','Table Mapping Column   Name',0,0,0,0,0,0,0,0,0,2,'2011-12-28 10:03:17'),(20475,'iCore','tablemapping','tableMappingEnglish','Table English',0,0,0,0,0,0,0,0,0,2,'2011-12-28 10:03:17'),(20476,'iCore','tablemapping','isDefault','Default',0,0,0,0,0,0,0,0,0,2,'2011-12-28 10:03:17'),(20477,'iCore','tablemapping','isNew','New',0,0,0,0,0,0,0,0,0,2,'2011-12-28 10:03:17'),(20478,'iCore','tablemapping','isDraft','Draft',0,0,0,0,0,0,0,0,0,2,'2011-12-28 10:03:18'),(20479,'iCore','tablemapping','isUpdate','Update',0,0,0,0,0,0,0,0,0,2,'2011-12-28 10:03:18'),(20480,'iCore','tablemapping','isDelete','Delete',0,0,0,0,0,0,0,0,0,2,'2011-12-28 10:03:18'),(20481,'iCore','tablemapping','isActive','Active',0,0,0,0,0,0,0,0,0,2,'2011-12-28 10:03:18'),(20482,'iCore','tablemapping','isApproved','Approved',0,0,0,0,0,0,0,0,0,2,'2011-12-28 10:03:18'),(20483,'iCore','tablemapping','isReview','Review',0,0,0,0,0,0,0,0,0,2,'2011-12-28 10:03:18'),(20484,'iCore','tablemapping','isPost','Post',0,0,0,0,0,0,0,0,0,2,'2011-12-28 10:03:18'),(20485,'iCore','tablemapping','executeBy','By',0,0,0,0,0,0,0,0,0,2,'2011-12-28 10:03:18'),(20486,'iCore','tablemapping','executeTime','Time',0,0,0,0,0,0,0,0,0,2,'2011-12-28 10:03:18'),(20487,'iCore','tablemappingForeignKey','tableMappingForeignKeyId','tableMappingForeignKey',0,0,0,0,0,0,0,0,0,2,'2011-12-28 10:03:18'),(20488,'iCore','tablemappingForeignKey','databaseName','Database Name',0,0,0,0,0,0,0,0,0,2,'2011-12-28 10:03:18'),(20489,'iCore','tablemappingForeignKey','tableMappingForeignKeyName','Table Mapping Foreign Key   Name',0,0,0,0,0,0,0,0,0,2,'2011-12-28 10:03:18'),(20490,'iCore','tablemappingForeignKey','tableMappingForeignKeyEnglish','Table Mapping Foreign Key   English',0,0,0,0,0,0,0,0,0,2,'2011-12-28 10:03:18'),(20491,'iCore','tablemappingForeignKey','isDefault','Default',0,0,0,0,0,0,0,0,0,2,'2011-12-28 10:03:18'),(20492,'iCore','tablemappingForeignKey','isNew','New',0,0,0,0,0,0,0,0,0,2,'2011-12-28 10:03:18'),(20493,'iCore','tablemappingForeignKey','isDraft','Draft',0,0,0,0,0,0,0,0,0,2,'2011-12-28 10:03:18'),(20494,'iCore','tablemappingForeignKey','isUpdate','Update',0,0,0,0,0,0,0,0,0,2,'2011-12-28 10:03:18'),(20495,'iCore','tablemappingForeignKey','isDelete','Delete',0,0,0,0,0,0,0,0,0,2,'2011-12-28 10:03:18'),(20496,'iCore','tablemappingForeignKey','isActive','Active',0,0,0,0,0,0,0,0,0,2,'2011-12-28 10:03:18'),(20497,'iCore','tablemappingForeignKey','isApproved','Approved',0,0,0,0,0,0,0,0,0,2,'2011-12-28 10:03:18'),(20498,'iCore','tablemappingForeignKey','isReview','Review',0,0,0,0,0,0,0,0,0,2,'2011-12-28 10:03:18'),(20499,'iCore','tablemappingForeignKey','isPost','Post',0,0,0,0,0,0,0,0,0,2,'2011-12-28 10:03:18'),(20500,'iCore','tablemappingForeignKey','executeBy','By',0,0,0,0,0,0,0,0,0,2,'2011-12-28 10:03:18'),(20501,'iCore','tablemappingForeignKey','executeTime','Time',0,0,0,0,0,0,0,0,0,2,'2011-12-28 10:03:18'),(20502,'iCore','tablemappingForeignKeyTranslate','tableMappingForeignKeyTranslateId','tableMappingForeignKeyTranslate',0,0,0,0,0,0,0,0,0,2,'2011-12-28 10:03:18'),(20503,'iCore','tablemappingForeignKeyTranslate','tableMappingForeignKeyId','tableMappingForeignKey',0,0,0,0,0,0,0,0,0,2,'2011-12-28 10:03:18'),(20504,'iCore','tablemappingForeignKeyTranslate','tableMappingForeignKeyNative','Table Mapping Foreign Key   Native',0,0,0,0,0,0,0,0,0,2,'2011-12-28 10:03:18'),(20505,'iCore','tablemappingForeignKeyTranslate','languageId','language',0,0,0,0,0,0,0,0,0,2,'2011-12-28 10:03:18'),(20506,'iCore','tablemappingForeignKeyTranslate','isDefault','Default',0,0,0,0,0,0,0,0,0,2,'2011-12-28 10:03:18'),(20507,'iCore','tablemappingForeignKeyTranslate','isNew','New',0,0,0,0,0,0,0,0,0,2,'2011-12-28 10:03:18'),(20508,'iCore','tablemappingForeignKeyTranslate','isDraft','Draft',0,0,0,0,0,0,0,0,0,2,'2011-12-28 10:03:18'),(20509,'iCore','tablemappingForeignKeyTranslate','isUpdate','Update',0,0,0,0,0,0,0,0,0,2,'2011-12-28 10:03:18'),(20510,'iCore','tablemappingForeignKeyTranslate','isDelete','Delete',0,0,0,0,0,0,0,0,0,2,'2011-12-28 10:03:18'),(20511,'iCore','tablemappingForeignKeyTranslate','isActive','Active',0,0,0,0,0,0,0,0,0,2,'2011-12-28 10:03:18'),(20512,'iCore','tablemappingForeignKeyTranslate','isApproved','Approved',0,0,0,0,0,0,0,0,0,2,'2011-12-28 10:03:18'),(20513,'iCore','tablemappingForeignKeyTranslate','isReview','Review',0,0,0,0,0,0,0,0,0,2,'2011-12-28 10:03:18'),(20514,'iCore','tablemappingForeignKeyTranslate','isPost','Post',0,0,0,0,0,0,0,0,0,2,'2011-12-28 10:03:18'),(20515,'iCore','tablemappingForeignKeyTranslate','executeBy','By',0,0,0,0,0,0,0,0,0,2,'2011-12-28 10:03:18'),(20516,'iCore','tablemappingForeignKeyTranslate','executeTime','Time',0,0,0,0,0,0,0,0,0,2,'2011-12-28 10:03:18'),(20517,'iCore','tablemappingVirtual','tableMappingVirtualId','tableMappingVirtual',0,0,0,0,0,0,0,0,0,2,'2011-12-28 10:03:18'),(20518,'iCore','tablemappingVirtual','tableMappingVirtualEnglish','Table Mapping Virtual   English',0,0,0,0,0,0,0,0,0,2,'2011-12-28 10:03:18'),(20519,'iCore','tablemappingVirtual','isDefault','Default',0,0,0,0,0,0,0,0,0,2,'2011-12-28 10:03:18'),(20520,'iCore','tablemappingVirtual','isNew','New',0,0,0,0,0,0,0,0,0,2,'2011-12-28 10:03:18'),(20521,'iCore','tablemappingVirtual','isDraft','Draft',0,0,0,0,0,0,0,0,0,2,'2011-12-28 10:03:18'),(20522,'iCore','tablemappingVirtual','isUpdate','Update',0,0,0,0,0,0,0,0,0,2,'2011-12-28 10:03:18'),(20523,'iCore','tablemappingVirtual','isDelete','Delete',0,0,0,0,0,0,0,0,0,2,'2011-12-28 10:03:18'),(20524,'iCore','tablemappingVirtual','isActive','Active',0,0,0,0,0,0,0,0,0,2,'2011-12-28 10:03:18'),(20525,'iCore','tablemappingVirtual','isApproved','Approved',0,0,0,0,0,0,0,0,0,2,'2011-12-28 10:03:18'),(20526,'iCore','tablemappingVirtual','isReview','Review',0,0,0,0,0,0,0,0,0,2,'2011-12-28 10:03:18'),(20527,'iCore','tablemappingVirtual','isPost','Post',0,0,0,0,0,0,0,0,0,2,'2011-12-28 10:03:18'),(20528,'iCore','tablemappingVirtual','executeBy','By',0,0,0,0,0,0,0,0,0,2,'2011-12-28 10:03:18'),(20529,'iCore','tablemappingVirtual','executeTime','Time',0,0,0,0,0,0,0,0,0,2,'2011-12-28 10:03:18'),(20530,'iCore','tablemappingVirtualTranslate','tableMappingVirtualTranslateId','tableMappingVirtualTranslate',0,0,0,0,0,0,0,0,0,2,'2011-12-28 10:03:18'),(20531,'iCore','tablemappingVirtualTranslate','tableMappingVirtualId','tableMappingVirtual',0,0,0,0,0,0,0,0,0,2,'2011-12-28 10:03:18'),(20532,'iCore','tablemappingVirtualTranslate','tableMappingVirtualNative','Table Mapping Virtual   Native',0,0,0,0,0,0,0,0,0,2,'2011-12-28 10:03:18'),(20533,'iCore','tablemappingVirtualTranslate','languageId','language',0,0,0,0,0,0,0,0,0,2,'2011-12-28 10:03:18'),(20534,'iCore','tablemappingVirtualTranslate','isDefault','Default',0,0,0,0,0,0,0,0,0,2,'2011-12-28 10:03:18'),(20535,'iCore','tablemappingVirtualTranslate','isNew','New',0,0,0,0,0,0,0,0,0,2,'2011-12-28 10:03:18'),(20536,'iCore','tablemappingVirtualTranslate','isDraft','Draft',0,0,0,0,0,0,0,0,0,2,'2011-12-28 10:03:18'),(20537,'iCore','tablemappingVirtualTranslate','isUpdate','Update',0,0,0,0,0,0,0,0,0,2,'2011-12-28 10:03:18'),(20538,'iCore','tablemappingVirtualTranslate','isDelete','Delete',0,0,0,0,0,0,0,0,0,2,'2011-12-28 10:03:18'),(20539,'iCore','tablemappingVirtualTranslate','isActive','Active',0,0,0,0,0,0,0,0,0,2,'2011-12-28 10:03:18'),(20540,'iCore','tablemappingVirtualTranslate','isApproved','Approved',0,0,0,0,0,0,0,0,0,2,'2011-12-28 10:03:18'),(20541,'iCore','tablemappingVirtualTranslate','isReview','Review',0,0,0,0,0,0,0,0,0,2,'2011-12-28 10:03:18'),(20542,'iCore','tablemappingVirtualTranslate','isPost','Post',0,0,0,0,0,0,0,0,0,2,'2011-12-28 10:03:18'),(20543,'iCore','tablemappingVirtualTranslate','executeBy','By',0,0,0,0,0,0,0,0,0,2,'2011-12-28 10:03:18'),(20544,'iCore','tablemappingVirtualTranslate','executeTime','Time',0,0,0,0,0,0,0,0,0,2,'2011-12-28 10:03:18'),(20545,'iCore','tablemappingtranslate','tableMappingTranslateId','tableMappingTranslate',0,0,0,0,0,0,0,0,0,2,'2011-12-28 10:03:18'),(20546,'iCore','tablemappingtranslate','tableMappingId','tableMapping',0,0,0,0,0,0,0,0,0,2,'2011-12-28 10:03:18'),(20547,'iCore','tablemappingtranslate','tableMappingNative','Table Native',0,0,0,0,0,0,0,0,0,2,'2011-12-28 10:03:18'),(20548,'iCore','tablemappingtranslate','languageId','language',0,0,0,0,0,0,0,0,0,2,'2011-12-28 10:03:18'),(20549,'iCore','tablemappingtranslate','isDefault','Default',0,0,0,0,0,0,0,0,0,2,'2011-12-28 10:03:18'),(20550,'iCore','tablemappingtranslate','isNew','New',0,0,0,0,0,0,0,0,0,2,'2011-12-28 10:03:18'),(20551,'iCore','tablemappingtranslate','isDraft','Draft',0,0,0,0,0,0,0,0,0,2,'2011-12-28 10:03:18'),(20552,'iCore','tablemappingtranslate','isUpdate','Update',0,0,0,0,0,0,0,0,0,2,'2011-12-28 10:03:18'),(20553,'iCore','tablemappingtranslate','isDelete','Delete',0,0,0,0,0,0,0,0,0,2,'2011-12-28 10:03:18'),(20554,'iCore','tablemappingtranslate','isActive','Active',0,0,0,0,0,0,0,0,0,2,'2011-12-28 10:03:18'),(20555,'iCore','tablemappingtranslate','isApproved','Approved',0,0,0,0,0,0,0,0,0,2,'2011-12-28 10:03:18'),(20556,'iCore','tablemappingtranslate','isReview','Review',0,0,0,0,0,0,0,0,0,2,'2011-12-28 10:03:18'),(20557,'iCore','tablemappingtranslate','isPost','Post',0,0,0,0,0,0,0,0,0,2,'2011-12-28 10:03:18'),(20558,'iCore','tablemappingtranslate','executeBy','By',0,0,0,0,0,0,0,0,0,2,'2011-12-28 10:03:18'),(20559,'iCore','tablemappingtranslate','executeTime','Time',0,0,0,0,0,0,0,0,0,2,'2011-12-28 10:03:18'),(20560,'iCore','template','templateId','template',0,0,0,0,0,0,0,0,0,2,'2011-12-28 10:03:18'),(20561,'iCore','template','isDefault','Default',0,0,0,0,0,0,0,0,0,2,'2011-12-28 10:03:18'),(20562,'iCore','template','isNew','New',0,0,0,0,0,0,0,0,0,2,'2011-12-28 10:03:18'),(20563,'iCore','template','isDraft','Draft',0,0,0,0,0,0,0,0,0,2,'2011-12-28 10:03:18'),(20564,'iCore','template','isUpdate','Update',0,0,0,0,0,0,0,0,0,2,'2011-12-28 10:03:18'),(20565,'iCore','template','isDelete','Delete',0,0,0,0,0,0,0,0,0,2,'2011-12-28 10:03:18'),(20566,'iCore','template','isActive','Active',0,0,0,0,0,0,0,0,0,2,'2011-12-28 10:03:18'),(20567,'iCore','template','isApproved','Approved',0,0,0,0,0,0,0,0,0,2,'2011-12-28 10:03:18'),(20568,'iCore','template','isReview','Review',0,0,0,0,0,0,0,0,0,2,'2011-12-28 10:03:18'),(20569,'iCore','template','isPost','Post',0,0,0,0,0,0,0,0,0,2,'2011-12-28 10:03:18'),(20570,'iCore','template','executeBy','By',0,0,0,0,0,0,0,0,0,2,'2011-12-28 10:03:18'),(20571,'iCore','template','executeTime','Time',0,0,0,0,0,0,0,0,0,2,'2011-12-28 10:03:18'),(20572,'iCore','theme','themeId','theme',0,0,0,0,0,0,0,0,0,2,'2011-12-28 10:03:18'),(20573,'iCore','theme','themeSequence','Sequence',0,0,0,0,0,0,0,0,0,2,'2011-12-28 10:03:18'),(20574,'iCore','theme','themeCode','Code',0,0,0,0,0,0,0,0,0,2,'2011-12-28 10:03:18'),(20575,'iCore','theme','themeNote','Note',0,0,0,0,0,0,0,0,0,2,'2011-12-28 10:03:18'),(20576,'iCore','theme','themePath','Path',0,0,0,0,0,0,0,0,0,2,'2011-12-28 10:03:18'),(20577,'iCore','theme','isDefault','Default',0,0,0,0,0,0,0,0,0,2,'2011-12-28 10:03:18'),(20578,'iCore','theme','isNew','New',0,0,0,0,0,0,0,0,0,2,'2011-12-28 10:03:18'),(20579,'iCore','theme','isDraft','Draft',0,0,0,0,0,0,0,0,0,2,'2011-12-28 10:03:18'),(20580,'iCore','theme','isUpdate','Update',0,0,0,0,0,0,0,0,0,2,'2011-12-28 10:03:18'),(20581,'iCore','theme','isDelete','Delete',0,0,0,0,0,0,0,0,0,2,'2011-12-28 10:03:18'),(20582,'iCore','theme','isActive','Active',0,0,0,0,0,0,0,0,0,2,'2011-12-28 10:03:18'),(20583,'iCore','theme','isApproved','Approved',0,0,0,0,0,0,0,0,0,2,'2011-12-28 10:03:18'),(20584,'iCore','theme','isReview','Review',0,0,0,0,0,0,0,0,0,2,'2011-12-28 10:03:18'),(20585,'iCore','theme','isPost','Post',0,0,0,0,0,0,0,0,0,2,'2011-12-28 10:03:18'),(20586,'iCore','theme','executeBy','By',0,0,0,0,0,0,0,0,0,2,'2011-12-28 10:03:18'),(20587,'iCore','theme','executeTime','Time',0,0,0,0,0,0,0,0,0,2,'2011-12-28 10:03:18'),(20588,'iCore','todo','todoId','todo',0,0,0,0,0,0,0,0,0,2,'2011-12-28 10:03:18'),(20589,'iCore','todo','todoTitle','Title',0,0,0,0,0,0,0,0,0,2,'2011-12-28 10:03:18'),(20590,'iCore','todo','todoDesc','Desc',0,0,0,0,0,0,0,0,0,2,'2011-12-28 10:03:18'),(20591,'iCore','todo','staffId','staff',0,0,0,0,0,0,0,0,0,2,'2011-12-28 10:03:18'),(20592,'iCore','todo','isDefault','Default',0,0,0,0,0,0,0,0,0,2,'2011-12-28 10:03:18'),(20593,'iCore','todo','isNew','New',0,0,0,0,0,0,0,0,0,2,'2011-12-28 10:03:18'),(20594,'iCore','todo','isDraft','Draft',0,0,0,0,0,0,0,0,0,2,'2011-12-28 10:03:18'),(20595,'iCore','todo','isUpdate','Update',0,0,0,0,0,0,0,0,0,2,'2011-12-28 10:03:18'),(20596,'iCore','todo','isDelete','Delete',0,0,0,0,0,0,0,0,0,2,'2011-12-28 10:03:18'),(20597,'iCore','todo','isActive','Active',0,0,0,0,0,0,0,0,0,2,'2011-12-28 10:03:18'),(20598,'iCore','todo','isApproved','Approved',0,0,0,0,0,0,0,0,0,2,'2011-12-28 10:03:18'),(20599,'iCore','todo','isReview','Review',0,0,0,0,0,0,0,0,0,2,'2011-12-28 10:03:18'),(20600,'iCore','todo','isPost','Post',0,0,0,0,0,0,0,0,0,2,'2011-12-28 10:03:18'),(20601,'iCore','todo','isDone','Is Done',0,0,0,0,0,0,0,0,0,2,'2011-12-28 10:03:18'),(20602,'iCore','todo','executeBy','By',0,0,0,0,0,0,0,0,0,2,'2011-12-28 10:03:18'),(20603,'iCore','todo','executeTime','Time',0,0,0,0,0,0,0,0,0,2,'2011-12-28 10:03:18');
/*!40000 ALTER TABLE `tablemapping` ENABLE KEYS */;
UNLOCK TABLES;

--
-- Table structure for table `tablemappingForeignKey`
--

DROP TABLE IF EXISTS `tablemappingForeignKey`;
/*!40101 SET @saved_cs_client     = @@character_set_client */;
/*!40101 SET character_set_client = utf8 */;
CREATE TABLE `tablemappingForeignKey` (
  `tableMappingForeignKeyId` int(11) NOT NULL AUTO_INCREMENT COMMENT 'Mapping|',
  `databaseName` varchar(128) COLLATE utf8_unicode_ci NOT NULL,
  `tableMappingForeignKeyName` varchar(64) COLLATE utf8_unicode_ci NOT NULL COMMENT 'Table|',
  `tableMappingForeignKeyEnglish` varchar(128) COLLATE utf8_unicode_ci NOT NULL COMMENT 'English|',
  `isDefault` tinyint(1) NOT NULL,
  `isNew` tinyint(1) NOT NULL,
  `isDraft` tinyint(1) NOT NULL,
  `isUpdate` tinyint(1) NOT NULL,
  `isDelete` tinyint(1) NOT NULL,
  `isActive` tinyint(1) NOT NULL,
  `isApproved` tinyint(1) NOT NULL,
  `isReview` tinyint(1) NOT NULL,
  `isPost` tinyint(1) NOT NULL,
  `executeBy` int(11) NOT NULL,
  `executeTime` datetime NOT NULL,
  PRIMARY KEY (`tableMappingForeignKeyId`)
) ENGINE=InnoDB AUTO_INCREMENT=85 DEFAULT CHARSET=utf8 COLLATE=utf8_unicode_ci;
/*!40101 SET character_set_client = @saved_cs_client */;

--
-- Dumping data for table `tablemappingForeignKey`
--

LOCK TABLES `tablemappingForeignKey` WRITE;
/*!40000 ALTER TABLE `tablemappingForeignKey` DISABLE KEYS */;
INSERT INTO `tablemappingForeignKey` VALUES (1,'iFinancial','adjustment','adjustment',0,0,0,0,0,0,0,0,0,2,'2011-12-12 13:35:52'),(2,'iFinancial','adjustmentDetail','Adjustment Detail',0,0,0,0,0,0,0,0,0,2,'2011-12-12 13:35:52'),(3,'iFinancial','bankBalance','Bank Balance',0,0,0,0,0,0,0,0,0,2,'2011-12-12 13:35:52'),(4,'iFinancial','businessPartner','Business Partner',0,0,0,0,0,0,0,0,0,2,'2011-12-12 13:35:52'),(5,'iFinancial','businessPartnerCategory','Category',0,0,0,0,0,0,0,0,0,2,'2011-12-12 13:35:52'),(6,'iFinancial','businessPartnerContact','Contact',0,0,0,0,0,0,0,0,0,2,'2011-12-12 13:35:52'),(7,'iFinancial','country','country',0,0,0,0,0,0,0,0,0,2,'2011-12-12 13:35:52'),(8,'iFinancial','documentNoAssign','Assign',0,0,0,0,0,0,0,0,0,2,'2011-12-12 13:35:52'),(9,'iFinancial','documentNoCode','Code',0,0,0,0,0,0,0,0,0,2,'2011-12-12 13:35:52'),(10,'iFinancial','documentNoSequence','Sequence',0,0,0,0,0,0,0,0,0,2,'2011-12-12 13:35:52'),(11,'iFinancial','financialDuration','Duration',0,0,0,0,0,0,0,0,0,2,'2011-12-12 13:35:52'),(12,'iFinancial','generalLedger','Ledger',0,0,0,0,0,0,0,0,0,2,'2011-12-12 13:35:52'),(13,'iFinancial','generalLedgerBudget','Budget',0,0,0,0,0,0,0,0,0,2,'2011-12-12 13:35:52'),(14,'iFinancial','generalLedgerBudgetType','Type',0,0,0,0,0,0,0,0,0,2,'2011-12-12 13:35:52'),(15,'iFinancial','generalLedgerChartOfAccount','Account',0,0,0,0,0,0,0,0,0,2,'2011-12-12 13:35:52'),(16,'iFinancial','generalLedgerChartOfAccountAccess','Access',0,0,0,0,0,0,0,0,0,2,'2011-12-12 13:35:52'),(17,'iFinancial','generalLedgerChartOfAccountDimension','Dimension',0,0,0,0,0,0,0,0,0,2,'2011-12-12 13:35:52'),(18,'iFinancial','generalLedgerChartOfAccountReportType','Type',0,0,0,0,0,0,0,0,0,2,'2011-12-12 13:35:52'),(19,'iFinancial','generalLedgerChartOfAccountSegment','Segment',0,0,0,0,0,0,0,0,0,2,'2011-12-12 13:35:52'),(20,'iFinancial','generalLedgerChartOfAccountSegmentType','Type',0,0,0,0,0,0,0,0,0,2,'2011-12-12 13:35:52'),(21,'iFinancial','generalLedgerChartOfAccountType','Type',0,0,0,0,0,0,0,0,0,2,'2011-12-12 13:35:52'),(22,'iFinancial','generalLedgerForecast','Forecast',0,0,0,0,0,0,0,0,0,2,'2011-12-12 13:35:52'),(23,'iFinancial','generalLedgerJournal','Journal',0,0,0,0,0,0,0,0,0,2,'2011-12-12 13:35:52'),(24,'iFinancial','generalLedgerJournalDetail','Detail',0,0,0,0,0,0,0,0,0,2,'2011-12-12 13:35:52'),(25,'iFinancial','generalLedgerJournalType','Type',0,0,0,0,0,0,0,0,0,2,'2011-12-12 13:35:52'),(26,'iFinancial','invoiceDetailLedger','Ledger',0,0,0,0,0,0,0,0,0,2,'2011-12-12 13:35:52'),(27,'iFinancial','invoiceLedger','Ledger',0,0,0,0,0,0,0,0,0,2,'2011-12-12 13:35:52'),(28,'iFinancial','invoiceProject','Project',0,0,0,0,0,0,0,0,0,2,'2011-12-12 13:35:52'),(29,'iFinancial','refund','Refund',0,0,0,0,0,0,0,0,0,2,'2011-12-12 13:35:52'),(30,'iFinancial','refundDetail','Detail',0,0,0,0,0,0,0,0,0,2,'2011-12-12 13:35:52'),(31,'iFinancial','template','template',0,0,0,0,0,0,0,0,0,2,'2011-12-12 13:35:52'),(32,'iFinancial','transactionDetailLedger','Ledger',0,0,0,0,0,0,0,0,0,2,'2011-12-12 13:35:52'),(33,'iFinancial','transactionLedger','Ledger',0,0,0,0,0,0,0,0,0,2,'2011-12-12 13:35:52'),(34,'iFinancial','adjustmentLedger','Ledger',0,0,0,0,0,0,0,0,0,2,'2011-12-16 05:48:49'),(35,'iFinancial','adjustmentLedgerDetail','Details',0,0,0,0,0,0,0,0,0,2,'2011-12-16 05:48:49'),(36,'iFinancial','businessPartnerAccounts','Accounts',0,0,0,0,0,0,0,0,0,2,'2011-12-16 05:48:49'),(37,'iFinancial','depositDetailLedger','Ledger',0,0,0,0,0,0,0,0,0,2,'2011-12-16 05:48:49'),(38,'iFinancial','depositLedger','Ledger',0,0,0,0,0,0,0,0,0,2,'2011-12-16 05:48:49'),(39,'iFinancial','depositType','Type',0,0,0,0,0,0,0,0,0,2,'2011-12-16 05:48:49'),(40,'iFinancial','dividen','Dividen',0,0,0,0,0,0,0,0,0,2,'2011-12-16 05:48:49'),(41,'iFinancial','generalLedgerChartOfAccountCategory','Category',0,0,0,0,0,0,0,0,0,2,'2011-12-16 05:48:49'),(42,'iFinancial','generalLedgerForecastType','Type',0,0,0,0,0,0,0,0,0,2,'2011-12-16 05:48:49'),(43,'iFinancial','invoiceCategory','Category',0,0,0,0,0,0,0,0,0,2,'2011-12-16 05:48:49'),(44,'iFinancial','invoiceType','Type',0,0,0,0,0,0,0,0,0,2,'2011-12-16 05:48:49'),(45,'iFinancial','lateInterest','Late Interest',0,0,0,0,0,0,0,0,0,2,'2011-12-16 05:48:49'),(46,'iFinancial','lateInterestDetail','Detail',0,0,0,0,0,0,0,0,0,2,'2011-12-16 05:48:49'),(47,'iFinancial','lateInterestType','Type',0,0,0,0,0,0,0,0,0,2,'2011-12-16 05:48:49'),(48,'iFinancial','voucherDetailLedger','Detail',0,0,0,0,0,0,0,0,0,2,'2011-12-16 05:48:49'),(49,'iFinancial','voucherLedger','Ledger',0,0,0,0,0,0,0,0,0,2,'2011-12-16 05:48:49'),(50,'iFinancial','voucherType','Type',0,0,0,0,0,0,0,0,0,2,'2011-12-16 08:35:50'),(51,'iFinancial','adjustmentType','Type',0,0,0,0,0,0,0,0,0,2,'2011-12-16 14:32:45'),(52,'iFinancial','refundLedger','Ledger',0,0,0,0,0,0,0,0,0,2,'2011-12-16 15:16:42'),(53,'iFinancial','refundLedgerDetail','Details',0,0,0,0,0,0,0,0,0,2,'2011-12-16 15:16:42'),(54,'iFinancial','refundType','Type',0,0,0,0,0,0,0,0,0,2,'2011-12-16 15:16:42'),(55,'iFinancial','bank','Bank',0,0,0,0,0,0,0,0,0,2,'2011-12-19 05:55:39'),(56,'iFinancial','bankTransfer','Transfer',0,0,0,0,0,0,0,0,0,2,'2011-12-19 05:55:39'),(57,'iFinancial','businessPartnerPersonelInfo','PIM',0,0,0,0,0,0,0,0,0,2,'2011-12-19 05:55:39'),(58,'iFinancial','paymentDetailLedger','Detail',0,0,0,0,0,0,0,0,0,2,'2011-12-19 05:55:39'),(59,'iFinancial','paymentLedger','Ledger',0,0,0,0,0,0,0,0,0,2,'2011-12-19 05:55:39'),(60,'iFinancial','paymentType','Type',0,0,0,0,0,0,0,0,0,2,'2011-12-19 05:55:39'),(61,'iFinancial','salesDetailLedger','Detail',0,0,0,0,0,0,0,0,0,2,'2011-12-19 05:55:39'),(62,'iFinancial','salesLedger','Ledger',0,0,0,0,0,0,0,0,0,2,'2011-12-19 05:55:39'),(63,'iFinancial','salesType','Type',0,0,0,0,0,0,0,0,0,2,'2011-12-19 05:55:39'),(64,'iFinancial','invoiceAllocation','Allocation',0,0,0,0,0,0,0,0,0,2,'2011-12-19 06:19:45'),(65,'iFinancial','depositLedgerDetail','',0,0,0,0,0,0,0,0,0,2,'2011-12-27 08:08:30'),(66,'iFinancial','disease','',0,0,0,0,0,0,0,0,0,2,'2011-12-27 08:08:30'),(67,'iFinancial','district','',0,0,0,0,0,0,0,0,0,2,'2011-12-27 08:08:30'),(68,'iFinancial','education','',0,0,0,0,0,0,0,0,0,2,'2011-12-27 08:08:30'),(69,'iFinancial','family','',0,0,0,0,0,0,0,0,0,2,'2011-12-27 08:08:30'),(70,'iFinancial','financialSetting','',0,0,0,0,0,0,0,0,0,2,'2011-12-27 08:08:30'),(71,'iFinancial','gender','',0,0,0,0,0,0,0,0,0,2,'2011-12-27 08:08:30'),(72,'iFinancial','generalLedgerBudgetPremium','',0,0,0,0,0,0,0,0,0,2,'2011-12-27 08:08:30'),(73,'iFinancial','impair','',0,0,0,0,0,0,0,0,0,2,'2011-12-27 08:08:30'),(74,'iFinancial','invoiceLedgerDetail','',0,0,0,0,0,0,0,0,0,2,'2011-12-27 08:08:30'),(75,'iFinancial','marriage','',0,0,0,0,0,0,0,0,0,2,'2011-12-27 08:08:30'),(76,'iFinancial','paymentLedgerDetail','',0,0,0,0,0,0,0,0,0,2,'2011-12-27 08:08:30'),(77,'iFinancial','race','',0,0,0,0,0,0,0,0,0,2,'2011-12-27 08:08:30'),(78,'iFinancial','religion','',0,0,0,0,0,0,0,0,0,2,'2011-12-27 08:08:30'),(79,'iFinancial','salesLedgerDetail','',0,0,0,0,0,0,0,0,0,2,'2011-12-27 08:08:30'),(80,'iFinancial','salutation','',0,0,0,0,0,0,0,0,0,2,'2011-12-27 08:08:30'),(81,'iFinancial','state','',0,0,0,0,0,0,0,0,0,2,'2011-12-27 08:08:30'),(82,'iFinancial','taxType','',0,0,0,0,0,0,0,0,0,2,'2011-12-27 08:08:30'),(83,'iFinancial','transactionLedgerDetail','',0,0,0,0,0,0,0,0,0,2,'2011-12-27 08:08:30'),(84,'iFinancial','voucherLedgerDetail','',0,0,0,0,0,0,0,0,0,2,'2011-12-27 08:08:30');
/*!40000 ALTER TABLE `tablemappingForeignKey` ENABLE KEYS */;
UNLOCK TABLES;

--
-- Table structure for table `tablemappingForeignKeyTranslate`
--

DROP TABLE IF EXISTS `tablemappingForeignKeyTranslate`;
/*!40101 SET @saved_cs_client     = @@character_set_client */;
/*!40101 SET character_set_client = utf8 */;
CREATE TABLE `tablemappingForeignKeyTranslate` (
  `tableMappingForeignKeyTranslateId` int(11) NOT NULL AUTO_INCREMENT COMMENT 'Mapping|',
  `tableMappingForeignKeyId` int(11) NOT NULL,
  `tableMappingForeignKeyNative` varchar(256) COLLATE utf8_unicode_ci NOT NULL COMMENT 'Native|',
  `languageId` int(11) NOT NULL COMMENT 'Language|',
  `isDefault` tinyint(4) NOT NULL,
  `isNew` tinyint(4) NOT NULL,
  `isDraft` tinyint(4) NOT NULL,
  `isUpdate` tinyint(4) NOT NULL,
  `isDelete` tinyint(4) NOT NULL,
  `isActive` tinyint(4) NOT NULL,
  `isApproved` tinyint(4) NOT NULL,
  `isReview` tinyint(4) NOT NULL,
  `isPost` tinyint(4) NOT NULL,
  `executeBy` int(11) NOT NULL,
  `executeTime` datetime NOT NULL,
  PRIMARY KEY (`tableMappingForeignKeyTranslateId`)
) ENGINE=InnoDB AUTO_INCREMENT=117 DEFAULT CHARSET=utf8 COLLATE=utf8_unicode_ci;
/*!40101 SET character_set_client = @saved_cs_client */;

--
-- Dumping data for table `tablemappingForeignKeyTranslate`
--

LOCK TABLES `tablemappingForeignKeyTranslate` WRITE;
/*!40000 ALTER TABLE `tablemappingForeignKeyTranslate` DISABLE KEYS */;
INSERT INTO `tablemappingForeignKeyTranslate` VALUES (1,1,'adjustment',21,0,0,0,0,0,0,0,0,0,2,'2011-12-12 13:56:05'),(2,2,'Adjustment Detail',21,0,0,0,0,0,0,0,0,0,2,'2011-12-12 13:56:05'),(3,3,'Bank Balance',21,0,0,0,0,0,0,0,0,0,2,'2011-12-12 13:56:05'),(4,4,'Business Partner',21,0,0,0,0,0,0,0,0,0,2,'2011-12-12 13:56:05'),(5,5,'Category',21,0,0,0,0,0,0,0,0,0,2,'2011-12-12 13:56:05'),(6,6,'Contact',21,0,0,0,0,0,0,0,0,0,2,'2011-12-12 13:56:05'),(7,7,'country',21,0,0,0,0,0,0,0,0,0,2,'2011-12-12 13:56:05'),(8,8,'Assign',21,0,0,0,0,0,0,0,0,0,2,'2011-12-12 13:56:05'),(9,9,'Code',21,0,0,0,0,0,0,0,0,0,2,'2011-12-12 13:56:05'),(10,10,'Sequence',21,0,0,0,0,0,0,0,0,0,2,'2011-12-12 13:56:05'),(11,11,'Duration',21,0,0,0,0,0,0,0,0,0,2,'2011-12-12 13:56:05'),(12,12,'Ledger',21,0,0,0,0,0,0,0,0,0,2,'2011-12-12 13:56:05'),(13,13,'Budget',21,0,0,0,0,0,0,0,0,0,2,'2011-12-12 13:56:05'),(14,14,'Type',21,0,0,0,0,0,0,0,0,0,2,'2011-12-12 13:56:05'),(15,15,'Account',21,0,0,0,0,0,0,0,0,0,2,'2011-12-12 13:56:05'),(16,16,'Access',21,0,0,0,0,0,0,0,0,0,2,'2011-12-12 13:56:05'),(17,17,'Dimension',21,0,0,0,0,0,0,0,0,0,2,'2011-12-12 13:56:05'),(18,18,'Type',21,0,0,0,0,0,0,0,0,0,2,'2011-12-12 13:56:05'),(19,19,'Segment',21,0,0,0,0,0,0,0,0,0,2,'2011-12-12 13:56:05'),(20,20,'Type',21,0,0,0,0,0,0,0,0,0,2,'2011-12-12 13:56:05'),(21,21,'Type',21,0,0,0,0,0,0,0,0,0,2,'2011-12-12 13:56:05'),(22,22,'Forecast',21,0,0,0,0,0,0,0,0,0,2,'2011-12-12 13:56:05'),(23,23,'Journal',21,0,0,0,0,0,0,0,0,0,2,'2011-12-12 13:56:05'),(24,24,'Detail',21,0,0,0,0,0,0,0,0,0,2,'2011-12-12 13:56:05'),(25,25,'Type',21,0,0,0,0,0,0,0,0,0,2,'2011-12-12 13:56:05'),(26,26,'Ledger',21,0,0,0,0,0,0,0,0,0,2,'2011-12-12 13:56:05'),(27,27,'Ledger',21,0,0,0,0,0,0,0,0,0,2,'2011-12-12 13:56:05'),(28,28,'Project',21,0,0,0,0,0,0,0,0,0,2,'2011-12-12 13:56:05'),(29,29,'Refund',21,0,0,0,0,0,0,0,0,0,2,'2011-12-12 13:56:05'),(30,30,'Detail',21,0,0,0,0,0,0,0,0,0,2,'2011-12-12 13:56:05'),(31,31,'template',21,0,0,0,0,0,0,0,0,0,2,'2011-12-12 13:56:05'),(32,32,'Ledger',21,0,0,0,0,0,0,0,0,0,2,'2011-12-12 13:56:05'),(33,33,'Ledger',21,0,0,0,0,0,0,0,0,0,2,'2011-12-12 13:56:05'),(34,0,'',21,0,0,0,0,0,0,0,0,0,2,'2011-12-16 05:44:20'),(35,0,'',21,0,0,0,0,0,0,0,0,0,2,'2011-12-16 05:44:20'),(36,0,'',21,0,0,0,0,0,0,0,0,0,2,'2011-12-16 05:44:20'),(37,0,'',21,0,0,0,0,0,0,0,0,0,2,'2011-12-16 05:44:20'),(38,0,'',21,0,0,0,0,0,0,0,0,0,2,'2011-12-16 05:44:20'),(39,0,'',21,0,0,0,0,0,0,0,0,0,2,'2011-12-16 05:44:20'),(40,0,'',21,0,0,0,0,0,0,0,0,0,2,'2011-12-16 05:44:20'),(41,0,'',21,0,0,0,0,0,0,0,0,0,2,'2011-12-16 05:44:20'),(42,0,'',21,0,0,0,0,0,0,0,0,0,2,'2011-12-16 05:44:20'),(43,0,'',21,0,0,0,0,0,0,0,0,0,2,'2011-12-16 05:44:20'),(44,0,'',21,0,0,0,0,0,0,0,0,0,2,'2011-12-16 05:44:20'),(45,0,'',21,0,0,0,0,0,0,0,0,0,2,'2011-12-16 05:44:20'),(46,0,'',21,0,0,0,0,0,0,0,0,0,2,'2011-12-16 05:44:20'),(47,0,'',21,0,0,0,0,0,0,0,0,0,2,'2011-12-16 05:44:20'),(48,0,'',21,0,0,0,0,0,0,0,0,0,2,'2011-12-16 05:44:20'),(49,0,'',21,0,0,0,0,0,0,0,0,0,2,'2011-12-16 05:44:20'),(50,0,'',21,0,0,0,0,0,0,0,0,0,2,'2011-12-16 05:48:18'),(51,0,'',21,0,0,0,0,0,0,0,0,0,2,'2011-12-16 05:48:18'),(52,0,'',21,0,0,0,0,0,0,0,0,0,2,'2011-12-16 05:48:18'),(53,0,'',21,0,0,0,0,0,0,0,0,0,2,'2011-12-16 05:48:18'),(54,0,'',21,0,0,0,0,0,0,0,0,0,2,'2011-12-16 05:48:18'),(55,0,'',21,0,0,0,0,0,0,0,0,0,2,'2011-12-16 05:48:18'),(56,0,'',21,0,0,0,0,0,0,0,0,0,2,'2011-12-16 05:48:18'),(57,0,'',21,0,0,0,0,0,0,0,0,0,2,'2011-12-16 05:48:18'),(58,0,'',21,0,0,0,0,0,0,0,0,0,2,'2011-12-16 05:48:18'),(59,0,'',21,0,0,0,0,0,0,0,0,0,2,'2011-12-16 05:48:18'),(60,0,'',21,0,0,0,0,0,0,0,0,0,2,'2011-12-16 05:48:18'),(61,0,'',21,0,0,0,0,0,0,0,0,0,2,'2011-12-16 05:48:18'),(62,0,'',21,0,0,0,0,0,0,0,0,0,2,'2011-12-16 05:48:18'),(63,0,'',21,0,0,0,0,0,0,0,0,0,2,'2011-12-16 05:48:18'),(64,0,'',21,0,0,0,0,0,0,0,0,0,2,'2011-12-16 05:48:18'),(65,0,'',21,0,0,0,0,0,0,0,0,0,2,'2011-12-16 05:48:18'),(66,34,'Ledger',21,0,0,0,0,0,0,0,0,0,2,'2011-12-16 05:48:49'),(67,35,'Details',21,0,0,0,0,0,0,0,0,0,2,'2011-12-16 05:48:49'),(68,36,'Accounts',21,0,0,0,0,0,0,0,0,0,2,'2011-12-16 05:48:49'),(69,37,'Ledger',21,0,0,0,0,0,0,0,0,0,2,'2011-12-16 05:48:49'),(70,38,'Ledger',21,0,0,0,0,0,0,0,0,0,2,'2011-12-16 05:48:49'),(71,39,'Type',21,0,0,0,0,0,0,0,0,0,2,'2011-12-16 05:48:49'),(72,40,'Dividen',21,0,0,0,0,0,0,0,0,0,2,'2011-12-16 05:48:49'),(73,41,'Category',21,0,0,0,0,0,0,0,0,0,2,'2011-12-16 05:48:49'),(74,42,'Type',21,0,0,0,0,0,0,0,0,0,2,'2011-12-16 05:48:49'),(75,43,'Category',21,0,0,0,0,0,0,0,0,0,2,'2011-12-16 05:48:49'),(76,44,'Type',21,0,0,0,0,0,0,0,0,0,2,'2011-12-16 05:48:49'),(77,45,'Late Interest',21,0,0,0,0,0,0,0,0,0,2,'2011-12-16 05:48:49'),(78,46,'Detail',21,0,0,0,0,0,0,0,0,0,2,'2011-12-16 05:48:49'),(79,47,'Type',21,0,0,0,0,0,0,0,0,0,2,'2011-12-16 05:48:49'),(80,48,'Detail',21,0,0,0,0,0,0,0,0,0,2,'2011-12-16 05:48:49'),(81,49,'Ledger',21,0,0,0,0,0,0,0,0,0,2,'2011-12-16 05:48:49'),(82,50,'Type',21,0,0,0,0,0,0,0,0,0,2,'2011-12-16 08:35:50'),(83,51,'Type',21,0,0,0,0,0,0,0,0,0,2,'2011-12-16 14:32:45'),(84,52,'Ledger',21,0,0,0,0,0,0,0,0,0,2,'2011-12-16 15:16:42'),(85,53,'Details',21,0,0,0,0,0,0,0,0,0,2,'2011-12-16 15:16:42'),(86,54,'Type',21,0,0,0,0,0,0,0,0,0,2,'2011-12-16 15:16:42'),(87,55,'Bank',21,0,0,0,0,0,0,0,0,0,2,'2011-12-19 05:55:39'),(88,56,'Transfer',21,0,0,0,0,0,0,0,0,0,2,'2011-12-19 05:55:39'),(89,57,'PIM',21,0,0,0,0,0,0,0,0,0,2,'2011-12-19 05:55:39'),(90,58,'Detail',21,0,0,0,0,0,0,0,0,0,2,'2011-12-19 05:55:39'),(91,59,'Ledger',21,0,0,0,0,0,0,0,0,0,2,'2011-12-19 05:55:39'),(92,60,'Type',21,0,0,0,0,0,0,0,0,0,2,'2011-12-19 05:55:39'),(93,61,'Detail',21,0,0,0,0,0,0,0,0,0,2,'2011-12-19 05:55:39'),(94,62,'Ledger',21,0,0,0,0,0,0,0,0,0,2,'2011-12-19 05:55:39'),(95,63,'Type',21,0,0,0,0,0,0,0,0,0,2,'2011-12-19 05:55:39'),(96,64,'Allocation',21,0,0,0,0,0,0,0,0,0,2,'2011-12-19 06:19:45'),(97,65,'',21,0,0,0,0,0,0,0,0,0,2,'2011-12-27 08:08:30'),(98,66,'',21,0,0,0,0,0,0,0,0,0,2,'2011-12-27 08:08:30'),(99,67,'',21,0,0,0,0,0,0,0,0,0,2,'2011-12-27 08:08:30'),(100,68,'',21,0,0,0,0,0,0,0,0,0,2,'2011-12-27 08:08:30'),(101,69,'',21,0,0,0,0,0,0,0,0,0,2,'2011-12-27 08:08:30'),(102,70,'',21,0,0,0,0,0,0,0,0,0,2,'2011-12-27 08:08:30'),(103,71,'',21,0,0,0,0,0,0,0,0,0,2,'2011-12-27 08:08:30'),(104,72,'',21,0,0,0,0,0,0,0,0,0,2,'2011-12-27 08:08:30'),(105,73,'',21,0,0,0,0,0,0,0,0,0,2,'2011-12-27 08:08:30'),(106,74,'',21,0,0,0,0,0,0,0,0,0,2,'2011-12-27 08:08:30'),(107,75,'',21,0,0,0,0,0,0,0,0,0,2,'2011-12-27 08:08:30'),(108,76,'',21,0,0,0,0,0,0,0,0,0,2,'2011-12-27 08:08:30'),(109,77,'',21,0,0,0,0,0,0,0,0,0,2,'2011-12-27 08:08:30'),(110,78,'',21,0,0,0,0,0,0,0,0,0,2,'2011-12-27 08:08:30'),(111,79,'',21,0,0,0,0,0,0,0,0,0,2,'2011-12-27 08:08:30'),(112,80,'',21,0,0,0,0,0,0,0,0,0,2,'2011-12-27 08:08:30'),(113,81,'',21,0,0,0,0,0,0,0,0,0,2,'2011-12-27 08:08:30'),(114,82,'',21,0,0,0,0,0,0,0,0,0,2,'2011-12-27 08:08:30'),(115,83,'',21,0,0,0,0,0,0,0,0,0,2,'2011-12-27 08:08:30'),(116,84,'',21,0,0,0,0,0,0,0,0,0,2,'2011-12-27 08:08:30');
/*!40000 ALTER TABLE `tablemappingForeignKeyTranslate` ENABLE KEYS */;
UNLOCK TABLES;

--
-- Table structure for table `tablemappingVirtual`
--

DROP TABLE IF EXISTS `tablemappingVirtual`;
/*!40101 SET @saved_cs_client     = @@character_set_client */;
/*!40101 SET character_set_client = utf8 */;
CREATE TABLE `tablemappingVirtual` (
  `tableMappingVirtualId` int(11) NOT NULL AUTO_INCREMENT COMMENT 'Mapping|',
  `tableMappingVirtualEnglish` varchar(128) COLLATE utf8_unicode_ci NOT NULL COMMENT 'English|',
  `isDefault` tinyint(1) NOT NULL,
  `isNew` tinyint(1) NOT NULL,
  `isDraft` tinyint(1) NOT NULL,
  `isUpdate` tinyint(1) NOT NULL,
  `isDelete` tinyint(1) NOT NULL,
  `isActive` tinyint(1) NOT NULL,
  `isApproved` tinyint(1) NOT NULL,
  `isReview` tinyint(1) NOT NULL,
  `isPost` tinyint(1) NOT NULL,
  `executeBy` int(11) NOT NULL,
  `executeTime` datetime NOT NULL,
  PRIMARY KEY (`tableMappingVirtualId`)
) ENGINE=InnoDB AUTO_INCREMENT=16 DEFAULT CHARSET=utf8 COLLATE=utf8_unicode_ci;
/*!40101 SET character_set_client = @saved_cs_client */;

--
-- Dumping data for table `tablemappingVirtual`
--

LOCK TABLES `tablemappingVirtual` WRITE;
/*!40000 ALTER TABLE `tablemappingVirtual` DISABLE KEYS */;
INSERT INTO `tablemappingVirtual` VALUES (1,'Debit',0,1,0,0,0,1,0,0,0,2,'2011-12-13 11:42:46'),(2,'Credit',0,1,0,0,0,1,0,0,0,2,'2011-12-13 11:42:46'),(3,'Balance',0,1,0,0,0,1,0,0,0,2,'2011-12-13 11:42:46'),(4,'January',0,1,0,0,0,1,0,0,0,2,'2011-12-13 11:42:46'),(5,'February',0,1,0,0,0,1,0,0,0,2,'2011-12-13 11:42:46'),(6,'March',0,1,0,0,0,1,0,0,0,2,'2011-12-13 11:42:46'),(7,'April',0,1,0,0,0,1,0,0,0,2,'2011-12-13 11:42:46'),(8,'May',0,1,0,0,0,1,0,0,0,2,'2011-12-13 11:42:46'),(9,'Jun',0,1,0,0,0,1,0,0,0,2,'2011-12-13 11:42:46'),(10,'July',0,1,0,0,0,1,0,0,0,2,'2011-12-13 11:42:46'),(11,'August',0,1,0,0,0,1,0,0,0,2,'2011-12-13 11:42:46'),(12,'September',0,1,0,0,0,1,0,0,0,2,'2011-12-13 11:42:46'),(13,'November',0,1,0,0,0,1,0,0,0,2,'2011-12-13 11:42:46'),(14,'Disember',0,1,0,0,0,1,0,0,0,2,'2011-12-13 11:42:46'),(15,'Date Range',0,1,0,0,0,1,0,0,0,2,'2011-12-13 11:42:46');
/*!40000 ALTER TABLE `tablemappingVirtual` ENABLE KEYS */;
UNLOCK TABLES;

--
-- Table structure for table `tablemappingVirtualTranslate`
--

DROP TABLE IF EXISTS `tablemappingVirtualTranslate`;
/*!40101 SET @saved_cs_client     = @@character_set_client */;
/*!40101 SET character_set_client = utf8 */;
CREATE TABLE `tablemappingVirtualTranslate` (
  `tableMappingVirtualTranslateId` int(11) NOT NULL AUTO_INCREMENT COMMENT 'Mapping|',
  `tableMappingVirtualId` int(11) NOT NULL,
  `tableMappingVirtualNative` varchar(256) COLLATE utf8_unicode_ci NOT NULL COMMENT 'Native|',
  `languageId` int(11) NOT NULL COMMENT 'Language|',
  `isDefault` tinyint(4) NOT NULL,
  `isNew` tinyint(4) NOT NULL,
  `isDraft` tinyint(4) NOT NULL,
  `isUpdate` tinyint(4) NOT NULL,
  `isDelete` tinyint(4) NOT NULL,
  `isActive` tinyint(4) NOT NULL,
  `isApproved` tinyint(4) NOT NULL,
  `isReview` tinyint(4) NOT NULL,
  `isPost` tinyint(4) NOT NULL,
  `executeBy` int(11) NOT NULL,
  `executeTime` datetime NOT NULL,
  PRIMARY KEY (`tableMappingVirtualTranslateId`),
  KEY `tableMappingId` (`tableMappingVirtualId`)
) ENGINE=InnoDB DEFAULT CHARSET=utf8 COLLATE=utf8_unicode_ci;
/*!40101 SET character_set_client = @saved_cs_client */;

--
-- Dumping data for table `tablemappingVirtualTranslate`
--

LOCK TABLES `tablemappingVirtualTranslate` WRITE;
/*!40000 ALTER TABLE `tablemappingVirtualTranslate` DISABLE KEYS */;
/*!40000 ALTER TABLE `tablemappingVirtualTranslate` ENABLE KEYS */;
UNLOCK TABLES;

--
-- Table structure for table `tablemappingtranslate`
--

DROP TABLE IF EXISTS `tablemappingtranslate`;
/*!40101 SET @saved_cs_client     = @@character_set_client */;
/*!40101 SET character_set_client = utf8 */;
CREATE TABLE `tablemappingtranslate` (
  `tableMappingTranslateId` int(11) NOT NULL AUTO_INCREMENT COMMENT 'Mapping|',
  `tableMappingId` int(11) NOT NULL,
  `tableMappingNative` varchar(256) COLLATE utf8_unicode_ci NOT NULL COMMENT 'Native|',
  `languageId` int(11) NOT NULL COMMENT 'Language|',
  `isDefault` tinyint(4) NOT NULL,
  `isNew` tinyint(4) NOT NULL,
  `isDraft` tinyint(4) NOT NULL,
  `isUpdate` tinyint(4) NOT NULL,
  `isDelete` tinyint(4) NOT NULL,
  `isActive` tinyint(4) NOT NULL,
  `isApproved` tinyint(4) NOT NULL,
  `isReview` tinyint(4) NOT NULL,
  `isPost` tinyint(4) NOT NULL,
  `executeBy` int(11) NOT NULL,
  `executeTime` datetime NOT NULL,
  PRIMARY KEY (`tableMappingTranslateId`),
  KEY `tableMappingId` (`tableMappingId`),
  CONSTRAINT `tablemappingtranslate_ibfk_1` FOREIGN KEY (`tableMappingId`) REFERENCES `tablemapping` (`tableMappingId`) ON DELETE CASCADE ON UPDATE CASCADE
) ENGINE=InnoDB AUTO_INCREMENT=20604 DEFAULT CHARSET=utf8 COLLATE=utf8_unicode_ci;
/*!40101 SET character_set_client = @saved_cs_client */;

--
-- Dumping data for table `tablemappingtranslate`
--

LOCK TABLES `tablemappingtranslate` WRITE;
/*!40000 ALTER TABLE `tablemappingtranslate` DISABLE KEYS */;
INSERT INTO `tablemappingtranslate` VALUES (1,1,'log',21,0,0,0,0,0,0,0,0,0,2,'2011-12-01 09:22:48'),(2,2,'leaf',21,0,0,0,0,0,0,0,0,0,2,'2011-12-01 09:22:48'),(3,3,'Operation',21,0,0,0,0,0,0,0,0,0,2,'2011-12-01 09:22:48'),(4,4,'Sql',21,0,0,0,0,0,0,0,0,0,2,'2011-12-01 09:22:48'),(5,5,'Date',21,0,0,0,0,0,0,0,0,0,2,'2011-12-01 09:22:48'),(6,6,'staff',21,0,0,0,0,0,0,0,0,0,2,'2011-12-01 09:22:48'),(7,7,'Access',21,0,0,0,0,0,0,0,0,0,2,'2011-12-01 09:22:49'),(8,8,'Error',21,0,0,0,0,0,0,0,0,0,2,'2011-12-01 09:22:49'),(9,9,'logAdvance',21,0,0,0,0,0,0,0,0,0,2,'2011-12-01 09:22:49'),(10,10,'Log Text',21,0,0,0,0,0,0,0,0,0,2,'2011-12-01 09:22:49'),(11,11,'Log Type',21,0,0,0,0,0,0,0,0,0,2,'2011-12-01 09:22:49'),(12,12,'Log Comparision',21,0,0,0,0,0,0,0,0,0,2,'2011-12-01 09:22:49'),(13,13,'Ref Name',21,0,0,0,0,0,0,0,0,0,2,'2011-12-01 09:22:49'),(14,14,'leaf',21,0,0,0,0,0,0,0,0,0,2,'2011-12-01 09:22:49'),(15,15,'By',21,0,0,0,0,0,0,0,0,0,2,'2011-12-01 09:22:49'),(16,16,'Time',21,0,0,0,0,0,0,0,0,0,2,'2011-12-01 09:22:49'),(18742,18742,'adjustmentLedger',21,0,0,0,0,0,0,0,0,0,2,'2011-12-27 08:08:11'),(18743,18743,'Document No',21,0,0,0,0,0,0,0,0,0,2,'2011-12-27 08:08:11'),(18744,18744,'Reference No',21,0,0,0,0,0,0,0,0,0,2,'2011-12-27 08:08:11'),(18745,18745,'Ledger Title',21,0,0,0,0,0,0,0,0,0,2,'2011-12-27 08:08:11'),(18746,18746,'Ledger Desc',21,0,0,0,0,0,0,0,0,0,2,'2011-12-27 08:08:11'),(18747,18747,'Ledger Date',21,0,0,0,0,0,0,0,0,0,2,'2011-12-27 08:08:11'),(18748,18748,'Ledger Amount',21,0,0,0,0,0,0,0,0,0,2,'2011-12-27 08:08:11'),(18749,18749,'businessPartner',21,0,0,0,0,0,0,0,0,0,2,'2011-12-27 08:08:11'),(18750,18750,'invoiceCategory',21,0,0,0,0,0,0,0,0,0,2,'2011-12-27 08:08:11'),(18751,18751,'invoiceType',21,0,0,0,0,0,0,0,0,0,2,'2011-12-27 08:08:11'),(18752,18752,'invoice',21,0,0,0,0,0,0,0,0,0,2,'2011-12-27 08:08:11'),(18753,18753,'Default',21,0,0,0,0,0,0,0,0,0,2,'2011-12-27 08:08:11'),(18754,18754,'New',21,0,0,0,0,0,0,0,0,0,2,'2011-12-27 08:08:11'),(18755,18755,'Draft',21,0,0,0,0,0,0,0,0,0,2,'2011-12-27 08:08:11'),(18756,18756,'Update',21,0,0,0,0,0,0,0,0,0,2,'2011-12-27 08:08:11'),(18757,18757,'Delete',21,0,0,0,0,0,0,0,0,0,2,'2011-12-27 08:08:11'),(18758,18758,'Active',21,0,0,0,0,0,0,0,0,0,2,'2011-12-27 08:08:11'),(18759,18759,'Approved',21,0,0,0,0,0,0,0,0,0,2,'2011-12-27 08:08:11'),(18760,18760,'Review',21,0,0,0,0,0,0,0,0,0,2,'2011-12-27 08:08:11'),(18761,18761,'Post',21,0,0,0,0,0,0,0,0,0,2,'2011-12-27 08:08:11'),(18762,18762,'By',21,0,0,0,0,0,0,0,0,0,2,'2011-12-27 08:08:11'),(18763,18763,'Time',21,0,0,0,0,0,0,0,0,0,2,'2011-12-27 08:08:11'),(18764,18764,'adjustmentLedger',21,0,0,0,0,0,0,0,0,0,2,'2011-12-27 08:08:11'),(18765,18765,'AdjustmentType',21,0,0,0,0,0,0,0,0,0,2,'2011-12-27 08:08:11'),(18766,18766,'Document No',21,0,0,0,0,0,0,0,0,0,2,'2011-12-27 08:08:11'),(18767,18767,'Reference No',21,0,0,0,0,0,0,0,0,0,2,'2011-12-27 08:08:11'),(18768,18768,'Title',21,0,0,0,0,0,0,0,0,0,2,'2011-12-27 08:08:11'),(18769,18769,'Desc',21,0,0,0,0,0,0,0,0,0,2,'2011-12-27 08:08:11'),(18770,18770,'Date',21,0,0,0,0,0,0,0,0,0,2,'2011-12-27 08:08:11'),(18771,18771,'Amount',21,0,0,0,0,0,0,0,0,0,2,'2011-12-27 08:08:11'),(18772,18772,'businessPartner',21,0,0,0,0,0,0,0,0,0,2,'2011-12-27 08:08:11'),(18773,18773,'invoiceCategory',21,0,0,0,0,0,0,0,0,0,2,'2011-12-27 08:08:11'),(18774,18774,'invoiceType',21,0,0,0,0,0,0,0,0,0,2,'2011-12-27 08:08:11'),(18775,18775,'invoiceLedger',21,0,0,0,0,0,0,0,0,0,2,'2011-12-27 08:08:11'),(18776,18776,'Default',21,0,0,0,0,0,0,0,0,0,2,'2011-12-27 08:08:11'),(18777,18777,'New',21,0,0,0,0,0,0,0,0,0,2,'2011-12-27 08:08:11'),(18778,18778,'Draft',21,0,0,0,0,0,0,0,0,0,2,'2011-12-27 08:08:11'),(18779,18779,'Update',21,0,0,0,0,0,0,0,0,0,2,'2011-12-27 08:08:11'),(18780,18780,'Delete',21,0,0,0,0,0,0,0,0,0,2,'2011-12-27 08:08:11'),(18781,18781,'Active',21,0,0,0,0,0,0,0,0,0,2,'2011-12-27 08:08:11'),(18782,18782,'Approved',21,0,0,0,0,0,0,0,0,0,2,'2011-12-27 08:08:11'),(18783,18783,'Review',21,0,0,0,0,0,0,0,0,0,2,'2011-12-27 08:08:11'),(18784,18784,'Post',21,0,0,0,0,0,0,0,0,0,2,'2011-12-27 08:08:11'),(18785,18785,'By',21,0,0,0,0,0,0,0,0,0,2,'2011-12-27 08:08:11'),(18786,18786,'Time',21,0,0,0,0,0,0,0,0,0,2,'2011-12-27 08:08:11'),(18787,18787,'adjustmentType',21,0,0,0,0,0,0,0,0,0,2,'2011-12-27 08:08:11'),(18788,18788,'Sequence',21,0,0,0,0,0,0,0,0,0,2,'2011-12-27 08:08:11'),(18789,18789,'Code',21,0,0,0,0,0,0,0,0,0,2,'2011-12-27 08:08:11'),(18790,18790,'Desc',21,0,0,0,0,0,0,0,0,0,2,'2011-12-27 08:08:11'),(18791,18791,'Note',21,0,0,0,0,0,0,0,0,0,2,'2011-12-27 08:08:11'),(18792,18792,'Default',21,0,0,0,0,0,0,0,0,0,2,'2011-12-27 08:08:11'),(18793,18793,'New',21,0,0,0,0,0,0,0,0,0,2,'2011-12-27 08:08:11'),(18794,18794,'Draft',21,0,0,0,0,0,0,0,0,0,2,'2011-12-27 08:08:11'),(18795,18795,'Update',21,0,0,0,0,0,0,0,0,0,2,'2011-12-27 08:08:11'),(18796,18796,'Delete',21,0,0,0,0,0,0,0,0,0,2,'2011-12-27 08:08:11'),(18797,18797,'Active',21,0,0,0,0,0,0,0,0,0,2,'2011-12-27 08:08:11'),(18798,18798,'Approved',21,0,0,0,0,0,0,0,0,0,2,'2011-12-27 08:08:11'),(18799,18799,'Review',21,0,0,0,0,0,0,0,0,0,2,'2011-12-27 08:08:11'),(18800,18800,'Post',21,0,0,0,0,0,0,0,0,0,2,'2011-12-27 08:08:11'),(18801,18801,'By',21,0,0,0,0,0,0,0,0,0,2,'2011-12-27 08:08:11'),(18802,18802,'Time',21,0,0,0,0,0,0,0,0,0,2,'2011-12-27 08:08:11'),(18803,18803,'bank',21,0,0,0,0,0,0,0,0,0,2,'2011-12-27 08:08:11'),(18804,18804,'generalLedgerChartOfAccount',21,0,0,0,0,0,0,0,0,0,2,'2011-12-27 08:08:11'),(18805,18805,'Sequence',21,0,0,0,0,0,0,0,0,0,2,'2011-12-27 08:08:11'),(18806,18806,'Code',21,0,0,0,0,0,0,0,0,0,2,'2011-12-27 08:08:11'),(18807,18807,'Swift Code',21,0,0,0,0,0,0,0,0,0,2,'2011-12-27 08:08:11'),(18808,18808,'Swift City',21,0,0,0,0,0,0,0,0,0,2,'2011-12-27 08:08:11'),(18809,18809,'Swift Branch',21,0,0,0,0,0,0,0,0,0,2,'2011-12-27 08:08:11'),(18810,18810,'Meps Code',21,0,0,0,0,0,0,0,0,0,2,'2011-12-27 08:08:11'),(18811,18811,'Desc',21,0,0,0,0,0,0,0,0,0,2,'2011-12-27 08:08:11'),(18812,18812,'Account',21,0,0,0,0,0,0,0,0,0,2,'2011-12-27 08:08:11'),(18813,18813,'Default',21,0,0,0,0,0,0,0,0,0,2,'2011-12-27 08:08:11'),(18814,18814,'New',21,0,0,0,0,0,0,0,0,0,2,'2011-12-27 08:08:11'),(18815,18815,'Draft',21,0,0,0,0,0,0,0,0,0,2,'2011-12-27 08:08:11'),(18816,18816,'Update',21,0,0,0,0,0,0,0,0,0,2,'2011-12-27 08:08:11'),(18817,18817,'Delete',21,0,0,0,0,0,0,0,0,0,2,'2011-12-27 08:08:11'),(18818,18818,'Active',21,0,0,0,0,0,0,0,0,0,2,'2011-12-27 08:08:11'),(18819,18819,'Approved',21,0,0,0,0,0,0,0,0,0,2,'2011-12-27 08:08:11'),(18820,18820,'Review',21,0,0,0,0,0,0,0,0,0,2,'2011-12-27 08:08:11'),(18821,18821,'Post',21,0,0,0,0,0,0,0,0,0,2,'2011-12-27 08:08:11'),(18822,18822,'Is Account',21,0,0,0,0,0,0,0,0,0,2,'2011-12-27 08:08:11'),(18823,18823,'Is Account',21,0,0,0,0,0,0,0,0,0,2,'2011-12-27 08:08:11'),(18824,18824,'Is Account',21,0,0,0,0,0,0,0,0,0,2,'2011-12-27 08:08:11'),(18825,18825,'Is Account',21,0,0,0,0,0,0,0,0,0,2,'2011-12-27 08:08:11'),(18826,18826,'By',21,0,0,0,0,0,0,0,0,0,2,'2011-12-27 08:08:11'),(18827,18827,'Time',21,0,0,0,0,0,0,0,0,0,2,'2011-12-27 08:08:11'),(18828,18828,'bankBalance',21,0,0,0,0,0,0,0,0,0,2,'2011-12-27 08:08:11'),(18829,18829,'Cash Amount',21,0,0,0,0,0,0,0,0,0,2,'2011-12-27 08:08:11'),(18830,18830,'Cheque Amount',21,0,0,0,0,0,0,0,0,0,2,'2011-12-27 08:08:11'),(18831,18831,'Month',21,0,0,0,0,0,0,0,0,0,2,'2011-12-27 08:08:11'),(18832,18832,'Year',21,0,0,0,0,0,0,0,0,0,2,'2011-12-27 08:08:11'),(18833,18833,'Default',21,0,0,0,0,0,0,0,0,0,2,'2011-12-27 08:08:11'),(18834,18834,'New',21,0,0,0,0,0,0,0,0,0,2,'2011-12-27 08:08:11'),(18835,18835,'Draft',21,0,0,0,0,0,0,0,0,0,2,'2011-12-27 08:08:11'),(18836,18836,'Update',21,0,0,0,0,0,0,0,0,0,2,'2011-12-27 08:08:11'),(18837,18837,'Delete',21,0,0,0,0,0,0,0,0,0,2,'2011-12-27 08:08:11'),(18838,18838,'Active',21,0,0,0,0,0,0,0,0,0,2,'2011-12-27 08:08:11'),(18839,18839,'Approved',21,0,0,0,0,0,0,0,0,0,2,'2011-12-27 08:08:11'),(18840,18840,'Review',21,0,0,0,0,0,0,0,0,0,2,'2011-12-27 08:08:11'),(18841,18841,'Post',21,0,0,0,0,0,0,0,0,0,2,'2011-12-27 08:08:11'),(18842,18842,'By',21,0,0,0,0,0,0,0,0,0,2,'2011-12-27 08:08:11'),(18843,18843,'Time',21,0,0,0,0,0,0,0,0,0,2,'2011-12-27 08:08:11'),(18844,18844,'bankTransfer',21,0,0,0,0,0,0,0,0,0,2,'2011-12-27 08:08:11'),(18845,18845,'Document No',21,0,0,0,0,0,0,0,0,0,2,'2011-12-27 08:08:11'),(18846,18846,'Reference No',21,0,0,0,0,0,0,0,0,0,2,'2011-12-27 08:08:11'),(18847,18847,'bank',21,0,0,0,0,0,0,0,0,0,2,'2011-12-27 08:08:11'),(18848,18848,'businessPartner',21,0,0,0,0,0,0,0,0,0,2,'2011-12-27 08:08:11'),(18849,18849,'Amount',21,0,0,0,0,0,0,0,0,0,2,'2011-12-27 08:08:11'),(18850,18850,'Date',21,0,0,0,0,0,0,0,0,0,2,'2011-12-27 08:08:11'),(18851,18851,'Desc',21,0,0,0,0,0,0,0,0,0,2,'2011-12-27 08:08:11'),(18852,18852,'Default',21,0,0,0,0,0,0,0,0,0,2,'2011-12-27 08:08:11'),(18853,18853,'New',21,0,0,0,0,0,0,0,0,0,2,'2011-12-27 08:08:11'),(18854,18854,'Draft',21,0,0,0,0,0,0,0,0,0,2,'2011-12-27 08:08:11'),(18855,18855,'Update',21,0,0,0,0,0,0,0,0,0,2,'2011-12-27 08:08:11'),(18856,18856,'Delete',21,0,0,0,0,0,0,0,0,0,2,'2011-12-27 08:08:11'),(18857,18857,'Active',21,0,0,0,0,0,0,0,0,0,2,'2011-12-27 08:08:11'),(18858,18858,'Approved',21,0,0,0,0,0,0,0,0,0,2,'2011-12-27 08:08:11'),(18859,18859,'Review',21,0,0,0,0,0,0,0,0,0,2,'2011-12-27 08:08:11'),(18860,18860,'Post',21,0,0,0,0,0,0,0,0,0,2,'2011-12-27 08:08:11'),(18861,18861,'By',21,0,0,0,0,0,0,0,0,0,2,'2011-12-27 08:08:11'),(18862,18862,'Time',21,0,0,0,0,0,0,0,0,0,2,'2011-12-27 08:08:11'),(18863,18863,'businessPartner',21,0,0,0,0,0,0,0,0,0,2,'2011-12-27 08:08:11'),(18864,18864,'Company',21,0,0,0,0,0,0,0,0,0,2,'2011-12-27 08:08:11'),(18865,18865,'Last Name',21,0,0,0,0,0,0,0,0,0,2,'2011-12-27 08:08:11'),(18866,18866,'First Name',21,0,0,0,0,0,0,0,0,0,2,'2011-12-27 08:08:11'),(18867,18867,'Email',21,0,0,0,0,0,0,0,0,0,2,'2011-12-27 08:08:11'),(18868,18868,'Job Title',21,0,0,0,0,0,0,0,0,0,2,'2011-12-27 08:08:11'),(18869,18869,'Business Phone',21,0,0,0,0,0,0,0,0,0,2,'2011-12-27 08:08:11'),(18870,18870,'Home Phone',21,0,0,0,0,0,0,0,0,0,2,'2011-12-27 08:08:11'),(18871,18871,'Mobile Phone',21,0,0,0,0,0,0,0,0,0,2,'2011-12-27 08:08:11'),(18872,18872,'Fax Num',21,0,0,0,0,0,0,0,0,0,2,'2011-12-27 08:08:11'),(18873,18873,'Address',21,0,0,0,0,0,0,0,0,0,2,'2011-12-27 08:08:11'),(18874,18874,'City',21,0,0,0,0,0,0,0,0,0,2,'2011-12-27 08:08:11'),(18875,18875,'State',21,0,0,0,0,0,0,0,0,0,2,'2011-12-27 08:08:11'),(18876,18876,'Post Code',21,0,0,0,0,0,0,0,0,0,2,'2011-12-27 08:08:11'),(18877,18877,'Country',21,0,0,0,0,0,0,0,0,0,2,'2011-12-27 08:08:11'),(18878,18878,'Web Page',21,0,0,0,0,0,0,0,0,0,2,'2011-12-27 08:08:11'),(18879,18879,'Notes',21,0,0,0,0,0,0,0,0,0,2,'2011-12-27 08:08:11'),(18880,18880,'Attachments',21,0,0,0,0,0,0,0,0,0,2,'2011-12-27 08:08:11'),(18881,18881,'Date',21,0,0,0,0,0,0,0,0,0,2,'2011-12-27 08:08:11'),(18882,18882,'businessPartnerCategory',21,0,0,0,0,0,0,0,0,0,2,'2011-12-27 08:08:11'),(18883,18883,'S Account',21,0,0,0,0,0,0,0,0,0,2,'2011-12-27 08:08:11'),(18884,18884,'Default',21,0,0,0,0,0,0,0,0,0,2,'2011-12-27 08:08:11'),(18885,18885,'New',21,0,0,0,0,0,0,0,0,0,2,'2011-12-27 08:08:11'),(18886,18886,'Draft',21,0,0,0,0,0,0,0,0,0,2,'2011-12-27 08:08:11'),(18887,18887,'Update',21,0,0,0,0,0,0,0,0,0,2,'2011-12-27 08:08:11'),(18888,18888,'Delete',21,0,0,0,0,0,0,0,0,0,2,'2011-12-27 08:08:11'),(18889,18889,'Active',21,0,0,0,0,0,0,0,0,0,2,'2011-12-27 08:08:11'),(18890,18890,'Approved',21,0,0,0,0,0,0,0,0,0,2,'2011-12-27 08:08:11'),(18891,18891,'Review',21,0,0,0,0,0,0,0,0,0,2,'2011-12-27 08:08:11'),(18892,18892,'Post',21,0,0,0,0,0,0,0,0,0,2,'2011-12-27 08:08:11'),(18893,18893,'By',21,0,0,0,0,0,0,0,0,0,2,'2011-12-27 08:08:11'),(18894,18894,'Time',21,0,0,0,0,0,0,0,0,0,2,'2011-12-27 08:08:11'),(18895,18895,'businessPartnerAccounts',21,0,0,0,0,0,0,0,0,0,2,'2011-12-27 08:08:11'),(18896,18896,'businessPartner',21,0,0,0,0,0,0,0,0,0,2,'2011-12-27 08:08:11'),(18897,18897,'generalLedgerChartOfAccount',21,0,0,0,0,0,0,0,0,0,2,'2011-12-27 08:08:11'),(18898,18898,'Default',21,0,0,0,0,0,0,0,0,0,2,'2011-12-27 08:08:11'),(18899,18899,'New',21,0,0,0,0,0,0,0,0,0,2,'2011-12-27 08:08:11'),(18900,18900,'Draft',21,0,0,0,0,0,0,0,0,0,2,'2011-12-27 08:08:11'),(18901,18901,'Update',21,0,0,0,0,0,0,0,0,0,2,'2011-12-27 08:08:11'),(18902,18902,'Delete',21,0,0,0,0,0,0,0,0,0,2,'2011-12-27 08:08:11'),(18903,18903,'Active',21,0,0,0,0,0,0,0,0,0,2,'2011-12-27 08:08:11'),(18904,18904,'Approved',21,0,0,0,0,0,0,0,0,0,2,'2011-12-27 08:08:11'),(18905,18905,'Review',21,0,0,0,0,0,0,0,0,0,2,'2011-12-27 08:08:11'),(18906,18906,'Post',21,0,0,0,0,0,0,0,0,0,2,'2011-12-27 08:08:11'),(18907,18907,'By',21,0,0,0,0,0,0,0,0,0,2,'2011-12-27 08:08:11'),(18908,18908,'Time',21,0,0,0,0,0,0,0,0,0,2,'2011-12-27 08:08:11'),(18909,18909,'businessPartnerCategory',21,0,0,0,0,0,0,0,0,0,2,'2011-12-27 08:08:11'),(18910,18910,'Desc',21,0,0,0,0,0,0,0,0,0,2,'2011-12-27 08:08:11'),(18911,18911,'Default',21,0,0,0,0,0,0,0,0,0,2,'2011-12-27 08:08:11'),(18912,18912,'New',21,0,0,0,0,0,0,0,0,0,2,'2011-12-27 08:08:11'),(18913,18913,'Draft',21,0,0,0,0,0,0,0,0,0,2,'2011-12-27 08:08:11'),(18914,18914,'Update',21,0,0,0,0,0,0,0,0,0,2,'2011-12-27 08:08:11'),(18915,18915,'Delete',21,0,0,0,0,0,0,0,0,0,2,'2011-12-27 08:08:11'),(18916,18916,'Active',21,0,0,0,0,0,0,0,0,0,2,'2011-12-27 08:08:11'),(18917,18917,'Approved',21,0,0,0,0,0,0,0,0,0,2,'2011-12-27 08:08:11'),(18918,18918,'Review',21,0,0,0,0,0,0,0,0,0,2,'2011-12-27 08:08:11'),(18919,18919,'Post',21,0,0,0,0,0,0,0,0,0,2,'2011-12-27 08:08:11'),(18920,18920,'By',21,0,0,0,0,0,0,0,0,0,2,'2011-12-27 08:08:11'),(18921,18921,'Time',21,0,0,0,0,0,0,0,0,0,2,'2011-12-27 08:08:11'),(18922,18922,'businessPartnerContact',21,0,0,0,0,0,0,0,0,0,2,'2011-12-27 08:08:11'),(18923,18923,'businessPatner',21,0,0,0,0,0,0,0,0,0,2,'2011-12-27 08:08:11'),(18924,18924,'Name',21,0,0,0,0,0,0,0,0,0,2,'2011-12-27 08:08:11'),(18925,18925,'Title',21,0,0,0,0,0,0,0,0,0,2,'2011-12-27 08:08:11'),(18926,18926,'Phone',21,0,0,0,0,0,0,0,0,0,2,'2011-12-27 08:08:11'),(18927,18927,'Email',21,0,0,0,0,0,0,0,0,0,2,'2011-12-27 08:08:11'),(18928,18928,'Default',21,0,0,0,0,0,0,0,0,0,2,'2011-12-27 08:08:11'),(18929,18929,'New',21,0,0,0,0,0,0,0,0,0,2,'2011-12-27 08:08:11'),(18930,18930,'Draft',21,0,0,0,0,0,0,0,0,0,2,'2011-12-27 08:08:11'),(18931,18931,'Update',21,0,0,0,0,0,0,0,0,0,2,'2011-12-27 08:08:11'),(18932,18932,'Delete',21,0,0,0,0,0,0,0,0,0,2,'2011-12-27 08:08:11'),(18933,18933,'Active',21,0,0,0,0,0,0,0,0,0,2,'2011-12-27 08:08:11'),(18934,18934,'Approved',21,0,0,0,0,0,0,0,0,0,2,'2011-12-27 08:08:11'),(18935,18935,'Review',21,0,0,0,0,0,0,0,0,0,2,'2011-12-27 08:08:11'),(18936,18936,'Post',21,0,0,0,0,0,0,0,0,0,2,'2011-12-27 08:08:11'),(18937,18937,'By',21,0,0,0,0,0,0,0,0,0,2,'2011-12-27 08:08:11'),(18938,18938,'Time',21,0,0,0,0,0,0,0,0,0,2,'2011-12-27 08:08:11'),(18939,18939,'businessPartnerPersonelInfo',21,0,0,0,0,0,0,0,0,0,2,'2011-12-27 08:08:11'),(18940,18940,'race',21,0,0,0,0,0,0,0,0,0,2,'2011-12-27 08:08:11'),(18941,18941,'religion',21,0,0,0,0,0,0,0,0,0,2,'2011-12-27 08:08:11'),(18942,18942,'marrige',21,0,0,0,0,0,0,0,0,0,2,'2011-12-27 08:08:11'),(18943,18943,'education',21,0,0,0,0,0,0,0,0,0,2,'2011-12-27 08:08:11'),(18944,18944,'company',21,0,0,0,0,0,0,0,0,0,2,'2011-12-27 08:08:11'),(18945,18945,'department',21,0,0,0,0,0,0,0,0,0,2,'2011-12-27 08:08:11'),(18946,18946,'Business Partner Birth   Date',21,0,0,0,0,0,0,0,0,0,2,'2011-12-27 08:08:11'),(18947,18947,'Business Weight',21,0,0,0,0,0,0,0,0,0,2,'2011-12-27 08:08:11'),(18948,18948,'Business Height',21,0,0,0,0,0,0,0,0,0,2,'2011-12-27 08:08:11'),(18949,18949,'Default',21,0,0,0,0,0,0,0,0,0,2,'2011-12-27 08:08:11'),(18950,18950,'New',21,0,0,0,0,0,0,0,0,0,2,'2011-12-27 08:08:11'),(18951,18951,'Draft',21,0,0,0,0,0,0,0,0,0,2,'2011-12-27 08:08:11'),(18952,18952,'Update',21,0,0,0,0,0,0,0,0,0,2,'2011-12-27 08:08:11'),(18953,18953,'Delete',21,0,0,0,0,0,0,0,0,0,2,'2011-12-27 08:08:11'),(18954,18954,'Active',21,0,0,0,0,0,0,0,0,0,2,'2011-12-27 08:08:11'),(18955,18955,'Approved',21,0,0,0,0,0,0,0,0,0,2,'2011-12-27 08:08:11'),(18956,18956,'Review',21,0,0,0,0,0,0,0,0,0,2,'2011-12-27 08:08:11'),(18957,18957,'Post',21,0,0,0,0,0,0,0,0,0,2,'2011-12-27 08:08:11'),(18958,18958,'By',21,0,0,0,0,0,0,0,0,0,2,'2011-12-27 08:08:11'),(18959,18959,'Time',21,0,0,0,0,0,0,0,0,0,2,'2011-12-27 08:08:11'),(18960,18960,'country',21,0,0,0,0,0,0,0,0,0,2,'2011-12-27 08:08:11'),(18961,18961,'Sequence',21,0,0,0,0,0,0,0,0,0,2,'2011-12-27 08:08:11'),(18962,18962,'Code',21,0,0,0,0,0,0,0,0,0,2,'2011-12-27 08:08:11'),(18963,18963,'Currency Code',21,0,0,0,0,0,0,0,0,0,2,'2011-12-27 08:08:11'),(18964,18964,'Currency Desc',21,0,0,0,0,0,0,0,0,0,2,'2011-12-27 08:08:11'),(18965,18965,'Desc',21,0,0,0,0,0,0,0,0,0,2,'2011-12-27 08:08:11'),(18966,18966,'Default',21,0,0,0,0,0,0,0,0,0,2,'2011-12-27 08:08:11'),(18967,18967,'New',21,0,0,0,0,0,0,0,0,0,2,'2011-12-27 08:08:11'),(18968,18968,'Draft',21,0,0,0,0,0,0,0,0,0,2,'2011-12-27 08:08:11'),(18969,18969,'Update',21,0,0,0,0,0,0,0,0,0,2,'2011-12-27 08:08:11'),(18970,18970,'Delete',21,0,0,0,0,0,0,0,0,0,2,'2011-12-27 08:08:11'),(18971,18971,'Active',21,0,0,0,0,0,0,0,0,0,2,'2011-12-27 08:08:11'),(18972,18972,'Approved',21,0,0,0,0,0,0,0,0,0,2,'2011-12-27 08:08:11'),(18973,18973,'Review',21,0,0,0,0,0,0,0,0,0,2,'2011-12-27 08:08:11'),(18974,18974,'Post',21,0,0,0,0,0,0,0,0,0,2,'2011-12-27 08:08:11'),(18975,18975,'By',21,0,0,0,0,0,0,0,0,0,2,'2011-12-27 08:08:11'),(18976,18976,'Time',21,0,0,0,0,0,0,0,0,0,2,'2011-12-27 08:08:11'),(18977,18977,'depositLedger',21,0,0,0,0,0,0,0,0,0,2,'2011-12-27 08:08:11'),(18978,18978,'depositType',21,0,0,0,0,0,0,0,0,0,2,'2011-12-27 08:08:11'),(18979,18979,'Document No',21,0,0,0,0,0,0,0,0,0,2,'2011-12-27 08:08:11'),(18980,18980,'Reference No',21,0,0,0,0,0,0,0,0,0,2,'2011-12-27 08:08:11'),(18981,18981,'Title',21,0,0,0,0,0,0,0,0,0,2,'2011-12-27 08:08:11'),(18982,18982,'Desc',21,0,0,0,0,0,0,0,0,0,2,'2011-12-27 08:08:11'),(18983,18983,'Amount',21,0,0,0,0,0,0,0,0,0,2,'2011-12-27 08:08:11'),(18984,18984,'Date',21,0,0,0,0,0,0,0,0,0,2,'2011-12-27 08:08:11'),(18985,18985,'businessPartner',21,0,0,0,0,0,0,0,0,0,2,'2011-12-27 08:08:11'),(18986,18986,'Default',21,0,0,0,0,0,0,0,0,0,2,'2011-12-27 08:08:11'),(18987,18987,'New',21,0,0,0,0,0,0,0,0,0,2,'2011-12-27 08:08:11'),(18988,18988,'Draft',21,0,0,0,0,0,0,0,0,0,2,'2011-12-27 08:08:11'),(18989,18989,'Update',21,0,0,0,0,0,0,0,0,0,2,'2011-12-27 08:08:11'),(18990,18990,'Delete',21,0,0,0,0,0,0,0,0,0,2,'2011-12-27 08:08:11'),(18991,18991,'Active',21,0,0,0,0,0,0,0,0,0,2,'2011-12-27 08:08:11'),(18992,18992,'Approved',21,0,0,0,0,0,0,0,0,0,2,'2011-12-27 08:08:11'),(18993,18993,'Review',21,0,0,0,0,0,0,0,0,0,2,'2011-12-27 08:08:11'),(18994,18994,'Post',21,0,0,0,0,0,0,0,0,0,2,'2011-12-27 08:08:11'),(18995,18995,'Reconciled',21,0,0,0,0,0,0,0,0,0,2,'2011-12-27 08:08:11'),(18996,18996,'By',21,0,0,0,0,0,0,0,0,0,2,'2011-12-27 08:08:11'),(18997,18997,'Time',21,0,0,0,0,0,0,0,0,0,2,'2011-12-27 08:08:11'),(18998,18998,'depositLedgerDetail',21,0,0,0,0,0,0,0,0,0,2,'2011-12-27 08:08:11'),(18999,18999,'depositLedger',21,0,0,0,0,0,0,0,0,0,2,'2011-12-27 08:08:11'),(19000,19000,'generalLedgerChartOfAccount',21,0,0,0,0,0,0,0,0,0,2,'2011-12-27 08:08:11'),(19001,19001,'country',21,0,0,0,0,0,0,0,0,0,2,'2011-12-27 08:08:11'),(19002,19002,'Transaction Mode',21,0,0,0,0,0,0,0,0,0,2,'2011-12-27 08:08:11'),(19003,19003,'Amount',21,0,0,0,0,0,0,0,0,0,2,'2011-12-27 08:08:11'),(19004,19004,'Default',21,0,0,0,0,0,0,0,0,0,2,'2011-12-27 08:08:11'),(19005,19005,'New',21,0,0,0,0,0,0,0,0,0,2,'2011-12-27 08:08:11'),(19006,19006,'Draft',21,0,0,0,0,0,0,0,0,0,2,'2011-12-27 08:08:11'),(19007,19007,'Update',21,0,0,0,0,0,0,0,0,0,2,'2011-12-27 08:08:11'),(19008,19008,'Delete',21,0,0,0,0,0,0,0,0,0,2,'2011-12-27 08:08:11'),(19009,19009,'Active',21,0,0,0,0,0,0,0,0,0,2,'2011-12-27 08:08:11'),(19010,19010,'Approved',21,0,0,0,0,0,0,0,0,0,2,'2011-12-27 08:08:11'),(19011,19011,'Review',21,0,0,0,0,0,0,0,0,0,2,'2011-12-27 08:08:11'),(19012,19012,'Post',21,0,0,0,0,0,0,0,0,0,2,'2011-12-27 08:08:11'),(19013,19013,'By',21,0,0,0,0,0,0,0,0,0,2,'2011-12-27 08:08:11'),(19014,19014,'Time',21,0,0,0,0,0,0,0,0,0,2,'2011-12-27 08:08:11'),(19015,19015,'depositType',21,0,0,0,0,0,0,0,0,0,2,'2011-12-27 08:08:11'),(19016,19016,'Sequence',21,0,0,0,0,0,0,0,0,0,2,'2011-12-27 08:08:11'),(19017,19017,'Code',21,0,0,0,0,0,0,0,0,0,2,'2011-12-27 08:08:11'),(19018,19018,'Desc',21,0,0,0,0,0,0,0,0,0,2,'2011-12-27 08:08:11'),(19019,19019,'Default',21,0,0,0,0,0,0,0,0,0,2,'2011-12-27 08:08:11'),(19020,19020,'New',21,0,0,0,0,0,0,0,0,0,2,'2011-12-27 08:08:11'),(19021,19021,'Draft',21,0,0,0,0,0,0,0,0,0,2,'2011-12-27 08:08:11'),(19022,19022,'Update',21,0,0,0,0,0,0,0,0,0,2,'2011-12-27 08:08:11'),(19023,19023,'Delete',21,0,0,0,0,0,0,0,0,0,2,'2011-12-27 08:08:11'),(19024,19024,'Active',21,0,0,0,0,0,0,0,0,0,2,'2011-12-27 08:08:11'),(19025,19025,'Approved',21,0,0,0,0,0,0,0,0,0,2,'2011-12-27 08:08:11'),(19026,19026,'Review',21,0,0,0,0,0,0,0,0,0,2,'2011-12-27 08:08:11'),(19027,19027,'Post',21,0,0,0,0,0,0,0,0,0,2,'2011-12-27 08:08:11'),(19028,19028,'By',21,0,0,0,0,0,0,0,0,0,2,'2011-12-27 08:08:11'),(19029,19029,'Time',21,0,0,0,0,0,0,0,0,0,2,'2011-12-27 08:08:11'),(19030,19030,'disease',21,0,0,0,0,0,0,0,0,0,2,'2011-12-27 08:08:11'),(19031,19031,'Sequence',21,0,0,0,0,0,0,0,0,0,2,'2011-12-27 08:08:11'),(19032,19032,'Code',21,0,0,0,0,0,0,0,0,0,2,'2011-12-27 08:08:11'),(19033,19033,'Desc',21,0,0,0,0,0,0,0,0,0,2,'2011-12-27 08:08:11'),(19034,19034,'Default',21,0,0,0,0,0,0,0,0,0,2,'2011-12-27 08:08:11'),(19035,19035,'New',21,0,0,0,0,0,0,0,0,0,2,'2011-12-27 08:08:11'),(19036,19036,'Draft',21,0,0,0,0,0,0,0,0,0,2,'2011-12-27 08:08:11'),(19037,19037,'Update',21,0,0,0,0,0,0,0,0,0,2,'2011-12-27 08:08:11'),(19038,19038,'Delete',21,0,0,0,0,0,0,0,0,0,2,'2011-12-27 08:08:11'),(19039,19039,'Active',21,0,0,0,0,0,0,0,0,0,2,'2011-12-27 08:08:11'),(19040,19040,'Approved',21,0,0,0,0,0,0,0,0,0,2,'2011-12-27 08:08:11'),(19041,19041,'Review',21,0,0,0,0,0,0,0,0,0,2,'2011-12-27 08:08:11'),(19042,19042,'Post',21,0,0,0,0,0,0,0,0,0,2,'2011-12-27 08:08:11'),(19043,19043,'By',21,0,0,0,0,0,0,0,0,0,2,'2011-12-27 08:08:11'),(19044,19044,'Time',21,0,0,0,0,0,0,0,0,0,2,'2011-12-27 08:08:11'),(19045,19045,'district',21,0,0,0,0,0,0,0,0,0,2,'2011-12-27 08:08:11'),(19046,19046,'Sequence',21,0,0,0,0,0,0,0,0,0,2,'2011-12-27 08:08:11'),(19047,19047,'Code',21,0,0,0,0,0,0,0,0,0,2,'2011-12-27 08:08:11'),(19048,19048,'Desc',21,0,0,0,0,0,0,0,0,0,2,'2011-12-27 08:08:11'),(19049,19049,'country',21,0,0,0,0,0,0,0,0,0,2,'2011-12-27 08:08:11'),(19050,19050,'state',21,0,0,0,0,0,0,0,0,0,2,'2011-12-27 08:08:11'),(19051,19051,'Default',21,0,0,0,0,0,0,0,0,0,2,'2011-12-27 08:08:11'),(19052,19052,'New',21,0,0,0,0,0,0,0,0,0,2,'2011-12-27 08:08:11'),(19053,19053,'Draft',21,0,0,0,0,0,0,0,0,0,2,'2011-12-27 08:08:11'),(19054,19054,'Update',21,0,0,0,0,0,0,0,0,0,2,'2011-12-27 08:08:11'),(19055,19055,'Delete',21,0,0,0,0,0,0,0,0,0,2,'2011-12-27 08:08:11'),(19056,19056,'Active',21,0,0,0,0,0,0,0,0,0,2,'2011-12-27 08:08:11'),(19057,19057,'Approved',21,0,0,0,0,0,0,0,0,0,2,'2011-12-27 08:08:11'),(19058,19058,'Review',21,0,0,0,0,0,0,0,0,0,2,'2011-12-27 08:08:11'),(19059,19059,'Post',21,0,0,0,0,0,0,0,0,0,2,'2011-12-27 08:08:11'),(19060,19060,'By',21,0,0,0,0,0,0,0,0,0,2,'2011-12-27 08:08:12'),(19061,19061,'Time',21,0,0,0,0,0,0,0,0,0,2,'2011-12-27 08:08:12'),(19062,19062,'dividen',21,0,0,0,0,0,0,0,0,0,2,'2011-12-27 08:08:12'),(19063,19063,'generalLedgerChartOfAccountDimension',21,0,0,0,0,0,0,0,0,0,2,'2011-12-27 08:08:12'),(19064,19064,'generalLedgerChartOfAccount',21,0,0,0,0,0,0,0,0,0,2,'2011-12-27 08:08:12'),(19065,19065,'Rate',21,0,0,0,0,0,0,0,0,0,2,'2011-12-27 08:08:12'),(19066,19066,'Start Transaction',21,0,0,0,0,0,0,0,0,0,2,'2011-12-27 08:08:12'),(19067,19067,'End Transaction',21,0,0,0,0,0,0,0,0,0,2,'2011-12-27 08:08:12'),(19068,19068,'Default',21,0,0,0,0,0,0,0,0,0,2,'2011-12-27 08:08:12'),(19069,19069,'New',21,0,0,0,0,0,0,0,0,0,2,'2011-12-27 08:08:12'),(19070,19070,'Draft',21,0,0,0,0,0,0,0,0,0,2,'2011-12-27 08:08:12'),(19071,19071,'Update',21,0,0,0,0,0,0,0,0,0,2,'2011-12-27 08:08:12'),(19072,19072,'Delete',21,0,0,0,0,0,0,0,0,0,2,'2011-12-27 08:08:12'),(19073,19073,'Active',21,0,0,0,0,0,0,0,0,0,2,'2011-12-27 08:08:12'),(19074,19074,'Approved',21,0,0,0,0,0,0,0,0,0,2,'2011-12-27 08:08:12'),(19075,19075,'Review',21,0,0,0,0,0,0,0,0,0,2,'2011-12-27 08:08:12'),(19076,19076,'Post',21,0,0,0,0,0,0,0,0,0,2,'2011-12-27 08:08:12'),(19077,19077,'By',21,0,0,0,0,0,0,0,0,0,2,'2011-12-27 08:08:12'),(19078,19078,'Time',21,0,0,0,0,0,0,0,0,0,2,'2011-12-27 08:08:12'),(19079,19079,'education',21,0,0,0,0,0,0,0,0,0,2,'2011-12-27 08:08:12'),(19080,19080,'Sequence',21,0,0,0,0,0,0,0,0,0,2,'2011-12-27 08:08:12'),(19081,19081,'Code',21,0,0,0,0,0,0,0,0,0,2,'2011-12-27 08:08:12'),(19082,19082,'Desc',21,0,0,0,0,0,0,0,0,0,2,'2011-12-27 08:08:12'),(19083,19083,'Default',21,0,0,0,0,0,0,0,0,0,2,'2011-12-27 08:08:12'),(19084,19084,'New',21,0,0,0,0,0,0,0,0,0,2,'2011-12-27 08:08:12'),(19085,19085,'Draft',21,0,0,0,0,0,0,0,0,0,2,'2011-12-27 08:08:12'),(19086,19086,'Update',21,0,0,0,0,0,0,0,0,0,2,'2011-12-27 08:08:12'),(19087,19087,'Delete',21,0,0,0,0,0,0,0,0,0,2,'2011-12-27 08:08:12'),(19088,19088,'Active',21,0,0,0,0,0,0,0,0,0,2,'2011-12-27 08:08:12'),(19089,19089,'Approved',21,0,0,0,0,0,0,0,0,0,2,'2011-12-27 08:08:12'),(19090,19090,'Review',21,0,0,0,0,0,0,0,0,0,2,'2011-12-27 08:08:12'),(19091,19091,'Post',21,0,0,0,0,0,0,0,0,0,2,'2011-12-27 08:08:12'),(19092,19092,'By',21,0,0,0,0,0,0,0,0,0,2,'2011-12-27 08:08:12'),(19093,19093,'Time',21,0,0,0,0,0,0,0,0,0,2,'2011-12-27 08:08:12'),(19094,19094,'family',21,0,0,0,0,0,0,0,0,0,2,'2011-12-27 08:08:12'),(19095,19095,'Code',21,0,0,0,0,0,0,0,0,0,2,'2011-12-27 08:08:12'),(19096,19096,'Desc',21,0,0,0,0,0,0,0,0,0,2,'2011-12-27 08:08:12'),(19097,19097,'Default',21,0,0,0,0,0,0,0,0,0,2,'2011-12-27 08:08:12'),(19098,19098,'New',21,0,0,0,0,0,0,0,0,0,2,'2011-12-27 08:08:12'),(19099,19099,'Draft',21,0,0,0,0,0,0,0,0,0,2,'2011-12-27 08:08:12'),(19100,19100,'Update',21,0,0,0,0,0,0,0,0,0,2,'2011-12-27 08:08:12'),(19101,19101,'Delete',21,0,0,0,0,0,0,0,0,0,2,'2011-12-27 08:08:12'),(19102,19102,'Active',21,0,0,0,0,0,0,0,0,0,2,'2011-12-27 08:08:12'),(19103,19103,'Approved',21,0,0,0,0,0,0,0,0,0,2,'2011-12-27 08:08:12'),(19104,19104,'Review',21,0,0,0,0,0,0,0,0,0,2,'2011-12-27 08:08:12'),(19105,19105,'Post',21,0,0,0,0,0,0,0,0,0,2,'2011-12-27 08:08:12'),(19106,19106,'By',21,0,0,0,0,0,0,0,0,0,2,'2011-12-27 08:08:12'),(19107,19107,'Time',21,0,0,0,0,0,0,0,0,0,2,'2011-12-27 08:08:12'),(19108,19108,'financialDuration',21,0,0,0,0,0,0,0,0,0,2,'2011-12-27 08:08:12'),(19109,19109,'Year',21,0,0,0,0,0,0,0,0,0,2,'2011-12-27 08:08:12'),(19110,19110,'Year Close',21,0,0,0,0,0,0,0,0,0,2,'2011-12-27 08:08:12'),(19111,19111,'Year First',21,0,0,0,0,0,0,0,0,0,2,'2011-12-27 08:08:12'),(19112,19112,'Year Period First   Close',21,0,0,0,0,0,0,0,0,0,2,'2011-12-27 08:08:12'),(19113,19113,'Year Second',21,0,0,0,0,0,0,0,0,0,2,'2011-12-27 08:08:12'),(19114,19114,'Year Period Second   Close',21,0,0,0,0,0,0,0,0,0,2,'2011-12-27 08:08:12'),(19115,19115,'Year Third',21,0,0,0,0,0,0,0,0,0,2,'2011-12-27 08:08:12'),(19116,19116,'Year Period Third   Close',21,0,0,0,0,0,0,0,0,0,2,'2011-12-27 08:08:12'),(19117,19117,'Year Fourth',21,0,0,0,0,0,0,0,0,0,2,'2011-12-27 08:08:12'),(19118,19118,'Year Period Fourth   Close',21,0,0,0,0,0,0,0,0,0,2,'2011-12-27 08:08:12'),(19119,19119,'Year Fifth',21,0,0,0,0,0,0,0,0,0,2,'2011-12-27 08:08:12'),(19120,19120,'Year Period Fifth   Close',21,0,0,0,0,0,0,0,0,0,2,'2011-12-27 08:08:12'),(19121,19121,'Year Six',21,0,0,0,0,0,0,0,0,0,2,'2011-12-27 08:08:12'),(19122,19122,'Year Period Six   Close',21,0,0,0,0,0,0,0,0,0,2,'2011-12-27 08:08:12'),(19123,19123,'Year Seven',21,0,0,0,0,0,0,0,0,0,2,'2011-12-27 08:08:12'),(19124,19124,'Year Period Seven   Close',21,0,0,0,0,0,0,0,0,0,2,'2011-12-27 08:08:12'),(19125,19125,'Year Eigth',21,0,0,0,0,0,0,0,0,0,2,'2011-12-27 08:08:12'),(19126,19126,'Year Period Eigth   Close',21,0,0,0,0,0,0,0,0,0,2,'2011-12-27 08:08:12'),(19127,19127,'Year Nine',21,0,0,0,0,0,0,0,0,0,2,'2011-12-27 08:08:12'),(19128,19128,'Year Period Nine   Close',21,0,0,0,0,0,0,0,0,0,2,'2011-12-27 08:08:12'),(19129,19129,'Year Ten',21,0,0,0,0,0,0,0,0,0,2,'2011-12-27 08:08:12'),(19130,19130,'Year Period Ten   Close',21,0,0,0,0,0,0,0,0,0,2,'2011-12-27 08:08:12'),(19131,19131,'Year Eleven',21,0,0,0,0,0,0,0,0,0,2,'2011-12-27 08:08:12'),(19132,19132,'Year Period Eleven   Close',21,0,0,0,0,0,0,0,0,0,2,'2011-12-27 08:08:12'),(19133,19133,'Year Twelve',21,0,0,0,0,0,0,0,0,0,2,'2011-12-27 08:08:12'),(19134,19134,'Year Period Twelve   Close',21,0,0,0,0,0,0,0,0,0,2,'2011-12-27 08:08:12'),(19135,19135,'Default',21,0,0,0,0,0,0,0,0,0,2,'2011-12-27 08:08:12'),(19136,19136,'New',21,0,0,0,0,0,0,0,0,0,2,'2011-12-27 08:08:12'),(19137,19137,'Draft',21,0,0,0,0,0,0,0,0,0,2,'2011-12-27 08:08:12'),(19138,19138,'Update',21,0,0,0,0,0,0,0,0,0,2,'2011-12-27 08:08:12'),(19139,19139,'Delete',21,0,0,0,0,0,0,0,0,0,2,'2011-12-27 08:08:12'),(19140,19140,'Active',21,0,0,0,0,0,0,0,0,0,2,'2011-12-27 08:08:12'),(19141,19141,'Approved',21,0,0,0,0,0,0,0,0,0,2,'2011-12-27 08:08:12'),(19142,19142,'Review',21,0,0,0,0,0,0,0,0,0,2,'2011-12-27 08:08:12'),(19143,19143,'Post',21,0,0,0,0,0,0,0,0,0,2,'2011-12-27 08:08:12'),(19144,19144,'By',21,0,0,0,0,0,0,0,0,0,2,'2011-12-27 08:08:12'),(19145,19145,'Time',21,0,0,0,0,0,0,0,0,0,2,'2011-12-27 08:08:12'),(19146,19146,'templatet',21,0,0,0,0,0,0,0,0,0,2,'2011-12-27 08:08:12'),(19147,19147,'Default',21,0,0,0,0,0,0,0,0,0,2,'2011-12-27 08:08:12'),(19148,19148,'New',21,0,0,0,0,0,0,0,0,0,2,'2011-12-27 08:08:12'),(19149,19149,'Draft',21,0,0,0,0,0,0,0,0,0,2,'2011-12-27 08:08:12'),(19150,19150,'Update',21,0,0,0,0,0,0,0,0,0,2,'2011-12-27 08:08:12'),(19151,19151,'Delete',21,0,0,0,0,0,0,0,0,0,2,'2011-12-27 08:08:12'),(19152,19152,'Active',21,0,0,0,0,0,0,0,0,0,2,'2011-12-27 08:08:12'),(19153,19153,'Approved',21,0,0,0,0,0,0,0,0,0,2,'2011-12-27 08:08:12'),(19154,19154,'Review',21,0,0,0,0,0,0,0,0,0,2,'2011-12-27 08:08:12'),(19155,19155,'Post',21,0,0,0,0,0,0,0,0,0,2,'2011-12-27 08:08:12'),(19156,19156,'By',21,0,0,0,0,0,0,0,0,0,2,'2011-12-27 08:08:12'),(19157,19157,'Time',21,0,0,0,0,0,0,0,0,0,2,'2011-12-27 08:08:12'),(19158,19158,'gender',21,0,0,0,0,0,0,0,0,0,2,'2011-12-27 08:08:12'),(19159,19159,'Sequence',21,0,0,0,0,0,0,0,0,0,2,'2011-12-27 08:08:12'),(19160,19160,'Code',21,0,0,0,0,0,0,0,0,0,2,'2011-12-27 08:08:12'),(19161,19161,'Desc',21,0,0,0,0,0,0,0,0,0,2,'2011-12-27 08:08:12'),(19162,19162,'Default',21,0,0,0,0,0,0,0,0,0,2,'2011-12-27 08:08:12'),(19163,19163,'New',21,0,0,0,0,0,0,0,0,0,2,'2011-12-27 08:08:12'),(19164,19164,'Draft',21,0,0,0,0,0,0,0,0,0,2,'2011-12-27 08:08:12'),(19165,19165,'Update',21,0,0,0,0,0,0,0,0,0,2,'2011-12-27 08:08:12'),(19166,19166,'Delete',21,0,0,0,0,0,0,0,0,0,2,'2011-12-27 08:08:12'),(19167,19167,'Active',21,0,0,0,0,0,0,0,0,0,2,'2011-12-27 08:08:12'),(19168,19168,'Approved',21,0,0,0,0,0,0,0,0,0,2,'2011-12-27 08:08:12'),(19169,19169,'Review',21,0,0,0,0,0,0,0,0,0,2,'2011-12-27 08:08:12'),(19170,19170,'Post',21,0,0,0,0,0,0,0,0,0,2,'2011-12-27 08:08:12'),(19171,19171,'By',21,0,0,0,0,0,0,0,0,0,2,'2011-12-27 08:08:12'),(19172,19172,'Time',21,0,0,0,0,0,0,0,0,0,2,'2011-12-27 08:08:12'),(19173,19173,'generalLedger',21,0,0,0,0,0,0,0,0,0,2,'2011-12-27 08:08:12'),(19174,19174,'Document No',21,0,0,0,0,0,0,0,0,0,2,'2011-12-27 08:08:12'),(19175,19175,'Title',21,0,0,0,0,0,0,0,0,0,2,'2011-12-27 08:08:12'),(19176,19176,'Desc',21,0,0,0,0,0,0,0,0,0,2,'2011-12-27 08:08:12'),(19177,19177,'Date',21,0,0,0,0,0,0,0,0,0,2,'2011-12-27 08:08:12'),(19178,19178,'country',21,0,0,0,0,0,0,0,0,0,2,'2011-12-27 08:08:12'),(19179,19179,'Country Code',21,0,0,0,0,0,0,0,0,0,2,'2011-12-27 08:08:12'),(19180,19180,'Transaction Mode',21,0,0,0,0,0,0,0,0,0,2,'2011-12-27 08:08:12'),(19181,19181,'Foreign Amount',21,0,0,0,0,0,0,0,0,0,2,'2011-12-27 08:08:12'),(19182,19182,'Local Amount',21,0,0,0,0,0,0,0,0,0,2,'2011-12-27 08:08:12'),(19183,19183,'generalLedgerChartOfAccountCategory',21,0,0,0,0,0,0,0,0,0,2,'2011-12-27 08:08:12'),(19184,19184,'Chart Of Account Category   Desc',21,0,0,0,0,0,0,0,0,0,2,'2011-12-27 08:08:12'),(19185,19185,'generalLedgerChartOfAccountType',21,0,0,0,0,0,0,0,0,0,2,'2011-12-27 08:08:12'),(19186,19186,'Chart Of Account Type   Desc',21,0,0,0,0,0,0,0,0,0,2,'2011-12-27 08:08:12'),(19187,19187,'generalLedgerChartOfAccount',21,0,0,0,0,0,0,0,0,0,2,'2011-12-27 08:08:12'),(19188,19188,'Chart Of Account   No',21,0,0,0,0,0,0,0,0,0,2,'2011-12-27 08:08:12'),(19189,19189,'Chart Of Account   Desc',21,0,0,0,0,0,0,0,0,0,2,'2011-12-27 08:08:12'),(19190,19190,'businessPartner',21,0,0,0,0,0,0,0,0,0,2,'2011-12-27 08:08:12'),(19191,19191,'Business Desc',21,0,0,0,0,0,0,0,0,0,2,'2011-12-27 08:08:12'),(19192,19192,'Business Comppany',21,0,0,0,0,0,0,0,0,0,2,'2011-12-27 08:08:12'),(19193,19193,'Default',21,0,0,0,0,0,0,0,0,0,2,'2011-12-27 08:08:12'),(19194,19194,'New',21,0,0,0,0,0,0,0,0,0,2,'2011-12-27 08:08:12'),(19195,19195,'Draft',21,0,0,0,0,0,0,0,0,0,2,'2011-12-27 08:08:12'),(19196,19196,'Update',21,0,0,0,0,0,0,0,0,0,2,'2011-12-27 08:08:12'),(19197,19197,'Delete',21,0,0,0,0,0,0,0,0,0,2,'2011-12-27 08:08:12'),(19198,19198,'Active',21,0,0,0,0,0,0,0,0,0,2,'2011-12-27 08:08:12'),(19199,19199,'Approved',21,0,0,0,0,0,0,0,0,0,2,'2011-12-27 08:08:12'),(19200,19200,'Review',21,0,0,0,0,0,0,0,0,0,2,'2011-12-27 08:08:12'),(19201,19201,'Post',21,0,0,0,0,0,0,0,0,0,2,'2011-12-27 08:08:12'),(19202,19202,'Is Authorized',21,0,0,0,0,0,0,0,0,0,2,'2011-12-27 08:08:12'),(19203,19203,'By',21,0,0,0,0,0,0,0,0,0,2,'2011-12-27 08:08:12'),(19204,19204,'Time',21,0,0,0,0,0,0,0,0,0,2,'2011-12-27 08:08:12'),(19205,19205,'generalLedgerBudget',21,0,0,0,0,0,0,0,0,0,2,'2011-12-27 08:08:12'),(19206,19206,'generalLedgerChartOfAccount',21,0,0,0,0,0,0,0,0,0,2,'2011-12-27 08:08:12'),(19207,19207,'Year',21,0,0,0,0,0,0,0,0,0,2,'2011-12-27 08:08:12'),(19208,19208,'January',21,0,0,0,0,0,0,0,0,0,2,'2011-12-27 08:08:12'),(19209,19209,'February',21,0,0,0,0,0,0,0,0,0,2,'2011-12-27 08:08:12'),(19210,19210,'March',21,0,0,0,0,0,0,0,0,0,2,'2011-12-27 08:08:12'),(19211,19211,'April',21,0,0,0,0,0,0,0,0,0,2,'2011-12-27 08:08:12'),(19212,19212,'May',21,0,0,0,0,0,0,0,0,0,2,'2011-12-27 08:08:12'),(19213,19213,'Jun',21,0,0,0,0,0,0,0,0,0,2,'2011-12-27 08:08:12'),(19214,19214,'July',21,0,0,0,0,0,0,0,0,0,2,'2011-12-27 08:08:12'),(19215,19215,'August',21,0,0,0,0,0,0,0,0,0,2,'2011-12-27 08:08:12'),(19216,19216,'September',21,0,0,0,0,0,0,0,0,0,2,'2011-12-27 08:08:12'),(19217,19217,'October',21,0,0,0,0,0,0,0,0,0,2,'2011-12-27 08:08:12'),(19218,19218,'November',21,0,0,0,0,0,0,0,0,0,2,'2011-12-27 08:08:12'),(19219,19219,'Disember',21,0,0,0,0,0,0,0,0,0,2,'2011-12-27 08:08:12'),(19220,19220,'Default',21,0,0,0,0,0,0,0,0,0,2,'2011-12-27 08:08:12'),(19221,19221,'New',21,0,0,0,0,0,0,0,0,0,2,'2011-12-27 08:08:12'),(19222,19222,'Draft',21,0,0,0,0,0,0,0,0,0,2,'2011-12-27 08:08:12'),(19223,19223,'Update',21,0,0,0,0,0,0,0,0,0,2,'2011-12-27 08:08:12'),(19224,19224,'Delete',21,0,0,0,0,0,0,0,0,0,2,'2011-12-27 08:08:12'),(19225,19225,'Active',21,0,0,0,0,0,0,0,0,0,2,'2011-12-27 08:08:12'),(19226,19226,'Approved',21,0,0,0,0,0,0,0,0,0,2,'2011-12-27 08:08:12'),(19227,19227,'Review',21,0,0,0,0,0,0,0,0,0,2,'2011-12-27 08:08:12'),(19228,19228,'Post',21,0,0,0,0,0,0,0,0,0,2,'2011-12-27 08:08:12'),(19229,19229,'By',21,0,0,0,0,0,0,0,0,0,2,'2011-12-27 08:08:12'),(19230,19230,'Time',21,0,0,0,0,0,0,0,0,0,2,'2011-12-27 08:08:12'),(19231,19231,'generalLedgerBudget',21,0,0,0,0,0,0,0,0,0,2,'2011-12-27 08:08:12'),(19232,19232,'generalLedgerChartOfAccount',21,0,0,0,0,0,0,0,0,0,2,'2011-12-27 08:08:12'),(19233,19233,'General Ledger Budget   Month',21,0,0,0,0,0,0,0,0,0,2,'2011-12-27 08:08:12'),(19234,19234,'General Ledger Budget   Year',21,0,0,0,0,0,0,0,0,0,2,'2011-12-27 08:08:12'),(19235,19235,'General Ledger Budget   Amount',21,0,0,0,0,0,0,0,0,0,2,'2011-12-27 08:08:12'),(19236,19236,'General Ledger Budget   Desc',21,0,0,0,0,0,0,0,0,0,2,'2011-12-27 08:08:12'),(19237,19237,'Default',21,0,0,0,0,0,0,0,0,0,2,'2011-12-27 08:08:12'),(19238,19238,'New',21,0,0,0,0,0,0,0,0,0,2,'2011-12-27 08:08:12'),(19239,19239,'Draft',21,0,0,0,0,0,0,0,0,0,2,'2011-12-27 08:08:12'),(19240,19240,'Update',21,0,0,0,0,0,0,0,0,0,2,'2011-12-27 08:08:12'),(19241,19241,'Delete',21,0,0,0,0,0,0,0,0,0,2,'2011-12-27 08:08:12'),(19242,19242,'Active',21,0,0,0,0,0,0,0,0,0,2,'2011-12-27 08:08:12'),(19243,19243,'Approved',21,0,0,0,0,0,0,0,0,0,2,'2011-12-27 08:08:12'),(19244,19244,'Review',21,0,0,0,0,0,0,0,0,0,2,'2011-12-27 08:08:12'),(19245,19245,'Post',21,0,0,0,0,0,0,0,0,0,2,'2011-12-27 08:08:12'),(19246,19246,'By',21,0,0,0,0,0,0,0,0,0,2,'2011-12-27 08:08:12'),(19247,19247,'Time',21,0,0,0,0,0,0,0,0,0,2,'2011-12-27 08:08:12'),(19248,19248,'generalLedgerBudgetType',21,0,0,0,0,0,0,0,0,0,2,'2011-12-27 08:08:12'),(19249,19249,'Sequence',21,0,0,0,0,0,0,0,0,0,2,'2011-12-27 08:08:12'),(19250,19250,'Code',21,0,0,0,0,0,0,0,0,0,2,'2011-12-27 08:08:12'),(19251,19251,'Desc',21,0,0,0,0,0,0,0,0,0,2,'2011-12-27 08:08:12'),(19252,19252,'Default',21,0,0,0,0,0,0,0,0,0,2,'2011-12-27 08:08:12'),(19253,19253,'New',21,0,0,0,0,0,0,0,0,0,2,'2011-12-27 08:08:12'),(19254,19254,'Draft',21,0,0,0,0,0,0,0,0,0,2,'2011-12-27 08:08:12'),(19255,19255,'Update',21,0,0,0,0,0,0,0,0,0,2,'2011-12-27 08:08:12'),(19256,19256,'Delete',21,0,0,0,0,0,0,0,0,0,2,'2011-12-27 08:08:12'),(19257,19257,'Active',21,0,0,0,0,0,0,0,0,0,2,'2011-12-27 08:08:12'),(19258,19258,'Approved',21,0,0,0,0,0,0,0,0,0,2,'2011-12-27 08:08:12'),(19259,19259,'Review',21,0,0,0,0,0,0,0,0,0,2,'2011-12-27 08:08:12'),(19260,19260,'Post',21,0,0,0,0,0,0,0,0,0,2,'2011-12-27 08:08:12'),(19261,19261,'By',21,0,0,0,0,0,0,0,0,0,2,'2011-12-27 08:08:12'),(19262,19262,'Time',21,0,0,0,0,0,0,0,0,0,2,'2011-12-27 08:08:12'),(19263,19263,'generalLedgerChartOfAccount',21,0,0,0,0,0,0,0,0,0,2,'2011-12-27 08:08:12'),(19264,19264,'Title',21,0,0,0,0,0,0,0,0,0,2,'2011-12-27 08:08:12'),(19265,19265,'Desc',21,0,0,0,0,0,0,0,0,0,2,'2011-12-27 08:08:12'),(19266,19266,'No',21,0,0,0,0,0,0,0,0,0,2,'2011-12-27 08:08:12'),(19267,19267,'generalLedgerChartOfAccountSegment',21,0,0,0,0,0,0,0,0,0,2,'2011-12-27 08:08:12'),(19268,19268,'generalLedgerChartOfAccountCategory',21,0,0,0,0,0,0,0,0,0,2,'2011-12-27 08:08:12'),(19269,19269,'generalLedgerChartOfAccountType',21,0,0,0,0,0,0,0,0,0,2,'2011-12-27 08:08:12'),(19270,19270,'generalLedgerChartOfAccountReportType',21,0,0,0,0,0,0,0,0,0,2,'2011-12-27 08:08:12'),(19271,19271,'Default',21,0,0,0,0,0,0,0,0,0,2,'2011-12-27 08:08:12'),(19272,19272,'New',21,0,0,0,0,0,0,0,0,0,2,'2011-12-27 08:08:12'),(19273,19273,'Draft',21,0,0,0,0,0,0,0,0,0,2,'2011-12-27 08:08:12'),(19274,19274,'Update',21,0,0,0,0,0,0,0,0,0,2,'2011-12-27 08:08:12'),(19275,19275,'Delete',21,0,0,0,0,0,0,0,0,0,2,'2011-12-27 08:08:12'),(19276,19276,'Active',21,0,0,0,0,0,0,0,0,0,2,'2011-12-27 08:08:12'),(19277,19277,'Approved',21,0,0,0,0,0,0,0,0,0,2,'2011-12-27 08:08:12'),(19278,19278,'Review',21,0,0,0,0,0,0,0,0,0,2,'2011-12-27 08:08:12'),(19279,19279,'Post',21,0,0,0,0,0,0,0,0,0,2,'2011-12-27 08:08:12'),(19280,19280,'Consolidation',21,0,0,0,0,0,0,0,0,0,2,'2011-12-27 08:08:12'),(19281,19281,'Seperated',21,0,0,0,0,0,0,0,0,0,2,'2011-12-27 08:08:12'),(19282,19282,'By',21,0,0,0,0,0,0,0,0,0,2,'2011-12-27 08:08:12'),(19283,19283,'Time',21,0,0,0,0,0,0,0,0,0,2,'2011-12-27 08:08:12'),(19284,19284,'generalLedgerChartOfAccountAccess',21,0,0,0,0,0,0,0,0,0,2,'2011-12-27 08:08:12'),(19285,19285,'staff',21,0,0,0,0,0,0,0,0,0,2,'2011-12-27 08:08:12'),(19286,19286,'generalLedgerChartOfAccount',21,0,0,0,0,0,0,0,0,0,2,'2011-12-27 08:08:12'),(19287,19287,'Value',21,0,0,0,0,0,0,0,0,0,2,'2011-12-27 08:08:12'),(19288,19288,'generalLedgerChartOfAccountCategory',21,0,0,0,0,0,0,0,0,0,2,'2011-12-27 08:08:12'),(19289,19289,'Sequence',21,0,0,0,0,0,0,0,0,0,2,'2011-12-27 08:08:12'),(19290,19290,'Code',21,0,0,0,0,0,0,0,0,0,2,'2011-12-27 08:08:12'),(19291,19291,'Desc',21,0,0,0,0,0,0,0,0,0,2,'2011-12-27 08:08:12'),(19292,19292,'Note',21,0,0,0,0,0,0,0,0,0,2,'2011-12-27 08:08:12'),(19293,19293,'Default',21,0,0,0,0,0,0,0,0,0,2,'2011-12-27 08:08:12'),(19294,19294,'New',21,0,0,0,0,0,0,0,0,0,2,'2011-12-27 08:08:12'),(19295,19295,'Draft',21,0,0,0,0,0,0,0,0,0,2,'2011-12-27 08:08:12'),(19296,19296,'Update',21,0,0,0,0,0,0,0,0,0,2,'2011-12-27 08:08:12'),(19297,19297,'Delete',21,0,0,0,0,0,0,0,0,0,2,'2011-12-27 08:08:12'),(19298,19298,'Active',21,0,0,0,0,0,0,0,0,0,2,'2011-12-27 08:08:12'),(19299,19299,'Approved',21,0,0,0,0,0,0,0,0,0,2,'2011-12-27 08:08:12'),(19300,19300,'Review',21,0,0,0,0,0,0,0,0,0,2,'2011-12-27 08:08:12'),(19301,19301,'Post',21,0,0,0,0,0,0,0,0,0,2,'2011-12-27 08:08:12'),(19302,19302,'By',21,0,0,0,0,0,0,0,0,0,2,'2011-12-27 08:08:12'),(19303,19303,'Time',21,0,0,0,0,0,0,0,0,0,2,'2011-12-27 08:08:12'),(19304,19304,'generalLedgerChartOfAccountDimension',21,0,0,0,0,0,0,0,0,0,2,'2011-12-27 08:08:12'),(19305,19305,'Type',21,0,0,0,0,0,0,0,0,0,2,'2011-12-27 08:08:12'),(19306,19306,'Title',21,0,0,0,0,0,0,0,0,0,2,'2011-12-27 08:08:12'),(19307,19307,'Desc',21,0,0,0,0,0,0,0,0,0,2,'2011-12-27 08:08:12'),(19308,19308,'generalLedgerChartOfAccountStart',21,0,0,0,0,0,0,0,0,0,2,'2011-12-27 08:08:12'),(19309,19309,'generalLedgerChartOfAccountEnd',21,0,0,0,0,0,0,0,0,0,2,'2011-12-27 08:08:12'),(19310,19310,'Formula',21,0,0,0,0,0,0,0,0,0,2,'2011-12-27 08:08:12'),(19311,19311,'Default',21,0,0,0,0,0,0,0,0,0,2,'2011-12-27 08:08:12'),(19312,19312,'New',21,0,0,0,0,0,0,0,0,0,2,'2011-12-27 08:08:12'),(19313,19313,'Draft',21,0,0,0,0,0,0,0,0,0,2,'2011-12-27 08:08:12'),(19314,19314,'Update',21,0,0,0,0,0,0,0,0,0,2,'2011-12-27 08:08:12'),(19315,19315,'Delete',21,0,0,0,0,0,0,0,0,0,2,'2011-12-27 08:08:12'),(19316,19316,'Active',21,0,0,0,0,0,0,0,0,0,2,'2011-12-27 08:08:12'),(19317,19317,'Approved',21,0,0,0,0,0,0,0,0,0,2,'2011-12-27 08:08:12'),(19318,19318,'Review',21,0,0,0,0,0,0,0,0,0,2,'2011-12-27 08:08:12'),(19319,19319,'Post',21,0,0,0,0,0,0,0,0,0,2,'2011-12-27 08:08:12'),(19320,19320,'By',21,0,0,0,0,0,0,0,0,0,2,'2011-12-27 08:08:12'),(19321,19321,'Time',21,0,0,0,0,0,0,0,0,0,2,'2011-12-27 08:08:12'),(19322,19322,'generalLedgerChartOfAccountReportType',21,0,0,0,0,0,0,0,0,0,2,'2011-12-27 08:08:12'),(19323,19323,'Sequence',21,0,0,0,0,0,0,0,0,0,2,'2011-12-27 08:08:12'),(19324,19324,'Code',21,0,0,0,0,0,0,0,0,0,2,'2011-12-27 08:08:12'),(19325,19325,'Desc',21,0,0,0,0,0,0,0,0,0,2,'2011-12-27 08:08:12'),(19326,19326,'Default',21,0,0,0,0,0,0,0,0,0,2,'2011-12-27 08:08:12'),(19327,19327,'New',21,0,0,0,0,0,0,0,0,0,2,'2011-12-27 08:08:12'),(19328,19328,'Draft',21,0,0,0,0,0,0,0,0,0,2,'2011-12-27 08:08:12'),(19329,19329,'Update',21,0,0,0,0,0,0,0,0,0,2,'2011-12-27 08:08:12'),(19330,19330,'Delete',21,0,0,0,0,0,0,0,0,0,2,'2011-12-27 08:08:12'),(19331,19331,'Active',21,0,0,0,0,0,0,0,0,0,2,'2011-12-27 08:08:12'),(19332,19332,'Approved',21,0,0,0,0,0,0,0,0,0,2,'2011-12-27 08:08:12'),(19333,19333,'Review',21,0,0,0,0,0,0,0,0,0,2,'2011-12-27 08:08:12'),(19334,19334,'Post',21,0,0,0,0,0,0,0,0,0,2,'2011-12-27 08:08:12'),(19335,19335,'By',21,0,0,0,0,0,0,0,0,0,2,'2011-12-27 08:08:12'),(19336,19336,'Time',21,0,0,0,0,0,0,0,0,0,2,'2011-12-27 08:08:12'),(19337,19337,'generalLedgerChartOfAccountSegment',21,0,0,0,0,0,0,0,0,0,2,'2011-12-27 08:08:12'),(19338,19338,'generalLedgerChartOfAccountSegmentType',21,0,0,0,0,0,0,0,0,0,2,'2011-12-27 08:08:12'),(19339,19339,'No',21,0,0,0,0,0,0,0,0,0,2,'2011-12-27 08:08:12'),(19340,19340,'Length',21,0,0,0,0,0,0,0,0,0,2,'2011-12-27 08:08:12'),(19341,19341,'Title',21,0,0,0,0,0,0,0,0,0,2,'2011-12-27 08:08:12'),(19342,19342,'Desc',21,0,0,0,0,0,0,0,0,0,2,'2011-12-27 08:08:12'),(19343,19343,'Default',21,0,0,0,0,0,0,0,0,0,2,'2011-12-27 08:08:12'),(19344,19344,'New',21,0,0,0,0,0,0,0,0,0,2,'2011-12-27 08:08:12'),(19345,19345,'Draft',21,0,0,0,0,0,0,0,0,0,2,'2011-12-27 08:08:12'),(19346,19346,'Update',21,0,0,0,0,0,0,0,0,0,2,'2011-12-27 08:08:12'),(19347,19347,'Delete',21,0,0,0,0,0,0,0,0,0,2,'2011-12-27 08:08:12'),(19348,19348,'Active',21,0,0,0,0,0,0,0,0,0,2,'2011-12-27 08:08:12'),(19349,19349,'Approved',21,0,0,0,0,0,0,0,0,0,2,'2011-12-27 08:08:12'),(19350,19350,'Review',21,0,0,0,0,0,0,0,0,0,2,'2011-12-27 08:08:12'),(19351,19351,'Post',21,0,0,0,0,0,0,0,0,0,2,'2011-12-27 08:08:12'),(19352,19352,'By',21,0,0,0,0,0,0,0,0,0,2,'2011-12-27 08:08:12'),(19353,19353,'Time',21,0,0,0,0,0,0,0,0,0,2,'2011-12-27 08:08:12'),(19354,19354,'generalLedgerChartOfAccountSegmentType',21,0,0,0,0,0,0,0,0,0,2,'2011-12-27 08:08:12'),(19355,19355,'Sequence',21,0,0,0,0,0,0,0,0,0,2,'2011-12-27 08:08:12'),(19356,19356,'Code',21,0,0,0,0,0,0,0,0,0,2,'2011-12-27 08:08:12'),(19357,19357,'Desc',21,0,0,0,0,0,0,0,0,0,2,'2011-12-27 08:08:12'),(19358,19358,'Default',21,0,0,0,0,0,0,0,0,0,2,'2011-12-27 08:08:12'),(19359,19359,'New',21,0,0,0,0,0,0,0,0,0,2,'2011-12-27 08:08:12'),(19360,19360,'Draft',21,0,0,0,0,0,0,0,0,0,2,'2011-12-27 08:08:12'),(19361,19361,'Update',21,0,0,0,0,0,0,0,0,0,2,'2011-12-27 08:08:12'),(19362,19362,'Delete',21,0,0,0,0,0,0,0,0,0,2,'2011-12-27 08:08:12'),(19363,19363,'Active',21,0,0,0,0,0,0,0,0,0,2,'2011-12-27 08:08:12'),(19364,19364,'Approved',21,0,0,0,0,0,0,0,0,0,2,'2011-12-27 08:08:12'),(19365,19365,'Review',21,0,0,0,0,0,0,0,0,0,2,'2011-12-27 08:08:12'),(19366,19366,'Post',21,0,0,0,0,0,0,0,0,0,2,'2011-12-27 08:08:12'),(19367,19367,'By',21,0,0,0,0,0,0,0,0,0,2,'2011-12-27 08:08:12'),(19368,19368,'Time',21,0,0,0,0,0,0,0,0,0,2,'2011-12-27 08:08:12'),(19369,19369,'generalLedgerChartOfAccountType',21,0,0,0,0,0,0,0,0,0,2,'2011-12-27 08:08:12'),(19370,19370,'generalLedgerChartOfAccountCategory',21,0,0,0,0,0,0,0,0,0,2,'2011-12-27 08:08:12'),(19371,19371,'Sequence',21,0,0,0,0,0,0,0,0,0,2,'2011-12-27 08:08:12'),(19372,19372,'Code',21,0,0,0,0,0,0,0,0,0,2,'2011-12-27 08:08:12'),(19373,19373,'Desc',21,0,0,0,0,0,0,0,0,0,2,'2011-12-27 08:08:12'),(19374,19374,'Default',21,0,0,0,0,0,0,0,0,0,2,'2011-12-27 08:08:12'),(19375,19375,'New',21,0,0,0,0,0,0,0,0,0,2,'2011-12-27 08:08:12'),(19376,19376,'Draft',21,0,0,0,0,0,0,0,0,0,2,'2011-12-27 08:08:12'),(19377,19377,'Update',21,0,0,0,0,0,0,0,0,0,2,'2011-12-27 08:08:12'),(19378,19378,'Delete',21,0,0,0,0,0,0,0,0,0,2,'2011-12-27 08:08:12'),(19379,19379,'Active',21,0,0,0,0,0,0,0,0,0,2,'2011-12-27 08:08:12'),(19380,19380,'Approved',21,0,0,0,0,0,0,0,0,0,2,'2011-12-27 08:08:12'),(19381,19381,'Review',21,0,0,0,0,0,0,0,0,0,2,'2011-12-27 08:08:12'),(19382,19382,'Post',21,0,0,0,0,0,0,0,0,0,2,'2011-12-27 08:08:12'),(19383,19383,'By',21,0,0,0,0,0,0,0,0,0,2,'2011-12-27 08:08:12'),(19384,19384,'Time',21,0,0,0,0,0,0,0,0,0,2,'2011-12-27 08:08:12'),(19385,19385,'generalLedgerForecast',21,0,0,0,0,0,0,0,0,0,2,'2011-12-27 08:08:12'),(19386,19386,'generalLedgerChartOfAccount',21,0,0,0,0,0,0,0,0,0,2,'2011-12-27 08:08:12'),(19387,19387,'Month',21,0,0,0,0,0,0,0,0,0,2,'2011-12-27 08:08:12'),(19388,19388,'Year',21,0,0,0,0,0,0,0,0,0,2,'2011-12-27 08:08:12'),(19389,19389,'Amount',21,0,0,0,0,0,0,0,0,0,2,'2011-12-27 08:08:12'),(19390,19390,'Desc',21,0,0,0,0,0,0,0,0,0,2,'2011-12-27 08:08:12'),(19391,19391,'Default',21,0,0,0,0,0,0,0,0,0,2,'2011-12-27 08:08:12'),(19392,19392,'New',21,0,0,0,0,0,0,0,0,0,2,'2011-12-27 08:08:12'),(19393,19393,'Draft',21,0,0,0,0,0,0,0,0,0,2,'2011-12-27 08:08:12'),(19394,19394,'Update',21,0,0,0,0,0,0,0,0,0,2,'2011-12-27 08:08:12'),(19395,19395,'Delete',21,0,0,0,0,0,0,0,0,0,2,'2011-12-27 08:08:12'),(19396,19396,'Active',21,0,0,0,0,0,0,0,0,0,2,'2011-12-27 08:08:12'),(19397,19397,'Approved',21,0,0,0,0,0,0,0,0,0,2,'2011-12-27 08:08:12'),(19398,19398,'Review',21,0,0,0,0,0,0,0,0,0,2,'2011-12-27 08:08:12'),(19399,19399,'Post',21,0,0,0,0,0,0,0,0,0,2,'2011-12-27 08:08:12'),(19400,19400,'By',21,0,0,0,0,0,0,0,0,0,2,'2011-12-27 08:08:12'),(19401,19401,'Time',21,0,0,0,0,0,0,0,0,0,2,'2011-12-27 08:08:12'),(19402,19402,'generalLedgerForecastType',21,0,0,0,0,0,0,0,0,0,2,'2011-12-27 08:08:12'),(19403,19403,'Sequence',21,0,0,0,0,0,0,0,0,0,2,'2011-12-27 08:08:12'),(19404,19404,'Code',21,0,0,0,0,0,0,0,0,0,2,'2011-12-27 08:08:12'),(19405,19405,'Desc',21,0,0,0,0,0,0,0,0,0,2,'2011-12-27 08:08:12'),(19406,19406,'Default',21,0,0,0,0,0,0,0,0,0,2,'2011-12-27 08:08:12'),(19407,19407,'New',21,0,0,0,0,0,0,0,0,0,2,'2011-12-27 08:08:12'),(19408,19408,'Draft',21,0,0,0,0,0,0,0,0,0,2,'2011-12-27 08:08:12'),(19409,19409,'Update',21,0,0,0,0,0,0,0,0,0,2,'2011-12-27 08:08:12'),(19410,19410,'Delete',21,0,0,0,0,0,0,0,0,0,2,'2011-12-27 08:08:12'),(19411,19411,'Active',21,0,0,0,0,0,0,0,0,0,2,'2011-12-27 08:08:12'),(19412,19412,'Approved',21,0,0,0,0,0,0,0,0,0,2,'2011-12-27 08:08:12'),(19413,19413,'Review',21,0,0,0,0,0,0,0,0,0,2,'2011-12-27 08:08:12'),(19414,19414,'Post',21,0,0,0,0,0,0,0,0,0,2,'2011-12-27 08:08:12'),(19415,19415,'By',21,0,0,0,0,0,0,0,0,0,2,'2011-12-27 08:08:12'),(19416,19416,'Time',21,0,0,0,0,0,0,0,0,0,2,'2011-12-27 08:08:12'),(19417,19417,'generalLedgerJournal',21,0,0,0,0,0,0,0,0,0,2,'2011-12-27 08:08:12'),(19418,19418,'generalLedgerJournalType',21,0,0,0,0,0,0,0,0,0,2,'2011-12-27 08:08:12'),(19419,19419,'Document No',21,0,0,0,0,0,0,0,0,0,2,'2011-12-27 08:08:12'),(19420,19420,'Reference No',21,0,0,0,0,0,0,0,0,0,2,'2011-12-27 08:08:12'),(19421,19421,'Title',21,0,0,0,0,0,0,0,0,0,2,'2011-12-27 08:08:12'),(19422,19422,'Desc',21,0,0,0,0,0,0,0,0,0,2,'2011-12-27 08:08:12'),(19423,19423,'Date',21,0,0,0,0,0,0,0,0,0,2,'2011-12-27 08:08:12'),(19424,19424,'Start Date',21,0,0,0,0,0,0,0,0,0,2,'2011-12-27 08:08:12'),(19425,19425,'End Date',21,0,0,0,0,0,0,0,0,0,2,'2011-12-27 08:08:12'),(19426,19426,'Amount',21,0,0,0,0,0,0,0,0,0,2,'2011-12-27 08:08:12'),(19427,19427,'Default',21,0,0,0,0,0,0,0,0,0,2,'2011-12-27 08:08:12'),(19428,19428,'New',21,0,0,0,0,0,0,0,0,0,2,'2011-12-27 08:08:12'),(19429,19429,'Draft',21,0,0,0,0,0,0,0,0,0,2,'2011-12-27 08:08:12'),(19430,19430,'Update',21,0,0,0,0,0,0,0,0,0,2,'2011-12-27 08:08:12'),(19431,19431,'Delete',21,0,0,0,0,0,0,0,0,0,2,'2011-12-27 08:08:12'),(19432,19432,'Active',21,0,0,0,0,0,0,0,0,0,2,'2011-12-27 08:08:12'),(19433,19433,'Approved',21,0,0,0,0,0,0,0,0,0,2,'2011-12-27 08:08:12'),(19434,19434,'Review',21,0,0,0,0,0,0,0,0,0,2,'2011-12-27 08:08:12'),(19435,19435,'Post',21,0,0,0,0,0,0,0,0,0,2,'2011-12-27 08:08:12'),(19436,19436,'By',21,0,0,0,0,0,0,0,0,0,2,'2011-12-27 08:08:12'),(19437,19437,'Time',21,0,0,0,0,0,0,0,0,0,2,'2011-12-27 08:08:12'),(19438,19438,'generalLedgerJournalDetail',21,0,0,0,0,0,0,0,0,0,2,'2011-12-27 08:08:12'),(19439,19439,'generalLedgerJournal',21,0,0,0,0,0,0,0,0,0,2,'2011-12-27 08:08:12'),(19440,19440,'generalLedgerChartOfAccount',21,0,0,0,0,0,0,0,0,0,2,'2011-12-27 08:08:12'),(19441,19441,'country',21,0,0,0,0,0,0,0,0,0,2,'2011-12-27 08:08:12'),(19442,19442,'Transaction Mode',21,0,0,0,0,0,0,0,0,0,2,'2011-12-27 08:08:12'),(19443,19443,'Amount',21,0,0,0,0,0,0,0,0,0,2,'2011-12-27 08:08:12'),(19444,19444,'Default',21,0,0,0,0,0,0,0,0,0,2,'2011-12-27 08:08:12'),(19445,19445,'New',21,0,0,0,0,0,0,0,0,0,2,'2011-12-27 08:08:12'),(19446,19446,'Draft',21,0,0,0,0,0,0,0,0,0,2,'2011-12-27 08:08:12'),(19447,19447,'Update',21,0,0,0,0,0,0,0,0,0,2,'2011-12-27 08:08:12'),(19448,19448,'Delete',21,0,0,0,0,0,0,0,0,0,2,'2011-12-27 08:08:12'),(19449,19449,'Active',21,0,0,0,0,0,0,0,0,0,2,'2011-12-27 08:08:12'),(19450,19450,'Approved',21,0,0,0,0,0,0,0,0,0,2,'2011-12-27 08:08:12'),(19451,19451,'Review',21,0,0,0,0,0,0,0,0,0,2,'2011-12-27 08:08:12'),(19452,19452,'Post',21,0,0,0,0,0,0,0,0,0,2,'2011-12-27 08:08:12'),(19453,19453,'By',21,0,0,0,0,0,0,0,0,0,2,'2011-12-27 08:08:12'),(19454,19454,'Time',21,0,0,0,0,0,0,0,0,0,2,'2011-12-27 08:08:12'),(19455,19455,'generalLedgerJournalType',21,0,0,0,0,0,0,0,0,0,2,'2011-12-27 08:08:12'),(19456,19456,'Sequence',21,0,0,0,0,0,0,0,0,0,2,'2011-12-27 08:08:12'),(19457,19457,'Code',21,0,0,0,0,0,0,0,0,0,2,'2011-12-27 08:08:12'),(19458,19458,'Desc',21,0,0,0,0,0,0,0,0,0,2,'2011-12-27 08:08:12'),(19459,19459,'Default',21,0,0,0,0,0,0,0,0,0,2,'2011-12-27 08:08:12'),(19460,19460,'New',21,0,0,0,0,0,0,0,0,0,2,'2011-12-27 08:08:12'),(19461,19461,'Draft',21,0,0,0,0,0,0,0,0,0,2,'2011-12-27 08:08:12'),(19462,19462,'Update',21,0,0,0,0,0,0,0,0,0,2,'2011-12-27 08:08:12'),(19463,19463,'Delete',21,0,0,0,0,0,0,0,0,0,2,'2011-12-27 08:08:12'),(19464,19464,'Active',21,0,0,0,0,0,0,0,0,0,2,'2011-12-27 08:08:12'),(19465,19465,'Approved',21,0,0,0,0,0,0,0,0,0,2,'2011-12-27 08:08:12'),(19466,19466,'Review',21,0,0,0,0,0,0,0,0,0,2,'2011-12-27 08:08:12'),(19467,19467,'Post',21,0,0,0,0,0,0,0,0,0,2,'2011-12-27 08:08:12'),(19468,19468,'By',21,0,0,0,0,0,0,0,0,0,2,'2011-12-27 08:08:12'),(19469,19469,'Time',21,0,0,0,0,0,0,0,0,0,2,'2011-12-27 08:08:12'),(19470,19470,'impair',21,0,0,0,0,0,0,0,0,0,2,'2011-12-27 08:08:12'),(19471,19471,'Sequence',21,0,0,0,0,0,0,0,0,0,2,'2011-12-27 08:08:12'),(19472,19472,'Code',21,0,0,0,0,0,0,0,0,0,2,'2011-12-27 08:08:12'),(19473,19473,'Desc',21,0,0,0,0,0,0,0,0,0,2,'2011-12-27 08:08:12'),(19474,19474,'Default',21,0,0,0,0,0,0,0,0,0,2,'2011-12-27 08:08:12'),(19475,19475,'New',21,0,0,0,0,0,0,0,0,0,2,'2011-12-27 08:08:12'),(19476,19476,'Draft',21,0,0,0,0,0,0,0,0,0,2,'2011-12-27 08:08:12'),(19477,19477,'Update',21,0,0,0,0,0,0,0,0,0,2,'2011-12-27 08:08:12'),(19478,19478,'Delete',21,0,0,0,0,0,0,0,0,0,2,'2011-12-27 08:08:12'),(19479,19479,'Active',21,0,0,0,0,0,0,0,0,0,2,'2011-12-27 08:08:12'),(19480,19480,'Approved',21,0,0,0,0,0,0,0,0,0,2,'2011-12-27 08:08:12'),(19481,19481,'Review',21,0,0,0,0,0,0,0,0,0,2,'2011-12-27 08:08:12'),(19482,19482,'Post',21,0,0,0,0,0,0,0,0,0,2,'2011-12-27 08:08:12'),(19483,19483,'By',21,0,0,0,0,0,0,0,0,0,2,'2011-12-27 08:08:12'),(19484,19484,'Time',21,0,0,0,0,0,0,0,0,0,2,'2011-12-27 08:08:12'),(19485,19485,'invoiceAllocation',21,0,0,0,0,0,0,0,0,0,2,'2011-12-27 08:08:12'),(19486,19486,'businessPartner',21,0,0,0,0,0,0,0,0,0,2,'2011-12-27 08:08:12'),(19487,19487,'invoiceLedger',21,0,0,0,0,0,0,0,0,0,2,'2011-12-27 08:08:12'),(19488,19488,'voucherLedger',21,0,0,0,0,0,0,0,0,0,2,'2011-12-27 08:08:12'),(19489,19489,'Amount',21,0,0,0,0,0,0,0,0,0,2,'2011-12-27 08:08:12'),(19490,19490,'Default',21,0,0,0,0,0,0,0,0,0,2,'2011-12-27 08:08:12'),(19491,19491,'New',21,0,0,0,0,0,0,0,0,0,2,'2011-12-27 08:08:12'),(19492,19492,'Draft',21,0,0,0,0,0,0,0,0,0,2,'2011-12-27 08:08:12'),(19493,19493,'Update',21,0,0,0,0,0,0,0,0,0,2,'2011-12-27 08:08:12'),(19494,19494,'Delete',21,0,0,0,0,0,0,0,0,0,2,'2011-12-27 08:08:12'),(19495,19495,'Active',21,0,0,0,0,0,0,0,0,0,2,'2011-12-27 08:08:12'),(19496,19496,'Approved',21,0,0,0,0,0,0,0,0,0,2,'2011-12-27 08:08:12'),(19497,19497,'Review',21,0,0,0,0,0,0,0,0,0,2,'2011-12-27 08:08:12'),(19498,19498,'Post',21,0,0,0,0,0,0,0,0,0,2,'2011-12-27 08:08:12'),(19499,19499,'Is Confirm',21,0,0,0,0,0,0,0,0,0,2,'2011-12-27 08:08:12'),(19500,19500,'By',21,0,0,0,0,0,0,0,0,0,2,'2011-12-27 08:08:12'),(19501,19501,'Time',21,0,0,0,0,0,0,0,0,0,2,'2011-12-27 08:08:12'),(19502,19502,'invoiceCategory',21,0,0,0,0,0,0,0,0,0,2,'2011-12-27 08:08:12'),(19503,19503,'Sequence',21,0,0,0,0,0,0,0,0,0,2,'2011-12-27 08:08:12'),(19504,19504,'Code',21,0,0,0,0,0,0,0,0,0,2,'2011-12-27 08:08:12'),(19505,19505,'Desc',21,0,0,0,0,0,0,0,0,0,2,'2011-12-27 08:08:12'),(19506,19506,'Default',21,0,0,0,0,0,0,0,0,0,2,'2011-12-27 08:08:12'),(19507,19507,'New',21,0,0,0,0,0,0,0,0,0,2,'2011-12-27 08:08:12'),(19508,19508,'Draft',21,0,0,0,0,0,0,0,0,0,2,'2011-12-27 08:08:12'),(19509,19509,'Update',21,0,0,0,0,0,0,0,0,0,2,'2011-12-27 08:08:12'),(19510,19510,'Delete',21,0,0,0,0,0,0,0,0,0,2,'2011-12-27 08:08:12'),(19511,19511,'Active',21,0,0,0,0,0,0,0,0,0,2,'2011-12-27 08:08:12'),(19512,19512,'Approved',21,0,0,0,0,0,0,0,0,0,2,'2011-12-27 08:08:12'),(19513,19513,'Review',21,0,0,0,0,0,0,0,0,0,2,'2011-12-27 08:08:12'),(19514,19514,'Post',21,0,0,0,0,0,0,0,0,0,2,'2011-12-27 08:08:12'),(19515,19515,'By',21,0,0,0,0,0,0,0,0,0,2,'2011-12-27 08:08:12'),(19516,19516,'Time',21,0,0,0,0,0,0,0,0,0,2,'2011-12-27 08:08:12'),(19517,19517,'invoiceLedger',21,0,0,0,0,0,0,0,0,0,2,'2011-12-27 08:08:12'),(19518,19518,'Document No',21,0,0,0,0,0,0,0,0,0,2,'2011-12-27 08:08:12'),(19519,19519,'Reference No',21,0,0,0,0,0,0,0,0,0,2,'2011-12-27 08:08:12'),(19520,19520,'Title',21,0,0,0,0,0,0,0,0,0,2,'2011-12-27 08:08:12'),(19521,19521,'Desc',21,0,0,0,0,0,0,0,0,0,2,'2011-12-27 08:08:12'),(19522,19522,'Date',21,0,0,0,0,0,0,0,0,0,2,'2011-12-27 08:08:12'),(19523,19523,'Start Date',21,0,0,0,0,0,0,0,0,0,2,'2011-12-27 08:08:12'),(19524,19524,'End Date',21,0,0,0,0,0,0,0,0,0,2,'2011-12-27 08:08:12'),(19525,19525,'Amount',21,0,0,0,0,0,0,0,0,0,2,'2011-12-27 08:08:12'),(19526,19526,'businessPartner',21,0,0,0,0,0,0,0,0,0,2,'2011-12-27 08:08:12'),(19527,19527,'invoiceCategory',21,0,0,0,0,0,0,0,0,0,2,'2011-12-27 08:08:12'),(19528,19528,'invoiceType',21,0,0,0,0,0,0,0,0,0,2,'2011-12-27 08:08:12'),(19529,19529,'Default',21,0,0,0,0,0,0,0,0,0,2,'2011-12-27 08:08:12'),(19530,19530,'New',21,0,0,0,0,0,0,0,0,0,2,'2011-12-27 08:08:12'),(19531,19531,'Draft',21,0,0,0,0,0,0,0,0,0,2,'2011-12-27 08:08:12'),(19532,19532,'Update',21,0,0,0,0,0,0,0,0,0,2,'2011-12-27 08:08:12'),(19533,19533,'Delete',21,0,0,0,0,0,0,0,0,0,2,'2011-12-27 08:08:12'),(19534,19534,'Active',21,0,0,0,0,0,0,0,0,0,2,'2011-12-27 08:08:12'),(19535,19535,'Approved',21,0,0,0,0,0,0,0,0,0,2,'2011-12-27 08:08:12'),(19536,19536,'Review',21,0,0,0,0,0,0,0,0,0,2,'2011-12-27 08:08:12'),(19537,19537,'Post',21,0,0,0,0,0,0,0,0,0,2,'2011-12-27 08:08:12'),(19538,19538,'Reconciled',21,0,0,0,0,0,0,0,0,0,2,'2011-12-27 08:08:12'),(19539,19539,'By',21,0,0,0,0,0,0,0,0,0,2,'2011-12-27 08:08:12'),(19540,19540,'Time',21,0,0,0,0,0,0,0,0,0,2,'2011-12-27 08:08:12'),(19541,19541,'invoiceLedgerDetail',21,0,0,0,0,0,0,0,0,0,2,'2011-12-27 08:08:12'),(19542,19542,'invoiceLedger',21,0,0,0,0,0,0,0,0,0,2,'2011-12-27 08:08:12'),(19543,19543,'generalLedgerChartOfAccount',21,0,0,0,0,0,0,0,0,0,2,'2011-12-27 08:08:12'),(19544,19544,'country',21,0,0,0,0,0,0,0,0,0,2,'2011-12-27 08:08:12'),(19545,19545,'Transaction Mode',21,0,0,0,0,0,0,0,0,0,2,'2011-12-27 08:08:12'),(19546,19546,'Amount',21,0,0,0,0,0,0,0,0,0,2,'2011-12-27 08:08:12'),(19547,19547,'Default',21,0,0,0,0,0,0,0,0,0,2,'2011-12-27 08:08:12'),(19548,19548,'New',21,0,0,0,0,0,0,0,0,0,2,'2011-12-27 08:08:12'),(19549,19549,'Draft',21,0,0,0,0,0,0,0,0,0,2,'2011-12-27 08:08:12'),(19550,19550,'Update',21,0,0,0,0,0,0,0,0,0,2,'2011-12-27 08:08:12'),(19551,19551,'Delete',21,0,0,0,0,0,0,0,0,0,2,'2011-12-27 08:08:12'),(19552,19552,'Active',21,0,0,0,0,0,0,0,0,0,2,'2011-12-27 08:08:12'),(19553,19553,'Approved',21,0,0,0,0,0,0,0,0,0,2,'2011-12-27 08:08:12'),(19554,19554,'Review',21,0,0,0,0,0,0,0,0,0,2,'2011-12-27 08:08:12'),(19555,19555,'Post',21,0,0,0,0,0,0,0,0,0,2,'2011-12-27 08:08:12'),(19556,19556,'By',21,0,0,0,0,0,0,0,0,0,2,'2011-12-27 08:08:12'),(19557,19557,'Time',21,0,0,0,0,0,0,0,0,0,2,'2011-12-27 08:08:12'),(19558,19558,'invoiceType',21,0,0,0,0,0,0,0,0,0,2,'2011-12-27 08:08:12'),(19559,19559,'invoiceCategory',21,0,0,0,0,0,0,0,0,0,2,'2011-12-27 08:08:12'),(19560,19560,'Sequence',21,0,0,0,0,0,0,0,0,0,2,'2011-12-27 08:08:12'),(19561,19561,'Code',21,0,0,0,0,0,0,0,0,0,2,'2011-12-27 08:08:12'),(19562,19562,'Desc',21,0,0,0,0,0,0,0,0,0,2,'2011-12-27 08:08:12'),(19563,19563,'Credit Limit',21,0,0,0,0,0,0,0,0,0,2,'2011-12-27 08:08:12'),(19564,19564,'Period Limit',21,0,0,0,0,0,0,0,0,0,2,'2011-12-27 08:08:12'),(19565,19565,'Interest Rate',21,0,0,0,0,0,0,0,0,0,2,'2011-12-27 08:08:12'),(19566,19566,'Minimum Deposit',21,0,0,0,0,0,0,0,0,0,2,'2011-12-27 08:08:12'),(19567,19567,'lateInterest',21,0,0,0,0,0,0,0,0,0,2,'2011-12-27 08:08:12'),(19568,19568,'Default',21,0,0,0,0,0,0,0,0,0,2,'2011-12-27 08:08:12'),(19569,19569,'New',21,0,0,0,0,0,0,0,0,0,2,'2011-12-27 08:08:12'),(19570,19570,'Draft',21,0,0,0,0,0,0,0,0,0,2,'2011-12-27 08:08:12'),(19571,19571,'Update',21,0,0,0,0,0,0,0,0,0,2,'2011-12-27 08:08:12'),(19572,19572,'Delete',21,0,0,0,0,0,0,0,0,0,2,'2011-12-27 08:08:12'),(19573,19573,'Active',21,0,0,0,0,0,0,0,0,0,2,'2011-12-27 08:08:12'),(19574,19574,'Approved',21,0,0,0,0,0,0,0,0,0,2,'2011-12-27 08:08:12'),(19575,19575,'Review',21,0,0,0,0,0,0,0,0,0,2,'2011-12-27 08:08:12'),(19576,19576,'Post',21,0,0,0,0,0,0,0,0,0,2,'2011-12-27 08:08:12'),(19577,19577,'By',21,0,0,0,0,0,0,0,0,0,2,'2011-12-27 08:08:12'),(19578,19578,'Time',21,0,0,0,0,0,0,0,0,0,2,'2011-12-27 08:08:12'),(19579,19579,'lateInterest',21,0,0,0,0,0,0,0,0,0,2,'2011-12-27 08:08:12'),(19580,19580,'Sequence',21,0,0,0,0,0,0,0,0,0,2,'2011-12-27 08:08:12'),(19581,19581,'Code',21,0,0,0,0,0,0,0,0,0,2,'2011-12-27 08:08:12'),(19582,19582,'Desc',21,0,0,0,0,0,0,0,0,0,2,'2011-12-27 08:08:12'),(19583,19583,'Warning Day',21,0,0,0,0,0,0,0,0,0,2,'2011-12-27 08:08:12'),(19584,19584,'Grace Day',21,0,0,0,0,0,0,0,0,0,2,'2011-12-27 08:08:12'),(19585,19585,'lateInterestChargeType',21,0,0,0,0,0,0,0,0,0,2,'2011-12-27 08:08:12'),(19586,19586,'Default',21,0,0,0,0,0,0,0,0,0,2,'2011-12-27 08:08:12'),(19587,19587,'New',21,0,0,0,0,0,0,0,0,0,2,'2011-12-27 08:08:12'),(19588,19588,'Draft',21,0,0,0,0,0,0,0,0,0,2,'2011-12-27 08:08:12'),(19589,19589,'Update',21,0,0,0,0,0,0,0,0,0,2,'2011-12-27 08:08:12'),(19590,19590,'Delete',21,0,0,0,0,0,0,0,0,0,2,'2011-12-27 08:08:12'),(19591,19591,'Active',21,0,0,0,0,0,0,0,0,0,2,'2011-12-27 08:08:12'),(19592,19592,'Approved',21,0,0,0,0,0,0,0,0,0,2,'2011-12-27 08:08:12'),(19593,19593,'Review',21,0,0,0,0,0,0,0,0,0,2,'2011-12-27 08:08:12'),(19594,19594,'Post',21,0,0,0,0,0,0,0,0,0,2,'2011-12-27 08:08:12'),(19595,19595,'By',21,0,0,0,0,0,0,0,0,0,2,'2011-12-27 08:08:12'),(19596,19596,'Time',21,0,0,0,0,0,0,0,0,0,2,'2011-12-27 08:08:12'),(19597,19597,'lateInterestDetail',21,0,0,0,0,0,0,0,0,0,2,'2011-12-27 08:08:12'),(19598,19598,'lateInterest',21,0,0,0,0,0,0,0,0,0,2,'2011-12-27 08:08:12'),(19599,19599,'Period',21,0,0,0,0,0,0,0,0,0,2,'2011-12-27 08:08:12'),(19600,19600,'Late Interest Detail   Amount',21,0,0,0,0,0,0,0,0,0,2,'2011-12-27 08:08:12'),(19601,19601,'Default',21,0,0,0,0,0,0,0,0,0,2,'2011-12-27 08:08:12'),(19602,19602,'New',21,0,0,0,0,0,0,0,0,0,2,'2011-12-27 08:08:12'),(19603,19603,'Draft',21,0,0,0,0,0,0,0,0,0,2,'2011-12-27 08:08:12'),(19604,19604,'Update',21,0,0,0,0,0,0,0,0,0,2,'2011-12-27 08:08:12'),(19605,19605,'Delete',21,0,0,0,0,0,0,0,0,0,2,'2011-12-27 08:08:12'),(19606,19606,'Active',21,0,0,0,0,0,0,0,0,0,2,'2011-12-27 08:08:12'),(19607,19607,'Approved',21,0,0,0,0,0,0,0,0,0,2,'2011-12-27 08:08:12'),(19608,19608,'Review',21,0,0,0,0,0,0,0,0,0,2,'2011-12-27 08:08:12'),(19609,19609,'Post',21,0,0,0,0,0,0,0,0,0,2,'2011-12-27 08:08:12'),(19610,19610,'By',21,0,0,0,0,0,0,0,0,0,2,'2011-12-27 08:08:12'),(19611,19611,'Time',21,0,0,0,0,0,0,0,0,0,2,'2011-12-27 08:08:12'),(19612,19612,'lateInterestType',21,0,0,0,0,0,0,0,0,0,2,'2011-12-27 08:08:12'),(19613,19613,'Sequence',21,0,0,0,0,0,0,0,0,0,2,'2011-12-27 08:08:12'),(19614,19614,'Code',21,0,0,0,0,0,0,0,0,0,2,'2011-12-27 08:08:12'),(19615,19615,'Desc',21,0,0,0,0,0,0,0,0,0,2,'2011-12-27 08:08:12'),(19616,19616,'Default',21,0,0,0,0,0,0,0,0,0,2,'2011-12-27 08:08:12'),(19617,19617,'New',21,0,0,0,0,0,0,0,0,0,2,'2011-12-27 08:08:12'),(19618,19618,'Draft',21,0,0,0,0,0,0,0,0,0,2,'2011-12-27 08:08:12'),(19619,19619,'Update',21,0,0,0,0,0,0,0,0,0,2,'2011-12-27 08:08:12'),(19620,19620,'Delete',21,0,0,0,0,0,0,0,0,0,2,'2011-12-27 08:08:12'),(19621,19621,'Active',21,0,0,0,0,0,0,0,0,0,2,'2011-12-27 08:08:12'),(19622,19622,'Approved',21,0,0,0,0,0,0,0,0,0,2,'2011-12-27 08:08:12'),(19623,19623,'Review',21,0,0,0,0,0,0,0,0,0,2,'2011-12-27 08:08:12'),(19624,19624,'Post',21,0,0,0,0,0,0,0,0,0,2,'2011-12-27 08:08:12'),(19625,19625,'By',21,0,0,0,0,0,0,0,0,0,2,'2011-12-27 08:08:12'),(19626,19626,'Time',21,0,0,0,0,0,0,0,0,0,2,'2011-12-27 08:08:12'),(19627,19627,'marriage',21,0,0,0,0,0,0,0,0,0,2,'2011-12-27 08:08:12'),(19628,19628,'Sequence',21,0,0,0,0,0,0,0,0,0,2,'2011-12-27 08:08:12'),(19629,19629,'Code',21,0,0,0,0,0,0,0,0,0,2,'2011-12-27 08:08:12'),(19630,19630,'Desc',21,0,0,0,0,0,0,0,0,0,2,'2011-12-27 08:08:12'),(19631,19631,'Default',21,0,0,0,0,0,0,0,0,0,2,'2011-12-27 08:08:12'),(19632,19632,'New',21,0,0,0,0,0,0,0,0,0,2,'2011-12-27 08:08:12'),(19633,19633,'Draft',21,0,0,0,0,0,0,0,0,0,2,'2011-12-27 08:08:12'),(19634,19634,'Update',21,0,0,0,0,0,0,0,0,0,2,'2011-12-27 08:08:12'),(19635,19635,'Delete',21,0,0,0,0,0,0,0,0,0,2,'2011-12-27 08:08:12'),(19636,19636,'Active',21,0,0,0,0,0,0,0,0,0,2,'2011-12-27 08:08:12'),(19637,19637,'Approved',21,0,0,0,0,0,0,0,0,0,2,'2011-12-27 08:08:12'),(19638,19638,'Review',21,0,0,0,0,0,0,0,0,0,2,'2011-12-27 08:08:12'),(19639,19639,'Post',21,0,0,0,0,0,0,0,0,0,2,'2011-12-27 08:08:12'),(19640,19640,'By',21,0,0,0,0,0,0,0,0,0,2,'2011-12-27 08:08:12'),(19641,19641,'Time',21,0,0,0,0,0,0,0,0,0,2,'2011-12-27 08:08:12'),(19642,19642,'paymentLedger',21,0,0,0,0,0,0,0,0,0,2,'2011-12-27 08:08:12'),(19643,19643,'Document No',21,0,0,0,0,0,0,0,0,0,2,'2011-12-27 08:08:12'),(19644,19644,'Reference No',21,0,0,0,0,0,0,0,0,0,2,'2011-12-27 08:08:12'),(19645,19645,'Title',21,0,0,0,0,0,0,0,0,0,2,'2011-12-27 08:08:12'),(19646,19646,'Desc',21,0,0,0,0,0,0,0,0,0,2,'2011-12-27 08:08:12'),(19647,19647,'Date',21,0,0,0,0,0,0,0,0,0,2,'2011-12-27 08:08:12'),(19648,19648,'Amount',21,0,0,0,0,0,0,0,0,0,2,'2011-12-27 08:08:12'),(19649,19649,'businessPartner',21,0,0,0,0,0,0,0,0,0,2,'2011-12-27 08:08:12'),(19650,19650,'paymentType',21,0,0,0,0,0,0,0,0,0,2,'2011-12-27 08:08:12'),(19651,19651,'Default',21,0,0,0,0,0,0,0,0,0,2,'2011-12-27 08:08:12'),(19652,19652,'New',21,0,0,0,0,0,0,0,0,0,2,'2011-12-27 08:08:12'),(19653,19653,'Draft',21,0,0,0,0,0,0,0,0,0,2,'2011-12-27 08:08:12'),(19654,19654,'Update',21,0,0,0,0,0,0,0,0,0,2,'2011-12-27 08:08:12'),(19655,19655,'Delete',21,0,0,0,0,0,0,0,0,0,2,'2011-12-27 08:08:12'),(19656,19656,'Active',21,0,0,0,0,0,0,0,0,0,2,'2011-12-27 08:08:12'),(19657,19657,'Approved',21,0,0,0,0,0,0,0,0,0,2,'2011-12-27 08:08:12'),(19658,19658,'Review',21,0,0,0,0,0,0,0,0,0,2,'2011-12-27 08:08:12'),(19659,19659,'Post',21,0,0,0,0,0,0,0,0,0,2,'2011-12-27 08:08:12'),(19660,19660,'Reconciled',21,0,0,0,0,0,0,0,0,0,2,'2011-12-27 08:08:12'),(19661,19661,'By',21,0,0,0,0,0,0,0,0,0,2,'2011-12-27 08:08:12'),(19662,19662,'Time',21,0,0,0,0,0,0,0,0,0,2,'2011-12-27 08:08:12'),(19663,19663,'paymentLedgerDetail',21,0,0,0,0,0,0,0,0,0,2,'2011-12-27 08:08:12'),(19664,19664,'paymentLedger',21,0,0,0,0,0,0,0,0,0,2,'2011-12-27 08:08:12'),(19665,19665,'generalLedgerChartOfAccount',21,0,0,0,0,0,0,0,0,0,2,'2011-12-27 08:08:12'),(19666,19666,'country',21,0,0,0,0,0,0,0,0,0,2,'2011-12-27 08:08:12'),(19667,19667,'Transaction Mode',21,0,0,0,0,0,0,0,0,0,2,'2011-12-27 08:08:12'),(19668,19668,'Amount',21,0,0,0,0,0,0,0,0,0,2,'2011-12-27 08:08:12'),(19669,19669,'Default',21,0,0,0,0,0,0,0,0,0,2,'2011-12-27 08:08:12'),(19670,19670,'New',21,0,0,0,0,0,0,0,0,0,2,'2011-12-27 08:08:12'),(19671,19671,'Draft',21,0,0,0,0,0,0,0,0,0,2,'2011-12-27 08:08:12'),(19672,19672,'Update',21,0,0,0,0,0,0,0,0,0,2,'2011-12-27 08:08:12'),(19673,19673,'Delete',21,0,0,0,0,0,0,0,0,0,2,'2011-12-27 08:08:12'),(19674,19674,'Active',21,0,0,0,0,0,0,0,0,0,2,'2011-12-27 08:08:12'),(19675,19675,'Approved',21,0,0,0,0,0,0,0,0,0,2,'2011-12-27 08:08:12'),(19676,19676,'Review',21,0,0,0,0,0,0,0,0,0,2,'2011-12-27 08:08:12'),(19677,19677,'Post',21,0,0,0,0,0,0,0,0,0,2,'2011-12-27 08:08:12'),(19678,19678,'By',21,0,0,0,0,0,0,0,0,0,2,'2011-12-27 08:08:12'),(19679,19679,'Time',21,0,0,0,0,0,0,0,0,0,2,'2011-12-27 08:08:12'),(19680,19680,'paymentType',21,0,0,0,0,0,0,0,0,0,2,'2011-12-27 08:08:12'),(19681,19681,'Sequence',21,0,0,0,0,0,0,0,0,0,2,'2011-12-27 08:08:12'),(19682,19682,'Code',21,0,0,0,0,0,0,0,0,0,2,'2011-12-27 08:08:12'),(19683,19683,'Desc',21,0,0,0,0,0,0,0,0,0,2,'2011-12-27 08:08:12'),(19684,19684,'Default',21,0,0,0,0,0,0,0,0,0,2,'2011-12-27 08:08:12'),(19685,19685,'New',21,0,0,0,0,0,0,0,0,0,2,'2011-12-27 08:08:12'),(19686,19686,'Draft',21,0,0,0,0,0,0,0,0,0,2,'2011-12-27 08:08:12'),(19687,19687,'Update',21,0,0,0,0,0,0,0,0,0,2,'2011-12-27 08:08:12'),(19688,19688,'Delete',21,0,0,0,0,0,0,0,0,0,2,'2011-12-27 08:08:12'),(19689,19689,'Active',21,0,0,0,0,0,0,0,0,0,2,'2011-12-27 08:08:12'),(19690,19690,'Approved',21,0,0,0,0,0,0,0,0,0,2,'2011-12-27 08:08:12'),(19691,19691,'Review',21,0,0,0,0,0,0,0,0,0,2,'2011-12-27 08:08:12'),(19692,19692,'Post',21,0,0,0,0,0,0,0,0,0,2,'2011-12-27 08:08:12'),(19693,19693,'By',21,0,0,0,0,0,0,0,0,0,2,'2011-12-27 08:08:12'),(19694,19694,'Time',21,0,0,0,0,0,0,0,0,0,2,'2011-12-27 08:08:12'),(19695,19695,'race',21,0,0,0,0,0,0,0,0,0,2,'2011-12-27 08:08:12'),(19696,19696,'Sequence',21,0,0,0,0,0,0,0,0,0,2,'2011-12-27 08:08:12'),(19697,19697,'Code',21,0,0,0,0,0,0,0,0,0,2,'2011-12-27 08:08:12'),(19698,19698,'Desc',21,0,0,0,0,0,0,0,0,0,2,'2011-12-27 08:08:12'),(19699,19699,'Default',21,0,0,0,0,0,0,0,0,0,2,'2011-12-27 08:08:12'),(19700,19700,'New',21,0,0,0,0,0,0,0,0,0,2,'2011-12-27 08:08:12'),(19701,19701,'Draft',21,0,0,0,0,0,0,0,0,0,2,'2011-12-27 08:08:12'),(19702,19702,'Update',21,0,0,0,0,0,0,0,0,0,2,'2011-12-27 08:08:12'),(19703,19703,'Delete',21,0,0,0,0,0,0,0,0,0,2,'2011-12-27 08:08:12'),(19704,19704,'Active',21,0,0,0,0,0,0,0,0,0,2,'2011-12-27 08:08:12'),(19705,19705,'Approved',21,0,0,0,0,0,0,0,0,0,2,'2011-12-27 08:08:12'),(19706,19706,'Review',21,0,0,0,0,0,0,0,0,0,2,'2011-12-27 08:08:12'),(19707,19707,'Post',21,0,0,0,0,0,0,0,0,0,2,'2011-12-27 08:08:12'),(19708,19708,'By',21,0,0,0,0,0,0,0,0,0,2,'2011-12-27 08:08:12'),(19709,19709,'Time',21,0,0,0,0,0,0,0,0,0,2,'2011-12-27 08:08:12'),(19710,19710,'refundLedger',21,0,0,0,0,0,0,0,0,0,2,'2011-12-27 08:08:12'),(19711,19711,'refundType',21,0,0,0,0,0,0,0,0,0,2,'2011-12-27 08:08:12'),(19712,19712,'Document No',21,0,0,0,0,0,0,0,0,0,2,'2011-12-27 08:08:12'),(19713,19713,'Reference No',21,0,0,0,0,0,0,0,0,0,2,'2011-12-27 08:08:12'),(19714,19714,'Title',21,0,0,0,0,0,0,0,0,0,2,'2011-12-27 08:08:12'),(19715,19715,'Desc',21,0,0,0,0,0,0,0,0,0,2,'2011-12-27 08:08:12'),(19716,19716,'Date',21,0,0,0,0,0,0,0,0,0,2,'2011-12-27 08:08:12'),(19717,19717,'Amount',21,0,0,0,0,0,0,0,0,0,2,'2011-12-27 08:08:12'),(19718,19718,'businessPartner',21,0,0,0,0,0,0,0,0,0,2,'2011-12-27 08:08:12'),(19719,19719,'invoiceCategory',21,0,0,0,0,0,0,0,0,0,2,'2011-12-27 08:08:12'),(19720,19720,'invoiceType',21,0,0,0,0,0,0,0,0,0,2,'2011-12-27 08:08:12'),(19721,19721,'invoiceLedger',21,0,0,0,0,0,0,0,0,0,2,'2011-12-27 08:08:12'),(19722,19722,'Default',21,0,0,0,0,0,0,0,0,0,2,'2011-12-27 08:08:12'),(19723,19723,'New',21,0,0,0,0,0,0,0,0,0,2,'2011-12-27 08:08:12'),(19724,19724,'Draft',21,0,0,0,0,0,0,0,0,0,2,'2011-12-27 08:08:12'),(19725,19725,'Update',21,0,0,0,0,0,0,0,0,0,2,'2011-12-27 08:08:12'),(19726,19726,'Delete',21,0,0,0,0,0,0,0,0,0,2,'2011-12-27 08:08:12'),(19727,19727,'Active',21,0,0,0,0,0,0,0,0,0,2,'2011-12-27 08:08:12'),(19728,19728,'Approved',21,0,0,0,0,0,0,0,0,0,2,'2011-12-27 08:08:12'),(19729,19729,'Review',21,0,0,0,0,0,0,0,0,0,2,'2011-12-27 08:08:12'),(19730,19730,'Post',21,0,0,0,0,0,0,0,0,0,2,'2011-12-27 08:08:12'),(19731,19731,'Reconciled',21,0,0,0,0,0,0,0,0,0,2,'2011-12-27 08:08:12'),(19732,19732,'By',21,0,0,0,0,0,0,0,0,0,2,'2011-12-27 08:08:12'),(19733,19733,'Time',21,0,0,0,0,0,0,0,0,0,2,'2011-12-27 08:08:12'),(19734,19734,'refundLedgerDetail',21,0,0,0,0,0,0,0,0,0,2,'2011-12-27 08:08:12'),(19735,19735,'refundLedger',21,0,0,0,0,0,0,0,0,0,2,'2011-12-27 08:08:12'),(19736,19736,'generalLedgerChartOfAccount',21,0,0,0,0,0,0,0,0,0,2,'2011-12-27 08:08:12'),(19737,19737,'country',21,0,0,0,0,0,0,0,0,0,2,'2011-12-27 08:08:12'),(19738,19738,'Transaction Mode',21,0,0,0,0,0,0,0,0,0,2,'2011-12-27 08:08:12'),(19739,19739,'Amount',21,0,0,0,0,0,0,0,0,0,2,'2011-12-27 08:08:12'),(19740,19740,'Default',21,0,0,0,0,0,0,0,0,0,2,'2011-12-27 08:08:12'),(19741,19741,'New',21,0,0,0,0,0,0,0,0,0,2,'2011-12-27 08:08:12'),(19742,19742,'Draft',21,0,0,0,0,0,0,0,0,0,2,'2011-12-27 08:08:12'),(19743,19743,'Update',21,0,0,0,0,0,0,0,0,0,2,'2011-12-27 08:08:12'),(19744,19744,'Delete',21,0,0,0,0,0,0,0,0,0,2,'2011-12-27 08:08:12'),(19745,19745,'Active',21,0,0,0,0,0,0,0,0,0,2,'2011-12-27 08:08:12'),(19746,19746,'Approved',21,0,0,0,0,0,0,0,0,0,2,'2011-12-27 08:08:12'),(19747,19747,'Review',21,0,0,0,0,0,0,0,0,0,2,'2011-12-27 08:08:12'),(19748,19748,'Post',21,0,0,0,0,0,0,0,0,0,2,'2011-12-27 08:08:12'),(19749,19749,'By',21,0,0,0,0,0,0,0,0,0,2,'2011-12-27 08:08:12'),(19750,19750,'Time',21,0,0,0,0,0,0,0,0,0,2,'2011-12-27 08:08:12'),(19751,19751,'taxType',21,0,0,0,0,0,0,0,0,0,2,'2011-12-27 08:08:12'),(19752,19752,'Tax Sequence',21,0,0,0,0,0,0,0,0,0,2,'2011-12-27 08:08:12'),(19753,19753,'Tax Code',21,0,0,0,0,0,0,0,0,0,2,'2011-12-27 08:08:12'),(19754,19754,'Tax Desc',21,0,0,0,0,0,0,0,0,0,2,'2011-12-27 08:08:12'),(19755,19755,'Default',21,0,0,0,0,0,0,0,0,0,2,'2011-12-27 08:08:12'),(19756,19756,'New',21,0,0,0,0,0,0,0,0,0,2,'2011-12-27 08:08:12'),(19757,19757,'Draft',21,0,0,0,0,0,0,0,0,0,2,'2011-12-27 08:08:12'),(19758,19758,'Update',21,0,0,0,0,0,0,0,0,0,2,'2011-12-27 08:08:12'),(19759,19759,'Delete',21,0,0,0,0,0,0,0,0,0,2,'2011-12-27 08:08:12'),(19760,19760,'Active',21,0,0,0,0,0,0,0,0,0,2,'2011-12-27 08:08:12'),(19761,19761,'Approved',21,0,0,0,0,0,0,0,0,0,2,'2011-12-27 08:08:12'),(19762,19762,'Review',21,0,0,0,0,0,0,0,0,0,2,'2011-12-27 08:08:12'),(19763,19763,'Post',21,0,0,0,0,0,0,0,0,0,2,'2011-12-27 08:08:12'),(19764,19764,'By',21,0,0,0,0,0,0,0,0,0,2,'2011-12-27 08:08:12'),(19765,19765,'Time',21,0,0,0,0,0,0,0,0,0,2,'2011-12-27 08:08:12'),(19766,19766,'religion',21,0,0,0,0,0,0,0,0,0,2,'2011-12-27 08:08:12'),(19767,19767,'Sequence',21,0,0,0,0,0,0,0,0,0,2,'2011-12-27 08:08:12'),(19768,19768,'Code',21,0,0,0,0,0,0,0,0,0,2,'2011-12-27 08:08:12'),(19769,19769,'Desc',21,0,0,0,0,0,0,0,0,0,2,'2011-12-27 08:08:12'),(19770,19770,'Default',21,0,0,0,0,0,0,0,0,0,2,'2011-12-27 08:08:12'),(19771,19771,'New',21,0,0,0,0,0,0,0,0,0,2,'2011-12-27 08:08:12'),(19772,19772,'Draft',21,0,0,0,0,0,0,0,0,0,2,'2011-12-27 08:08:12'),(19773,19773,'Update',21,0,0,0,0,0,0,0,0,0,2,'2011-12-27 08:08:12'),(19774,19774,'Delete',21,0,0,0,0,0,0,0,0,0,2,'2011-12-27 08:08:12'),(19775,19775,'Active',21,0,0,0,0,0,0,0,0,0,2,'2011-12-27 08:08:12'),(19776,19776,'Approved',21,0,0,0,0,0,0,0,0,0,2,'2011-12-27 08:08:12'),(19777,19777,'Review',21,0,0,0,0,0,0,0,0,0,2,'2011-12-27 08:08:12'),(19778,19778,'Post',21,0,0,0,0,0,0,0,0,0,2,'2011-12-27 08:08:12'),(19779,19779,'By',21,0,0,0,0,0,0,0,0,0,2,'2011-12-27 08:08:12'),(19780,19780,'Time',21,0,0,0,0,0,0,0,0,0,2,'2011-12-27 08:08:12'),(19781,19781,'salesLedger',21,0,0,0,0,0,0,0,0,0,2,'2011-12-27 08:08:13'),(19782,19782,'Document No',21,0,0,0,0,0,0,0,0,0,2,'2011-12-27 08:08:13'),(19783,19783,'Reference No',21,0,0,0,0,0,0,0,0,0,2,'2011-12-27 08:08:13'),(19784,19784,'Title',21,0,0,0,0,0,0,0,0,0,2,'2011-12-27 08:08:13'),(19785,19785,'Desc',21,0,0,0,0,0,0,0,0,0,2,'2011-12-27 08:08:13'),(19786,19786,'Date',21,0,0,0,0,0,0,0,0,0,2,'2011-12-27 08:08:13'),(19787,19787,'Amount',21,0,0,0,0,0,0,0,0,0,2,'2011-12-27 08:08:13'),(19788,19788,'businessPartner',21,0,0,0,0,0,0,0,0,0,2,'2011-12-27 08:08:13'),(19789,19789,'salesType',21,0,0,0,0,0,0,0,0,0,2,'2011-12-27 08:08:13'),(19790,19790,'invoice',21,0,0,0,0,0,0,0,0,0,2,'2011-12-27 08:08:13'),(19791,19791,'Default',21,0,0,0,0,0,0,0,0,0,2,'2011-12-27 08:08:13'),(19792,19792,'New',21,0,0,0,0,0,0,0,0,0,2,'2011-12-27 08:08:13'),(19793,19793,'Draft',21,0,0,0,0,0,0,0,0,0,2,'2011-12-27 08:08:13'),(19794,19794,'Update',21,0,0,0,0,0,0,0,0,0,2,'2011-12-27 08:08:13'),(19795,19795,'Delete',21,0,0,0,0,0,0,0,0,0,2,'2011-12-27 08:08:13'),(19796,19796,'Active',21,0,0,0,0,0,0,0,0,0,2,'2011-12-27 08:08:13'),(19797,19797,'Approved',21,0,0,0,0,0,0,0,0,0,2,'2011-12-27 08:08:13'),(19798,19798,'Review',21,0,0,0,0,0,0,0,0,0,2,'2011-12-27 08:08:13'),(19799,19799,'Post',21,0,0,0,0,0,0,0,0,0,2,'2011-12-27 08:08:13'),(19800,19800,'Reconciled',21,0,0,0,0,0,0,0,0,0,2,'2011-12-27 08:08:13'),(19801,19801,'By',21,0,0,0,0,0,0,0,0,0,2,'2011-12-27 08:08:13'),(19802,19802,'Time',21,0,0,0,0,0,0,0,0,0,2,'2011-12-27 08:08:13'),(19803,19803,'salesLedgerDetail',21,0,0,0,0,0,0,0,0,0,2,'2011-12-27 08:08:13'),(19804,19804,'salesLedger',21,0,0,0,0,0,0,0,0,0,2,'2011-12-27 08:08:13'),(19805,19805,'generalLedgerChartOfAccount',21,0,0,0,0,0,0,0,0,0,2,'2011-12-27 08:08:13'),(19806,19806,'country',21,0,0,0,0,0,0,0,0,0,2,'2011-12-27 08:08:13'),(19807,19807,'Transaction Mode',21,0,0,0,0,0,0,0,0,0,2,'2011-12-27 08:08:13'),(19808,19808,'product',21,0,0,0,0,0,0,0,0,0,2,'2011-12-27 08:08:13'),(19809,19809,'Sales Quantity',21,0,0,0,0,0,0,0,0,0,2,'2011-12-27 08:08:13'),(19810,19810,'Amount',21,0,0,0,0,0,0,0,0,0,2,'2011-12-27 08:08:13'),(19811,19811,'Default',21,0,0,0,0,0,0,0,0,0,2,'2011-12-27 08:08:13'),(19812,19812,'New',21,0,0,0,0,0,0,0,0,0,2,'2011-12-27 08:08:13'),(19813,19813,'Draft',21,0,0,0,0,0,0,0,0,0,2,'2011-12-27 08:08:13'),(19814,19814,'Update',21,0,0,0,0,0,0,0,0,0,2,'2011-12-27 08:08:13'),(19815,19815,'Delete',21,0,0,0,0,0,0,0,0,0,2,'2011-12-27 08:08:13'),(19816,19816,'Active',21,0,0,0,0,0,0,0,0,0,2,'2011-12-27 08:08:13'),(19817,19817,'Approved',21,0,0,0,0,0,0,0,0,0,2,'2011-12-27 08:08:13'),(19818,19818,'Review',21,0,0,0,0,0,0,0,0,0,2,'2011-12-27 08:08:13'),(19819,19819,'Post',21,0,0,0,0,0,0,0,0,0,2,'2011-12-27 08:08:13'),(19820,19820,'By',21,0,0,0,0,0,0,0,0,0,2,'2011-12-27 08:08:13'),(19821,19821,'Time',21,0,0,0,0,0,0,0,0,0,2,'2011-12-27 08:08:13'),(19822,19822,'salesType',21,0,0,0,0,0,0,0,0,0,2,'2011-12-27 08:08:13'),(19823,19823,'Sequence',21,0,0,0,0,0,0,0,0,0,2,'2011-12-27 08:08:13'),(19824,19824,'Code',21,0,0,0,0,0,0,0,0,0,2,'2011-12-27 08:08:13'),(19825,19825,'Desc',21,0,0,0,0,0,0,0,0,0,2,'2011-12-27 08:08:13'),(19826,19826,'Default',21,0,0,0,0,0,0,0,0,0,2,'2011-12-27 08:08:13'),(19827,19827,'New',21,0,0,0,0,0,0,0,0,0,2,'2011-12-27 08:08:13'),(19828,19828,'Draft',21,0,0,0,0,0,0,0,0,0,2,'2011-12-27 08:08:13'),(19829,19829,'Update',21,0,0,0,0,0,0,0,0,0,2,'2011-12-27 08:08:13'),(19830,19830,'Delete',21,0,0,0,0,0,0,0,0,0,2,'2011-12-27 08:08:13'),(19831,19831,'Active',21,0,0,0,0,0,0,0,0,0,2,'2011-12-27 08:08:13'),(19832,19832,'Approved',21,0,0,0,0,0,0,0,0,0,2,'2011-12-27 08:08:13'),(19833,19833,'Review',21,0,0,0,0,0,0,0,0,0,2,'2011-12-27 08:08:13'),(19834,19834,'Post',21,0,0,0,0,0,0,0,0,0,2,'2011-12-27 08:08:13'),(19835,19835,'By',21,0,0,0,0,0,0,0,0,0,2,'2011-12-27 08:08:13'),(19836,19836,'Time',21,0,0,0,0,0,0,0,0,0,2,'2011-12-27 08:08:13'),(19837,19837,'salutation',21,0,0,0,0,0,0,0,0,0,2,'2011-12-27 08:08:13'),(19838,19838,'Sequence',21,0,0,0,0,0,0,0,0,0,2,'2011-12-27 08:08:13'),(19839,19839,'Code',21,0,0,0,0,0,0,0,0,0,2,'2011-12-27 08:08:13'),(19840,19840,'Desc',21,0,0,0,0,0,0,0,0,0,2,'2011-12-27 08:08:13'),(19841,19841,'Default',21,0,0,0,0,0,0,0,0,0,2,'2011-12-27 08:08:13'),(19842,19842,'New',21,0,0,0,0,0,0,0,0,0,2,'2011-12-27 08:08:13'),(19843,19843,'Draft',21,0,0,0,0,0,0,0,0,0,2,'2011-12-27 08:08:13'),(19844,19844,'Update',21,0,0,0,0,0,0,0,0,0,2,'2011-12-27 08:08:13'),(19845,19845,'Delete',21,0,0,0,0,0,0,0,0,0,2,'2011-12-27 08:08:13'),(19846,19846,'Active',21,0,0,0,0,0,0,0,0,0,2,'2011-12-27 08:08:13'),(19847,19847,'Approved',21,0,0,0,0,0,0,0,0,0,2,'2011-12-27 08:08:13'),(19848,19848,'Review',21,0,0,0,0,0,0,0,0,0,2,'2011-12-27 08:08:13'),(19849,19849,'Post',21,0,0,0,0,0,0,0,0,0,2,'2011-12-27 08:08:13'),(19850,19850,'By',21,0,0,0,0,0,0,0,0,0,2,'2011-12-27 08:08:13'),(19851,19851,'Time',21,0,0,0,0,0,0,0,0,0,2,'2011-12-27 08:08:13'),(19852,19852,'state',21,0,0,0,0,0,0,0,0,0,2,'2011-12-27 08:08:13'),(19853,19853,'country',21,0,0,0,0,0,0,0,0,0,2,'2011-12-27 08:08:13'),(19854,19854,'Sequence',21,0,0,0,0,0,0,0,0,0,2,'2011-12-27 08:08:13'),(19855,19855,'Code',21,0,0,0,0,0,0,0,0,0,2,'2011-12-27 08:08:13'),(19856,19856,'Desc',21,0,0,0,0,0,0,0,0,0,2,'2011-12-27 08:08:13'),(19857,19857,'Default',21,0,0,0,0,0,0,0,0,0,2,'2011-12-27 08:08:13'),(19858,19858,'New',21,0,0,0,0,0,0,0,0,0,2,'2011-12-27 08:08:13'),(19859,19859,'Draft',21,0,0,0,0,0,0,0,0,0,2,'2011-12-27 08:08:13'),(19860,19860,'Update',21,0,0,0,0,0,0,0,0,0,2,'2011-12-27 08:08:13'),(19861,19861,'Delete',21,0,0,0,0,0,0,0,0,0,2,'2011-12-27 08:08:13'),(19862,19862,'Active',21,0,0,0,0,0,0,0,0,0,2,'2011-12-27 08:08:13'),(19863,19863,'Approved',21,0,0,0,0,0,0,0,0,0,2,'2011-12-27 08:08:13'),(19864,19864,'Review',21,0,0,0,0,0,0,0,0,0,2,'2011-12-27 08:08:13'),(19865,19865,'Post',21,0,0,0,0,0,0,0,0,0,2,'2011-12-27 08:08:13'),(19866,19866,'By',21,0,0,0,0,0,0,0,0,0,2,'2011-12-27 08:08:13'),(19867,19867,'Time',21,0,0,0,0,0,0,0,0,0,2,'2011-12-27 08:08:13'),(19868,19868,'taxType',21,0,0,0,0,0,0,0,0,0,2,'2011-12-27 08:08:13'),(19869,19869,'Sequence',21,0,0,0,0,0,0,0,0,0,2,'2011-12-27 08:08:13'),(19870,19870,'Code',21,0,0,0,0,0,0,0,0,0,2,'2011-12-27 08:08:13'),(19871,19871,'Desc',21,0,0,0,0,0,0,0,0,0,2,'2011-12-27 08:08:13'),(19872,19872,'Default',21,0,0,0,0,0,0,0,0,0,2,'2011-12-27 08:08:13'),(19873,19873,'New',21,0,0,0,0,0,0,0,0,0,2,'2011-12-27 08:08:13'),(19874,19874,'Draft',21,0,0,0,0,0,0,0,0,0,2,'2011-12-27 08:08:13'),(19875,19875,'Update',21,0,0,0,0,0,0,0,0,0,2,'2011-12-27 08:08:13'),(19876,19876,'Delete',21,0,0,0,0,0,0,0,0,0,2,'2011-12-27 08:08:13'),(19877,19877,'Active',21,0,0,0,0,0,0,0,0,0,2,'2011-12-27 08:08:13'),(19878,19878,'Approved',21,0,0,0,0,0,0,0,0,0,2,'2011-12-27 08:08:13'),(19879,19879,'Review',21,0,0,0,0,0,0,0,0,0,2,'2011-12-27 08:08:13'),(19880,19880,'Post',21,0,0,0,0,0,0,0,0,0,2,'2011-12-27 08:08:13'),(19881,19881,'By',21,0,0,0,0,0,0,0,0,0,2,'2011-12-27 08:08:13'),(19882,19882,'Time',21,0,0,0,0,0,0,0,0,0,2,'2011-12-27 08:08:13'),(19883,19883,'transactionLedger',21,0,0,0,0,0,0,0,0,0,2,'2011-12-27 08:08:13'),(19884,19884,'Document No',21,0,0,0,0,0,0,0,0,0,2,'2011-12-27 08:08:13'),(19885,19885,'Reference No',21,0,0,0,0,0,0,0,0,0,2,'2011-12-27 08:08:13'),(19886,19886,'Title',21,0,0,0,0,0,0,0,0,0,2,'2011-12-27 08:08:13'),(19887,19887,'Desc',21,0,0,0,0,0,0,0,0,0,2,'2011-12-27 08:08:13'),(19888,19888,'Amount',21,0,0,0,0,0,0,0,0,0,2,'2011-12-27 08:08:13'),(19889,19889,'Date',21,0,0,0,0,0,0,0,0,0,2,'2011-12-27 08:08:13'),(19890,19890,'businessPartner',21,0,0,0,0,0,0,0,0,0,2,'2011-12-27 08:08:13'),(19891,19891,'Reconciled',21,0,0,0,0,0,0,0,0,0,2,'2011-12-27 08:08:13'),(19892,19892,'Default',21,0,0,0,0,0,0,0,0,0,2,'2011-12-27 08:08:13'),(19893,19893,'New',21,0,0,0,0,0,0,0,0,0,2,'2011-12-27 08:08:13'),(19894,19894,'Draft',21,0,0,0,0,0,0,0,0,0,2,'2011-12-27 08:08:13'),(19895,19895,'Update',21,0,0,0,0,0,0,0,0,0,2,'2011-12-27 08:08:13'),(19896,19896,'Delete',21,0,0,0,0,0,0,0,0,0,2,'2011-12-27 08:08:13'),(19897,19897,'Active',21,0,0,0,0,0,0,0,0,0,2,'2011-12-27 08:08:13'),(19898,19898,'Approved',21,0,0,0,0,0,0,0,0,0,2,'2011-12-27 08:08:13'),(19899,19899,'Review',21,0,0,0,0,0,0,0,0,0,2,'2011-12-27 08:08:13'),(19900,19900,'Post',21,0,0,0,0,0,0,0,0,0,2,'2011-12-27 08:08:13'),(19901,19901,'By',21,0,0,0,0,0,0,0,0,0,2,'2011-12-27 08:08:13'),(19902,19902,'Time',21,0,0,0,0,0,0,0,0,0,2,'2011-12-27 08:08:13'),(19903,19903,'transactionDetailLedger',21,0,0,0,0,0,0,0,0,0,2,'2011-12-27 08:08:13'),(19904,19904,'transactionLedger',21,0,0,0,0,0,0,0,0,0,2,'2011-12-27 08:08:13'),(19905,19905,'General Ledger Chart Of Account   No',21,0,0,0,0,0,0,0,0,0,2,'2011-12-27 08:08:13'),(19906,19906,'country',21,0,0,0,0,0,0,0,0,0,2,'2011-12-27 08:08:13'),(19907,19907,'Transaction Mode',21,0,0,0,0,0,0,0,0,0,2,'2011-12-27 08:08:13'),(19908,19908,'Transaction Amount',21,0,0,0,0,0,0,0,0,0,2,'2011-12-27 08:08:13'),(19909,19909,'Default',21,0,0,0,0,0,0,0,0,0,2,'2011-12-27 08:08:13'),(19910,19910,'New',21,0,0,0,0,0,0,0,0,0,2,'2011-12-27 08:08:13'),(19911,19911,'Draft',21,0,0,0,0,0,0,0,0,0,2,'2011-12-27 08:08:13'),(19912,19912,'Update',21,0,0,0,0,0,0,0,0,0,2,'2011-12-27 08:08:13'),(19913,19913,'Delete',21,0,0,0,0,0,0,0,0,0,2,'2011-12-27 08:08:13'),(19914,19914,'Active',21,0,0,0,0,0,0,0,0,0,2,'2011-12-27 08:08:13'),(19915,19915,'Approved',21,0,0,0,0,0,0,0,0,0,2,'2011-12-27 08:08:13'),(19916,19916,'Review',21,0,0,0,0,0,0,0,0,0,2,'2011-12-27 08:08:13'),(19917,19917,'Post',21,0,0,0,0,0,0,0,0,0,2,'2011-12-27 08:08:13'),(19918,19918,'By',21,0,0,0,0,0,0,0,0,0,2,'2011-12-27 08:08:13'),(19919,19919,'Time',21,0,0,0,0,0,0,0,0,0,2,'2011-12-27 08:08:13'),(19920,19920,'voucherLedger',21,0,0,0,0,0,0,0,0,0,2,'2011-12-27 08:08:13'),(19921,19921,'Document No',21,0,0,0,0,0,0,0,0,0,2,'2011-12-27 08:08:13'),(19922,19922,'Reference No',21,0,0,0,0,0,0,0,0,0,2,'2011-12-27 08:08:13'),(19923,19923,'Title',21,0,0,0,0,0,0,0,0,0,2,'2011-12-27 08:08:13'),(19924,19924,'Desc',21,0,0,0,0,0,0,0,0,0,2,'2011-12-27 08:08:13'),(19925,19925,'Date',21,0,0,0,0,0,0,0,0,0,2,'2011-12-27 08:08:13'),(19926,19926,'Amount',21,0,0,0,0,0,0,0,0,0,2,'2011-12-27 08:08:13'),(19927,19927,'businessPartner',21,0,0,0,0,0,0,0,0,0,2,'2011-12-27 08:08:13'),(19928,19928,'voucherType',21,0,0,0,0,0,0,0,0,0,2,'2011-12-27 08:08:13'),(19929,19929,'Fast Invoice',21,0,0,0,0,0,0,0,0,0,2,'2011-12-27 08:08:13'),(19930,19930,'Default',21,0,0,0,0,0,0,0,0,0,2,'2011-12-27 08:08:13'),(19931,19931,'New',21,0,0,0,0,0,0,0,0,0,2,'2011-12-27 08:08:13'),(19932,19932,'Draft',21,0,0,0,0,0,0,0,0,0,2,'2011-12-27 08:08:13'),(19933,19933,'Update',21,0,0,0,0,0,0,0,0,0,2,'2011-12-27 08:08:13'),(19934,19934,'Delete',21,0,0,0,0,0,0,0,0,0,2,'2011-12-27 08:08:13'),(19935,19935,'Active',21,0,0,0,0,0,0,0,0,0,2,'2011-12-27 08:08:13'),(19936,19936,'Approved',21,0,0,0,0,0,0,0,0,0,2,'2011-12-27 08:08:13'),(19937,19937,'Review',21,0,0,0,0,0,0,0,0,0,2,'2011-12-27 08:08:13'),(19938,19938,'Post',21,0,0,0,0,0,0,0,0,0,2,'2011-12-27 08:08:13'),(19939,19939,'Reconciled',21,0,0,0,0,0,0,0,0,0,2,'2011-12-27 08:08:13'),(19940,19940,'By',21,0,0,0,0,0,0,0,0,0,2,'2011-12-27 08:08:13'),(19941,19941,'Time',21,0,0,0,0,0,0,0,0,0,2,'2011-12-27 08:08:13'),(19942,19942,'voucherLedgerDetail',21,0,0,0,0,0,0,0,0,0,2,'2011-12-27 08:08:13'),(19943,19943,'voucherLedger',21,0,0,0,0,0,0,0,0,0,2,'2011-12-27 08:08:13'),(19944,19944,'generalLedgerChartOfAccount',21,0,0,0,0,0,0,0,0,0,2,'2011-12-27 08:08:13'),(19945,19945,'country',21,0,0,0,0,0,0,0,0,0,2,'2011-12-27 08:08:13'),(19946,19946,'Transaction Mode',21,0,0,0,0,0,0,0,0,0,2,'2011-12-27 08:08:13'),(19947,19947,'Amount',21,0,0,0,0,0,0,0,0,0,2,'2011-12-27 08:08:13'),(19948,19948,'Default',21,0,0,0,0,0,0,0,0,0,2,'2011-12-27 08:08:13'),(19949,19949,'New',21,0,0,0,0,0,0,0,0,0,2,'2011-12-27 08:08:13'),(19950,19950,'Draft',21,0,0,0,0,0,0,0,0,0,2,'2011-12-27 08:08:13'),(19951,19951,'Update',21,0,0,0,0,0,0,0,0,0,2,'2011-12-27 08:08:13'),(19952,19952,'Delete',21,0,0,0,0,0,0,0,0,0,2,'2011-12-27 08:08:13'),(19953,19953,'Active',21,0,0,0,0,0,0,0,0,0,2,'2011-12-27 08:08:13'),(19954,19954,'Approved',21,0,0,0,0,0,0,0,0,0,2,'2011-12-27 08:08:13'),(19955,19955,'Review',21,0,0,0,0,0,0,0,0,0,2,'2011-12-27 08:08:13'),(19956,19956,'Post',21,0,0,0,0,0,0,0,0,0,2,'2011-12-27 08:08:13'),(19957,19957,'By',21,0,0,0,0,0,0,0,0,0,2,'2011-12-27 08:08:13'),(19958,19958,'Time',21,0,0,0,0,0,0,0,0,0,2,'2011-12-27 08:08:13'),(19959,19959,'voucherType',21,0,0,0,0,0,0,0,0,0,2,'2011-12-27 08:08:13'),(19960,19960,'Sequence',21,0,0,0,0,0,0,0,0,0,2,'2011-12-27 08:08:13'),(19961,19961,'Code',21,0,0,0,0,0,0,0,0,0,2,'2011-12-27 08:08:13'),(19962,19962,'Desc',21,0,0,0,0,0,0,0,0,0,2,'2011-12-27 08:08:13'),(19963,19963,'Default',21,0,0,0,0,0,0,0,0,0,2,'2011-12-27 08:08:13'),(19964,19964,'New',21,0,0,0,0,0,0,0,0,0,2,'2011-12-27 08:08:13'),(19965,19965,'Draft',21,0,0,0,0,0,0,0,0,0,2,'2011-12-27 08:08:13'),(19966,19966,'Update',21,0,0,0,0,0,0,0,0,0,2,'2011-12-27 08:08:13'),(19967,19967,'Delete',21,0,0,0,0,0,0,0,0,0,2,'2011-12-27 08:08:13'),(19968,19968,'Active',21,0,0,0,0,0,0,0,0,0,2,'2011-12-27 08:08:13'),(19969,19969,'Approved',21,0,0,0,0,0,0,0,0,0,2,'2011-12-27 08:08:13'),(19970,19970,'Review',21,0,0,0,0,0,0,0,0,0,2,'2011-12-27 08:08:13'),(19971,19971,'Post',21,0,0,0,0,0,0,0,0,0,2,'2011-12-27 08:08:13'),(19972,19972,'By',21,0,0,0,0,0,0,0,0,0,2,'2011-12-27 08:08:13'),(19973,19973,'Time',21,0,0,0,0,0,0,0,0,0,2,'2011-12-27 08:08:13'),(20080,20080,'application',21,0,0,0,0,0,0,0,0,0,2,'2011-12-28 10:03:17'),(20081,20081,'icon',21,0,0,0,0,0,0,0,0,0,2,'2011-12-28 10:03:17'),(20082,20082,'Sequence',21,0,0,0,0,0,0,0,0,0,2,'2011-12-28 10:03:17'),(20083,20083,'Code',21,0,0,0,0,0,0,0,0,0,2,'2011-12-28 10:03:17'),(20084,20084,'English',21,0,0,0,0,0,0,0,0,0,2,'2011-12-28 10:03:17'),(20085,20085,'Filename',21,0,0,0,0,0,0,0,0,0,2,'2011-12-28 10:03:17'),(20086,20086,'Dashboard Filename',21,0,0,0,0,0,0,0,0,0,2,'2011-12-28 10:03:17'),(20087,20087,'Default',21,0,0,0,0,0,0,0,0,0,2,'2011-12-28 10:03:17'),(20088,20088,'New',21,0,0,0,0,0,0,0,0,0,2,'2011-12-28 10:03:17'),(20089,20089,'Draft',21,0,0,0,0,0,0,0,0,0,2,'2011-12-28 10:03:17'),(20090,20090,'Update',21,0,0,0,0,0,0,0,0,0,2,'2011-12-28 10:03:17'),(20091,20091,'Delete',21,0,0,0,0,0,0,0,0,0,2,'2011-12-28 10:03:17'),(20092,20092,'Active',21,0,0,0,0,0,0,0,0,0,2,'2011-12-28 10:03:17'),(20093,20093,'Approved',21,0,0,0,0,0,0,0,0,0,2,'2011-12-28 10:03:17'),(20094,20094,'Review',21,0,0,0,0,0,0,0,0,0,2,'2011-12-28 10:03:17'),(20095,20095,'Post',21,0,0,0,0,0,0,0,0,0,2,'2011-12-28 10:03:17'),(20096,20096,'By',21,0,0,0,0,0,0,0,0,0,2,'2011-12-28 10:03:17'),(20097,20097,'Time',21,0,0,0,0,0,0,0,0,0,2,'2011-12-28 10:03:17'),(20098,20098,'applicationAccess',21,0,0,0,0,0,0,0,0,0,2,'2011-12-28 10:03:17'),(20099,20099,'application',21,0,0,0,0,0,0,0,0,0,2,'2011-12-28 10:03:17'),(20100,20100,'team',21,0,0,0,0,0,0,0,0,0,2,'2011-12-28 10:03:17'),(20101,20101,'Application Value',21,0,0,0,0,0,0,0,0,0,2,'2011-12-28 10:03:17'),(20102,20102,'applicationTranslate',21,0,0,0,0,0,0,0,0,0,2,'2011-12-28 10:03:17'),(20103,20103,'application',21,0,0,0,0,0,0,0,0,0,2,'2011-12-28 10:03:17'),(20104,20104,'language',21,0,0,0,0,0,0,0,0,0,2,'2011-12-28 10:03:17'),(20105,20105,'Application Native',21,0,0,0,0,0,0,0,0,0,2,'2011-12-28 10:03:17'),(20106,20106,'Default',21,0,0,0,0,0,0,0,0,0,2,'2011-12-28 10:03:17'),(20107,20107,'New',21,0,0,0,0,0,0,0,0,0,2,'2011-12-28 10:03:17'),(20108,20108,'Draft',21,0,0,0,0,0,0,0,0,0,2,'2011-12-28 10:03:17'),(20109,20109,'Update',21,0,0,0,0,0,0,0,0,0,2,'2011-12-28 10:03:17'),(20110,20110,'Delete',21,0,0,0,0,0,0,0,0,0,2,'2011-12-28 10:03:17'),(20111,20111,'Active',21,0,0,0,0,0,0,0,0,0,2,'2011-12-28 10:03:17'),(20112,20112,'Approved',21,0,0,0,0,0,0,0,0,0,2,'2011-12-28 10:03:17'),(20113,20113,'Review',21,0,0,0,0,0,0,0,0,0,2,'2011-12-28 10:03:17'),(20114,20114,'Ispost',21,0,0,0,0,0,0,0,0,0,2,'2011-12-28 10:03:17'),(20115,20115,'By',21,0,0,0,0,0,0,0,0,0,2,'2011-12-28 10:03:17'),(20116,20116,'Time',21,0,0,0,0,0,0,0,0,0,2,'2011-12-28 10:03:17'),(20117,20117,'defaultLabel',21,0,0,0,0,0,0,0,0,0,2,'2011-12-28 10:03:17'),(20118,20118,'Default Label',21,0,0,0,0,0,0,0,0,0,2,'2011-12-28 10:03:17'),(20119,20119,'Default English',21,0,0,0,0,0,0,0,0,0,2,'2011-12-28 10:03:17'),(20120,20120,'Default',21,0,0,0,0,0,0,0,0,0,2,'2011-12-28 10:03:17'),(20121,20121,'New',21,0,0,0,0,0,0,0,0,0,2,'2011-12-28 10:03:17'),(20122,20122,'Draft',21,0,0,0,0,0,0,0,0,0,2,'2011-12-28 10:03:17'),(20123,20123,'Update',21,0,0,0,0,0,0,0,0,0,2,'2011-12-28 10:03:17'),(20124,20124,'Delete',21,0,0,0,0,0,0,0,0,0,2,'2011-12-28 10:03:17'),(20125,20125,'Active',21,0,0,0,0,0,0,0,0,0,2,'2011-12-28 10:03:17'),(20126,20126,'Approved',21,0,0,0,0,0,0,0,0,0,2,'2011-12-28 10:03:17'),(20127,20127,'Review',21,0,0,0,0,0,0,0,0,0,2,'2011-12-28 10:03:17'),(20128,20128,'Post',21,0,0,0,0,0,0,0,0,0,2,'2011-12-28 10:03:17'),(20129,20129,'By',21,0,0,0,0,0,0,0,0,0,2,'2011-12-28 10:03:17'),(20130,20130,'Time',21,0,0,0,0,0,0,0,0,0,2,'2011-12-28 10:03:17'),(20131,20131,'language',21,0,0,0,0,0,0,0,0,0,2,'2011-12-28 10:03:17'),(20132,20132,'defaultLabelTranslate',21,0,0,0,0,0,0,0,0,0,2,'2011-12-28 10:03:17'),(20133,20133,'Default Native',21,0,0,0,0,0,0,0,0,0,2,'2011-12-28 10:03:17'),(20134,20134,'defaultLabel',21,0,0,0,0,0,0,0,0,0,2,'2011-12-28 10:03:17'),(20135,20135,'document',21,0,0,0,0,0,0,0,0,0,2,'2011-12-28 10:03:17'),(20136,20136,'documentCategory',21,0,0,0,0,0,0,0,0,0,2,'2011-12-28 10:03:17'),(20137,20137,'leaf',21,0,0,0,0,0,0,0,0,0,2,'2011-12-28 10:03:17'),(20138,20138,'Code',21,0,0,0,0,0,0,0,0,0,2,'2011-12-28 10:03:17'),(20139,20139,'Document Sequence',21,0,0,0,0,0,0,0,0,0,2,'2011-12-28 10:03:17'),(20140,20140,'Note',21,0,0,0,0,0,0,0,0,0,2,'2011-12-28 10:03:17'),(20141,20141,'Title',21,0,0,0,0,0,0,0,0,0,2,'2011-12-28 10:03:17'),(20142,20142,'Desc',21,0,0,0,0,0,0,0,0,0,2,'2011-12-28 10:03:17'),(20143,20143,'Path',21,0,0,0,0,0,0,0,0,0,2,'2011-12-28 10:03:17'),(20144,20144,'Original Filename',21,0,0,0,0,0,0,0,0,0,2,'2011-12-28 10:03:17'),(20145,20145,'Download Filename',21,0,0,0,0,0,0,0,0,0,2,'2011-12-28 10:03:17'),(20146,20146,'Extension',21,0,0,0,0,0,0,0,0,0,2,'2011-12-28 10:03:17'),(20147,20147,'Version',21,0,0,0,0,0,0,0,0,0,2,'2011-12-28 10:03:17'),(20148,20148,'Default',21,0,0,0,0,0,0,0,0,0,2,'2011-12-28 10:03:17'),(20149,20149,'New',21,0,0,0,0,0,0,0,0,0,2,'2011-12-28 10:03:17'),(20150,20150,'Draft',21,0,0,0,0,0,0,0,0,0,2,'2011-12-28 10:03:17'),(20151,20151,'Update',21,0,0,0,0,0,0,0,0,0,2,'2011-12-28 10:03:17'),(20152,20152,'Delete',21,0,0,0,0,0,0,0,0,0,2,'2011-12-28 10:03:17'),(20153,20153,'Active',21,0,0,0,0,0,0,0,0,0,2,'2011-12-28 10:03:17'),(20154,20154,'Approved',21,0,0,0,0,0,0,0,0,0,2,'2011-12-28 10:03:17'),(20155,20155,'Review',21,0,0,0,0,0,0,0,0,0,2,'2011-12-28 10:03:17'),(20156,20156,'Post',21,0,0,0,0,0,0,0,0,0,2,'2011-12-28 10:03:17'),(20157,20157,'By',21,0,0,0,0,0,0,0,0,0,2,'2011-12-28 10:03:17'),(20158,20158,'Time',21,0,0,0,0,0,0,0,0,0,2,'2011-12-28 10:03:17'),(20159,20159,'documentSequence',21,0,0,0,0,0,0,0,0,0,2,'2011-12-28 10:03:17'),(20160,20160,'Code',21,0,0,0,0,0,0,0,0,0,2,'2011-12-28 10:03:17'),(20161,20161,'Desc',21,0,0,0,0,0,0,0,0,0,2,'2011-12-28 10:03:17'),(20162,20162,'Start',21,0,0,0,0,0,0,0,0,0,2,'2011-12-28 10:03:17'),(20163,20163,'End',21,0,0,0,0,0,0,0,0,0,2,'2011-12-28 10:03:17'),(20164,20164,'Number',21,0,0,0,0,0,0,0,0,0,2,'2011-12-28 10:03:17'),(20165,20165,'Default',21,0,0,0,0,0,0,0,0,0,2,'2011-12-28 10:03:17'),(20166,20166,'New',21,0,0,0,0,0,0,0,0,0,2,'2011-12-28 10:03:17'),(20167,20167,'Draft',21,0,0,0,0,0,0,0,0,0,2,'2011-12-28 10:03:17'),(20168,20168,'Update',21,0,0,0,0,0,0,0,0,0,2,'2011-12-28 10:03:17'),(20169,20169,'Delete',21,0,0,0,0,0,0,0,0,0,2,'2011-12-28 10:03:17'),(20170,20170,'Active',21,0,0,0,0,0,0,0,0,0,2,'2011-12-28 10:03:17'),(20171,20171,'Approved',21,0,0,0,0,0,0,0,0,0,2,'2011-12-28 10:03:17'),(20172,20172,'Review',21,0,0,0,0,0,0,0,0,0,2,'2011-12-28 10:03:17'),(20173,20173,'Post',21,0,0,0,0,0,0,0,0,0,2,'2011-12-28 10:03:17'),(20174,20174,'By',21,0,0,0,0,0,0,0,0,0,2,'2011-12-28 10:03:17'),(20175,20175,'Time',21,0,0,0,0,0,0,0,0,0,2,'2011-12-28 10:03:17'),(20176,20176,'documentSetting',21,0,0,0,0,0,0,0,0,0,2,'2011-12-28 10:03:17'),(20177,20177,'documentSequence',21,0,0,0,0,0,0,0,0,0,2,'2011-12-28 10:03:17'),(20178,20178,'leaf',21,0,0,0,0,0,0,0,0,0,2,'2011-12-28 10:03:17'),(20179,20179,'Default',21,0,0,0,0,0,0,0,0,0,2,'2011-12-28 10:03:17'),(20180,20180,'New',21,0,0,0,0,0,0,0,0,0,2,'2011-12-28 10:03:17'),(20181,20181,'Draft',21,0,0,0,0,0,0,0,0,0,2,'2011-12-28 10:03:17'),(20182,20182,'Update',21,0,0,0,0,0,0,0,0,0,2,'2011-12-28 10:03:17'),(20183,20183,'Delete',21,0,0,0,0,0,0,0,0,0,2,'2011-12-28 10:03:17'),(20184,20184,'Active',21,0,0,0,0,0,0,0,0,0,2,'2011-12-28 10:03:17'),(20185,20185,'Approved',21,0,0,0,0,0,0,0,0,0,2,'2011-12-28 10:03:17'),(20186,20186,'Review',21,0,0,0,0,0,0,0,0,0,2,'2011-12-28 10:03:17'),(20187,20187,'Post',21,0,0,0,0,0,0,0,0,0,2,'2011-12-28 10:03:17'),(20188,20188,'By',21,0,0,0,0,0,0,0,0,0,2,'2011-12-28 10:03:17'),(20189,20189,'Time',21,0,0,0,0,0,0,0,0,0,2,'2011-12-28 10:03:17'),(20190,20190,'documentCategory',21,0,0,0,0,0,0,0,0,0,2,'2011-12-28 10:03:17'),(20191,20191,'Document Title',21,0,0,0,0,0,0,0,0,0,2,'2011-12-28 10:03:17'),(20192,20192,'Document Desc',21,0,0,0,0,0,0,0,0,0,2,'2011-12-28 10:03:17'),(20193,20193,'Document Sequence',21,0,0,0,0,0,0,0,0,0,2,'2011-12-28 10:03:17'),(20194,20194,'Document Code',21,0,0,0,0,0,0,0,0,0,2,'2011-12-28 10:03:17'),(20195,20195,'Document English',21,0,0,0,0,0,0,0,0,0,2,'2011-12-28 10:03:17'),(20196,20196,'Default',21,0,0,0,0,0,0,0,0,0,2,'2011-12-28 10:03:17'),(20197,20197,'New',21,0,0,0,0,0,0,0,0,0,2,'2011-12-28 10:03:17'),(20198,20198,'Draft',21,0,0,0,0,0,0,0,0,0,2,'2011-12-28 10:03:17'),(20199,20199,'Is Update',21,0,0,0,0,0,0,0,0,0,2,'2011-12-28 10:03:17'),(20200,20200,'Delete',21,0,0,0,0,0,0,0,0,0,2,'2011-12-28 10:03:17'),(20201,20201,'Active',21,0,0,0,0,0,0,0,0,0,2,'2011-12-28 10:03:17'),(20202,20202,'Approved',21,0,0,0,0,0,0,0,0,0,2,'2011-12-28 10:03:17'),(20203,20203,'Review',21,0,0,0,0,0,0,0,0,0,2,'2011-12-28 10:03:17'),(20204,20204,'Post',21,0,0,0,0,0,0,0,0,0,2,'2011-12-28 10:03:17'),(20205,20205,'By',21,0,0,0,0,0,0,0,0,0,2,'2011-12-28 10:03:17'),(20206,20206,'Time',21,0,0,0,0,0,0,0,0,0,2,'2011-12-28 10:03:17'),(20207,20207,'extLabel',21,0,0,0,0,0,0,0,0,0,2,'2011-12-28 10:03:17'),(20208,20208,'Ext Labe L   English',21,0,0,0,0,0,0,0,0,0,2,'2011-12-28 10:03:17'),(20209,20209,'Default',21,0,0,0,0,0,0,0,0,0,2,'2011-12-28 10:03:17'),(20210,20210,'New',21,0,0,0,0,0,0,0,0,0,2,'2011-12-28 10:03:17'),(20211,20211,'Draft',21,0,0,0,0,0,0,0,0,0,2,'2011-12-28 10:03:17'),(20212,20212,'Update',21,0,0,0,0,0,0,0,0,0,2,'2011-12-28 10:03:17'),(20213,20213,'Delete',21,0,0,0,0,0,0,0,0,0,2,'2011-12-28 10:03:17'),(20214,20214,'Active',21,0,0,0,0,0,0,0,0,0,2,'2011-12-28 10:03:17'),(20215,20215,'Approved',21,0,0,0,0,0,0,0,0,0,2,'2011-12-28 10:03:17'),(20216,20216,'Review',21,0,0,0,0,0,0,0,0,0,2,'2011-12-28 10:03:17'),(20217,20217,'Post',21,0,0,0,0,0,0,0,0,0,2,'2011-12-28 10:03:17'),(20218,20218,'By',21,0,0,0,0,0,0,0,0,0,2,'2011-12-28 10:03:17'),(20219,20219,'Time',21,0,0,0,0,0,0,0,0,0,2,'2011-12-28 10:03:17'),(20220,20220,'extLabelTranslate',21,0,0,0,0,0,0,0,0,0,2,'2011-12-28 10:03:17'),(20221,20221,'extLabel',21,0,0,0,0,0,0,0,0,0,2,'2011-12-28 10:03:17'),(20222,20222,'language',21,0,0,0,0,0,0,0,0,0,2,'2011-12-28 10:03:17'),(20223,20223,'Ext Native',21,0,0,0,0,0,0,0,0,0,2,'2011-12-28 10:03:17'),(20224,20224,'folder',21,0,0,0,0,0,0,0,0,0,2,'2011-12-28 10:03:17'),(20225,20225,'application',21,0,0,0,0,0,0,0,0,0,2,'2011-12-28 10:03:17'),(20226,20226,'module',21,0,0,0,0,0,0,0,0,0,2,'2011-12-28 10:03:17'),(20227,20227,'icon',21,0,0,0,0,0,0,0,0,0,2,'2011-12-28 10:03:17'),(20228,20228,'Sequence',21,0,0,0,0,0,0,0,0,0,2,'2011-12-28 10:03:17'),(20229,20229,'Code',21,0,0,0,0,0,0,0,0,0,2,'2011-12-28 10:03:17'),(20230,20230,'Path',21,0,0,0,0,0,0,0,0,0,2,'2011-12-28 10:03:17'),(20231,20231,'English',21,0,0,0,0,0,0,0,0,0,2,'2011-12-28 10:03:17'),(20232,20232,'Default',21,0,0,0,0,0,0,0,0,0,2,'2011-12-28 10:03:17'),(20233,20233,'New',21,0,0,0,0,0,0,0,0,0,2,'2011-12-28 10:03:17'),(20234,20234,'Draft',21,0,0,0,0,0,0,0,0,0,2,'2011-12-28 10:03:17'),(20235,20235,'Update',21,0,0,0,0,0,0,0,0,0,2,'2011-12-28 10:03:17'),(20236,20236,'Delete',21,0,0,0,0,0,0,0,0,0,2,'2011-12-28 10:03:17'),(20237,20237,'Active',21,0,0,0,0,0,0,0,0,0,2,'2011-12-28 10:03:17'),(20238,20238,'Approved',21,0,0,0,0,0,0,0,0,0,2,'2011-12-28 10:03:17'),(20239,20239,'Review',21,0,0,0,0,0,0,0,0,0,2,'2011-12-28 10:03:17'),(20240,20240,'Post',21,0,0,0,0,0,0,0,0,0,2,'2011-12-28 10:03:17'),(20241,20241,'By',21,0,0,0,0,0,0,0,0,0,2,'2011-12-28 10:03:17'),(20242,20242,'Time',21,0,0,0,0,0,0,0,0,0,2,'2011-12-28 10:03:17'),(20243,20243,'folderAccess',21,0,0,0,0,0,0,0,0,0,2,'2011-12-28 10:03:17'),(20244,20244,'team',21,0,0,0,0,0,0,0,0,0,2,'2011-12-28 10:03:17'),(20245,20245,'folder',21,0,0,0,0,0,0,0,0,0,2,'2011-12-28 10:03:17'),(20246,20246,'Folder Value',21,0,0,0,0,0,0,0,0,0,2,'2011-12-28 10:03:17'),(20247,20247,'folderTranslate',21,0,0,0,0,0,0,0,0,0,2,'2011-12-28 10:03:17'),(20248,20248,'folder',21,0,0,0,0,0,0,0,0,0,2,'2011-12-28 10:03:17'),(20249,20249,'language',21,0,0,0,0,0,0,0,0,0,2,'2011-12-28 10:03:17'),(20250,20250,'Folder Native',21,0,0,0,0,0,0,0,0,0,2,'2011-12-28 10:03:17'),(20251,20251,'Default',21,0,0,0,0,0,0,0,0,0,2,'2011-12-28 10:03:17'),(20252,20252,'New',21,0,0,0,0,0,0,0,0,0,2,'2011-12-28 10:03:17'),(20253,20253,'Draft',21,0,0,0,0,0,0,0,0,0,2,'2011-12-28 10:03:17'),(20254,20254,'Update',21,0,0,0,0,0,0,0,0,0,2,'2011-12-28 10:03:17'),(20255,20255,'Delete',21,0,0,0,0,0,0,0,0,0,2,'2011-12-28 10:03:17'),(20256,20256,'Active',21,0,0,0,0,0,0,0,0,0,2,'2011-12-28 10:03:17'),(20257,20257,'Approved',21,0,0,0,0,0,0,0,0,0,2,'2011-12-28 10:03:17'),(20258,20258,'Review',21,0,0,0,0,0,0,0,0,0,2,'2011-12-28 10:03:17'),(20259,20259,'Post',21,0,0,0,0,0,0,0,0,0,2,'2011-12-28 10:03:17'),(20260,20260,'By',21,0,0,0,0,0,0,0,0,0,2,'2011-12-28 10:03:17'),(20261,20261,'Time',21,0,0,0,0,0,0,0,0,0,2,'2011-12-28 10:03:17'),(20262,20262,'icon',21,0,0,0,0,0,0,0,0,0,2,'2011-12-28 10:03:17'),(20263,20263,'Name',21,0,0,0,0,0,0,0,0,0,2,'2011-12-28 10:03:17'),(20264,20264,'Size',21,0,0,0,0,0,0,0,0,0,2,'2011-12-28 10:03:17'),(20265,20265,'Default',21,0,0,0,0,0,0,0,0,0,2,'2011-12-28 10:03:17'),(20266,20266,'Active',21,0,0,0,0,0,0,0,0,0,2,'2011-12-28 10:03:17'),(20267,20267,'language',21,0,0,0,0,0,0,0,0,0,2,'2011-12-28 10:03:17'),(20268,20268,'Desc',21,0,0,0,0,0,0,0,0,0,2,'2011-12-28 10:03:17'),(20269,20269,'Code',21,0,0,0,0,0,0,0,0,0,2,'2011-12-28 10:03:17'),(20270,20270,'Is Google',21,0,0,0,0,0,0,0,0,0,2,'2011-12-28 10:03:17'),(20271,20271,'Is Bing',21,0,0,0,0,0,0,0,0,0,2,'2011-12-28 10:03:17'),(20272,20272,'Is Lite',21,0,0,0,0,0,0,0,0,0,2,'2011-12-28 10:03:17'),(20273,20273,'Is Services',21,0,0,0,0,0,0,0,0,0,2,'2011-12-28 10:03:17'),(20274,20274,'Default',21,0,0,0,0,0,0,0,0,0,2,'2011-12-28 10:03:17'),(20275,20275,'New',21,0,0,0,0,0,0,0,0,0,2,'2011-12-28 10:03:17'),(20276,20276,'Draft',21,0,0,0,0,0,0,0,0,0,2,'2011-12-28 10:03:17'),(20277,20277,'Update',21,0,0,0,0,0,0,0,0,0,2,'2011-12-28 10:03:17'),(20278,20278,'Delete',21,0,0,0,0,0,0,0,0,0,2,'2011-12-28 10:03:17'),(20279,20279,'Active',21,0,0,0,0,0,0,0,0,0,2,'2011-12-28 10:03:17'),(20280,20280,'Approved',21,0,0,0,0,0,0,0,0,0,2,'2011-12-28 10:03:17'),(20281,20281,'Review',21,0,0,0,0,0,0,0,0,0,2,'2011-12-28 10:03:17'),(20282,20282,'Post',21,0,0,0,0,0,0,0,0,0,2,'2011-12-28 10:03:17'),(20283,20283,'By',21,0,0,0,0,0,0,0,0,0,2,'2011-12-28 10:03:17'),(20284,20284,'Time',21,0,0,0,0,0,0,0,0,0,2,'2011-12-28 10:03:17'),(20285,20285,'leaf',21,0,0,0,0,0,0,0,0,0,2,'2011-12-28 10:03:17'),(20286,20286,'application',21,0,0,0,0,0,0,0,0,0,2,'2011-12-28 10:03:17'),(20287,20287,'module',21,0,0,0,0,0,0,0,0,0,2,'2011-12-28 10:03:17'),(20288,20288,'folder',21,0,0,0,0,0,0,0,0,0,2,'2011-12-28 10:03:17'),(20289,20289,'icon',21,0,0,0,0,0,0,0,0,0,2,'2011-12-28 10:03:17'),(20290,20290,'Sequence',21,0,0,0,0,0,0,0,0,0,2,'2011-12-28 10:03:17'),(20291,20291,'Code',21,0,0,0,0,0,0,0,0,0,2,'2011-12-28 10:03:17'),(20292,20292,'Filename',21,0,0,0,0,0,0,0,0,0,2,'2011-12-28 10:03:17'),(20293,20293,'English',21,0,0,0,0,0,0,0,0,0,2,'2011-12-28 10:03:17'),(20294,20294,'Default',21,0,0,0,0,0,0,0,0,0,2,'2011-12-28 10:03:17'),(20295,20295,'New',21,0,0,0,0,0,0,0,0,0,2,'2011-12-28 10:03:17'),(20296,20296,'Draft',21,0,0,0,0,0,0,0,0,0,2,'2011-12-28 10:03:17'),(20297,20297,'Update',21,0,0,0,0,0,0,0,0,0,2,'2011-12-28 10:03:17'),(20298,20298,'Delete',21,0,0,0,0,0,0,0,0,0,2,'2011-12-28 10:03:17'),(20299,20299,'Active',21,0,0,0,0,0,0,0,0,0,2,'2011-12-28 10:03:17'),(20300,20300,'Approved',21,0,0,0,0,0,0,0,0,0,2,'2011-12-28 10:03:17'),(20301,20301,'Review',21,0,0,0,0,0,0,0,0,0,2,'2011-12-28 10:03:17'),(20302,20302,'Post',21,0,0,0,0,0,0,0,0,0,2,'2011-12-28 10:03:17'),(20303,20303,'By',21,0,0,0,0,0,0,0,0,0,2,'2011-12-28 10:03:17'),(20304,20304,'Time',21,0,0,0,0,0,0,0,0,0,2,'2011-12-28 10:03:17'),(20305,20305,'leafAccess',21,0,0,0,0,0,0,0,0,0,2,'2011-12-28 10:03:17'),(20306,20306,'leaf',21,0,0,0,0,0,0,0,0,0,2,'2011-12-28 10:03:17'),(20307,20307,'staff',21,0,0,0,0,0,0,0,0,0,2,'2011-12-28 10:03:17'),(20308,20308,'Leaf Access Draft   Value',21,0,0,0,0,0,0,0,0,0,2,'2011-12-28 10:03:17'),(20309,20309,'Leaf Access Create   Value',21,0,0,0,0,0,0,0,0,0,2,'2011-12-28 10:03:17'),(20310,20310,'Leaf Access Read   Value',21,0,0,0,0,0,0,0,0,0,2,'2011-12-28 10:03:17'),(20311,20311,'Leaf Access Update   Value',21,0,0,0,0,0,0,0,0,0,2,'2011-12-28 10:03:17'),(20312,20312,'Leaf Access Delete   Value',21,0,0,0,0,0,0,0,0,0,2,'2011-12-28 10:03:17'),(20313,20313,'Leaf Access Review   Value',21,0,0,0,0,0,0,0,0,0,2,'2011-12-28 10:03:17'),(20314,20314,'Leaf Access Approved   Value',21,0,0,0,0,0,0,0,0,0,2,'2011-12-28 10:03:17'),(20315,20315,'Leaf Access Post   Value',21,0,0,0,0,0,0,0,0,0,2,'2011-12-28 10:03:17'),(20316,20316,'Leaf Access Print   Value',21,0,0,0,0,0,0,0,0,0,2,'2011-12-28 10:03:17'),(20317,20317,'leafTranslate',21,0,0,0,0,0,0,0,0,0,2,'2011-12-28 10:03:17'),(20318,20318,'leaf',21,0,0,0,0,0,0,0,0,0,2,'2011-12-28 10:03:17'),(20319,20319,'language',21,0,0,0,0,0,0,0,0,0,2,'2011-12-28 10:03:17'),(20320,20320,'Leaf Native',21,0,0,0,0,0,0,0,0,0,2,'2011-12-28 10:03:17'),(20321,20321,'Default',21,0,0,0,0,0,0,0,0,0,2,'2011-12-28 10:03:17'),(20322,20322,'New',21,0,0,0,0,0,0,0,0,0,2,'2011-12-28 10:03:17'),(20323,20323,'Draft',21,0,0,0,0,0,0,0,0,0,2,'2011-12-28 10:03:17'),(20324,20324,'Update',21,0,0,0,0,0,0,0,0,0,2,'2011-12-28 10:03:17'),(20325,20325,'Delete',21,0,0,0,0,0,0,0,0,0,2,'2011-12-28 10:03:17'),(20326,20326,'Active',21,0,0,0,0,0,0,0,0,0,2,'2011-12-28 10:03:17'),(20327,20327,'Approved',21,0,0,0,0,0,0,0,0,0,2,'2011-12-28 10:03:17'),(20328,20328,'Review',21,0,0,0,0,0,0,0,0,0,2,'2011-12-28 10:03:17'),(20329,20329,'Post',21,0,0,0,0,0,0,0,0,0,2,'2011-12-28 10:03:17'),(20330,20330,'By',21,0,0,0,0,0,0,0,0,0,2,'2011-12-28 10:03:17'),(20331,20331,'Time',21,0,0,0,0,0,0,0,0,0,2,'2011-12-28 10:03:17'),(20332,20332,'leafUser',21,0,0,0,0,0,0,0,0,0,2,'2011-12-28 10:03:17'),(20333,20333,'leaf',21,0,0,0,0,0,0,0,0,0,2,'2011-12-28 10:03:17'),(20334,20334,'Leaf Sequence',21,0,0,0,0,0,0,0,0,0,2,'2011-12-28 10:03:17'),(20335,20335,'staff',21,0,0,0,0,0,0,0,0,0,2,'2011-12-28 10:03:17'),(20336,20336,'module',21,0,0,0,0,0,0,0,0,0,2,'2011-12-28 10:03:17'),(20337,20337,'application',21,0,0,0,0,0,0,0,0,0,2,'2011-12-28 10:03:17'),(20338,20338,'icon',21,0,0,0,0,0,0,0,0,0,2,'2011-12-28 10:03:17'),(20339,20339,'Sequence',21,0,0,0,0,0,0,0,0,0,2,'2011-12-28 10:03:17'),(20340,20340,'Code',21,0,0,0,0,0,0,0,0,0,2,'2011-12-28 10:03:17'),(20341,20341,'English',21,0,0,0,0,0,0,0,0,0,2,'2011-12-28 10:03:17'),(20342,20342,'Default',21,0,0,0,0,0,0,0,0,0,2,'2011-12-28 10:03:17'),(20343,20343,'New',21,0,0,0,0,0,0,0,0,0,2,'2011-12-28 10:03:17'),(20344,20344,'Draft',21,0,0,0,0,0,0,0,0,0,2,'2011-12-28 10:03:17'),(20345,20345,'Update',21,0,0,0,0,0,0,0,0,0,2,'2011-12-28 10:03:17'),(20346,20346,'Delete',21,0,0,0,0,0,0,0,0,0,2,'2011-12-28 10:03:17'),(20347,20347,'Active',21,0,0,0,0,0,0,0,0,0,2,'2011-12-28 10:03:17'),(20348,20348,'Approved',21,0,0,0,0,0,0,0,0,0,2,'2011-12-28 10:03:17'),(20349,20349,'Review',21,0,0,0,0,0,0,0,0,0,2,'2011-12-28 10:03:17'),(20350,20350,'Post',21,0,0,0,0,0,0,0,0,0,2,'2011-12-28 10:03:17'),(20351,20351,'By',21,0,0,0,0,0,0,0,0,0,2,'2011-12-28 10:03:17'),(20352,20352,'Time',21,0,0,0,0,0,0,0,0,0,2,'2011-12-28 10:03:17'),(20353,20353,'moduleAccess',21,0,0,0,0,0,0,0,0,0,2,'2011-12-28 10:03:17'),(20354,20354,'module',21,0,0,0,0,0,0,0,0,0,2,'2011-12-28 10:03:17'),(20355,20355,'team',21,0,0,0,0,0,0,0,0,0,2,'2011-12-28 10:03:17'),(20356,20356,'Module Value',21,0,0,0,0,0,0,0,0,0,2,'2011-12-28 10:03:17'),(20357,20357,'moduleTranslate',21,0,0,0,0,0,0,0,0,0,2,'2011-12-28 10:03:17'),(20358,20358,'module',21,0,0,0,0,0,0,0,0,0,2,'2011-12-28 10:03:17'),(20359,20359,'language',21,0,0,0,0,0,0,0,0,0,2,'2011-12-28 10:03:17'),(20360,20360,'Module Native',21,0,0,0,0,0,0,0,0,0,2,'2011-12-28 10:03:17'),(20361,20361,'Default',21,0,0,0,0,0,0,0,0,0,2,'2011-12-28 10:03:17'),(20362,20362,'New',21,0,0,0,0,0,0,0,0,0,2,'2011-12-28 10:03:17'),(20363,20363,'Draft',21,0,0,0,0,0,0,0,0,0,2,'2011-12-28 10:03:17'),(20364,20364,'Update',21,0,0,0,0,0,0,0,0,0,2,'2011-12-28 10:03:17'),(20365,20365,'Delete',21,0,0,0,0,0,0,0,0,0,2,'2011-12-28 10:03:17'),(20366,20366,'Active',21,0,0,0,0,0,0,0,0,0,2,'2011-12-28 10:03:17'),(20367,20367,'Approved',21,0,0,0,0,0,0,0,0,0,2,'2011-12-28 10:03:17'),(20368,20368,'Review',21,0,0,0,0,0,0,0,0,0,2,'2011-12-28 10:03:17'),(20369,20369,'Ispost',21,0,0,0,0,0,0,0,0,0,2,'2011-12-28 10:03:17'),(20370,20370,'By',21,0,0,0,0,0,0,0,0,0,2,'2011-12-28 10:03:17'),(20371,20371,'Time',21,0,0,0,0,0,0,0,0,0,2,'2011-12-28 10:03:17'),(20372,20372,'religion',21,0,0,0,0,0,0,0,0,0,2,'2011-12-28 10:03:17'),(20373,20373,'Religion Desc',21,0,0,0,0,0,0,0,0,0,2,'2011-12-28 10:03:17'),(20374,20374,'Default',21,0,0,0,0,0,0,0,0,0,2,'2011-12-28 10:03:17'),(20375,20375,'New',21,0,0,0,0,0,0,0,0,0,2,'2011-12-28 10:03:17'),(20376,20376,'Draft',21,0,0,0,0,0,0,0,0,0,2,'2011-12-28 10:03:17'),(20377,20377,'Update',21,0,0,0,0,0,0,0,0,0,2,'2011-12-28 10:03:17'),(20378,20378,'Delete',21,0,0,0,0,0,0,0,0,0,2,'2011-12-28 10:03:17'),(20379,20379,'Active',21,0,0,0,0,0,0,0,0,0,2,'2011-12-28 10:03:17'),(20380,20380,'Approved',21,0,0,0,0,0,0,0,0,0,2,'2011-12-28 10:03:17'),(20381,20381,'Review',21,0,0,0,0,0,0,0,0,0,2,'2011-12-28 10:03:17'),(20382,20382,'Post',21,0,0,0,0,0,0,0,0,0,2,'2011-12-28 10:03:17'),(20383,20383,'By',21,0,0,0,0,0,0,0,0,0,2,'2011-12-28 10:03:17'),(20384,20384,'Time',21,0,0,0,0,0,0,0,0,0,2,'2011-12-28 10:03:17'),(20385,20385,'religionDetail',21,0,0,0,0,0,0,0,0,0,2,'2011-12-28 10:03:17'),(20386,20386,'religion',21,0,0,0,0,0,0,0,0,0,2,'2011-12-28 10:03:17'),(20387,20387,'Religion Title',21,0,0,0,0,0,0,0,0,0,2,'2011-12-28 10:03:17'),(20388,20388,'Religion Desc',21,0,0,0,0,0,0,0,0,0,2,'2011-12-28 10:03:17'),(20389,20389,'Default',21,0,0,0,0,0,0,0,0,0,2,'2011-12-28 10:03:17'),(20390,20390,'New',21,0,0,0,0,0,0,0,0,0,2,'2011-12-28 10:03:17'),(20391,20391,'Draft',21,0,0,0,0,0,0,0,0,0,2,'2011-12-28 10:03:17'),(20392,20392,'Update',21,0,0,0,0,0,0,0,0,0,2,'2011-12-28 10:03:17'),(20393,20393,'Delete',21,0,0,0,0,0,0,0,0,0,2,'2011-12-28 10:03:17'),(20394,20394,'Active',21,0,0,0,0,0,0,0,0,0,2,'2011-12-28 10:03:17'),(20395,20395,'Approved',21,0,0,0,0,0,0,0,0,0,2,'2011-12-28 10:03:17'),(20396,20396,'Review',21,0,0,0,0,0,0,0,0,0,2,'2011-12-28 10:03:17'),(20397,20397,'Post',21,0,0,0,0,0,0,0,0,0,2,'2011-12-28 10:03:17'),(20398,20398,'By',21,0,0,0,0,0,0,0,0,0,2,'2011-12-28 10:03:17'),(20399,20399,'Time',21,0,0,0,0,0,0,0,0,0,2,'2011-12-28 10:03:17'),(20400,20400,'staff',21,0,0,0,0,0,0,0,0,0,2,'2011-12-28 10:03:17'),(20401,20401,'team',21,0,0,0,0,0,0,0,0,0,2,'2011-12-28 10:03:17'),(20402,20402,'department',21,0,0,0,0,0,0,0,0,0,2,'2011-12-28 10:03:17'),(20403,20403,'language',21,0,0,0,0,0,0,0,0,0,2,'2011-12-28 10:03:17'),(20404,20404,'Password',21,0,0,0,0,0,0,0,0,0,2,'2011-12-28 10:03:17'),(20405,20405,'Name',21,0,0,0,0,0,0,0,0,0,2,'2011-12-28 10:03:17'),(20406,20406,'No',21,0,0,0,0,0,0,0,0,0,2,'2011-12-28 10:03:17'),(20407,20407,'Ic',21,0,0,0,0,0,0,0,0,0,2,'2011-12-28 10:03:17'),(20408,20408,'Default',21,0,0,0,0,0,0,0,0,0,2,'2011-12-28 10:03:17'),(20409,20409,'New',21,0,0,0,0,0,0,0,0,0,2,'2011-12-28 10:03:17'),(20410,20410,'Draft',21,0,0,0,0,0,0,0,0,0,2,'2011-12-28 10:03:17'),(20411,20411,'Update',21,0,0,0,0,0,0,0,0,0,2,'2011-12-28 10:03:17'),(20412,20412,'Delete',21,0,0,0,0,0,0,0,0,0,2,'2011-12-28 10:03:17'),(20413,20413,'Active',21,0,0,0,0,0,0,0,0,0,2,'2011-12-28 10:03:17'),(20414,20414,'Approved',21,0,0,0,0,0,0,0,0,0,2,'2011-12-28 10:03:17'),(20415,20415,'Review',21,0,0,0,0,0,0,0,0,0,2,'2011-12-28 10:03:17'),(20416,20416,'Post',21,0,0,0,0,0,0,0,0,0,2,'2011-12-28 10:03:17'),(20417,20417,'By',21,0,0,0,0,0,0,0,0,0,2,'2011-12-28 10:03:17'),(20418,20418,'Time',21,0,0,0,0,0,0,0,0,0,2,'2011-12-28 10:03:17'),(20419,20419,'staffWebAccess',21,0,0,0,0,0,0,0,0,0,2,'2011-12-28 10:03:17'),(20420,20420,'staff',21,0,0,0,0,0,0,0,0,0,2,'2011-12-28 10:03:17'),(20421,20421,'Staff Web Access Log   In',21,0,0,0,0,0,0,0,0,0,2,'2011-12-28 10:03:17'),(20422,20422,'Staff Web Access Log   Out',21,0,0,0,0,0,0,0,0,0,2,'2011-12-28 10:03:17'),(20423,20423,'Php Session',21,0,0,0,0,0,0,0,0,0,2,'2011-12-28 10:03:17'),(20424,20424,'template',21,0,0,0,0,0,0,0,0,0,2,'2011-12-28 10:03:17'),(20425,20425,'Date Format',21,0,0,0,0,0,0,0,0,0,2,'2011-12-28 10:03:17'),(20426,20426,'Time Format',21,0,0,0,0,0,0,0,0,0,2,'2011-12-28 10:03:17'),(20427,20427,'Number Format',21,0,0,0,0,0,0,0,0,0,2,'2011-12-28 10:03:17'),(20428,20428,'country',21,0,0,0,0,0,0,0,0,0,2,'2011-12-28 10:03:17'),(20429,20429,'Currency Format',21,0,0,0,0,0,0,0,0,0,2,'2011-12-28 10:03:17'),(20430,20430,'Default',21,0,0,0,0,0,0,0,0,0,2,'2011-12-28 10:03:17'),(20431,20431,'New',21,0,0,0,0,0,0,0,0,0,2,'2011-12-28 10:03:17'),(20432,20432,'Draft',21,0,0,0,0,0,0,0,0,0,2,'2011-12-28 10:03:17'),(20433,20433,'Update',21,0,0,0,0,0,0,0,0,0,2,'2011-12-28 10:03:17'),(20434,20434,'Delete',21,0,0,0,0,0,0,0,0,0,2,'2011-12-28 10:03:17'),(20435,20435,'Active',21,0,0,0,0,0,0,0,0,0,2,'2011-12-28 10:03:17'),(20436,20436,'Approved',21,0,0,0,0,0,0,0,0,0,2,'2011-12-28 10:03:17'),(20437,20437,'Review',21,0,0,0,0,0,0,0,0,0,2,'2011-12-28 10:03:17'),(20438,20438,'Post',21,0,0,0,0,0,0,0,0,0,2,'2011-12-28 10:03:17'),(20439,20439,'By',21,0,0,0,0,0,0,0,0,0,2,'2011-12-28 10:03:17'),(20440,20440,'Time',21,0,0,0,0,0,0,0,0,0,2,'2011-12-28 10:03:17'),(20441,20441,'systemString',21,0,0,0,0,0,0,0,0,0,2,'2011-12-28 10:03:17'),(20442,20442,'System Code',21,0,0,0,0,0,0,0,0,0,2,'2011-12-28 10:03:17'),(20443,20443,'System English',21,0,0,0,0,0,0,0,0,0,2,'2011-12-28 10:03:17'),(20444,20444,'Default',21,0,0,0,0,0,0,0,0,0,2,'2011-12-28 10:03:17'),(20445,20445,'New',21,0,0,0,0,0,0,0,0,0,2,'2011-12-28 10:03:17'),(20446,20446,'Draft',21,0,0,0,0,0,0,0,0,0,2,'2011-12-28 10:03:17'),(20447,20447,'Update',21,0,0,0,0,0,0,0,0,0,2,'2011-12-28 10:03:17'),(20448,20448,'Delete',21,0,0,0,0,0,0,0,0,0,2,'2011-12-28 10:03:17'),(20449,20449,'Active',21,0,0,0,0,0,0,0,0,0,2,'2011-12-28 10:03:17'),(20450,20450,'Approved',21,0,0,0,0,0,0,0,0,0,2,'2011-12-28 10:03:17'),(20451,20451,'Review',21,0,0,0,0,0,0,0,0,0,2,'2011-12-28 10:03:17'),(20452,20452,'Post',21,0,0,0,0,0,0,0,0,0,2,'2011-12-28 10:03:17'),(20453,20453,'By',21,0,0,0,0,0,0,0,0,0,2,'2011-12-28 10:03:17'),(20454,20454,'Time',21,0,0,0,0,0,0,0,0,0,2,'2011-12-28 10:03:17'),(20455,20455,'systemStringTranslate',21,0,0,0,0,0,0,0,0,0,2,'2011-12-28 10:03:17'),(20456,20456,'systemString',21,0,0,0,0,0,0,0,0,0,2,'2011-12-28 10:03:17'),(20457,20457,'System Code',21,0,0,0,0,0,0,0,0,0,2,'2011-12-28 10:03:17'),(20458,20458,'language',21,0,0,0,0,0,0,0,0,0,2,'2011-12-28 10:03:17'),(20459,20459,'System Native',21,0,0,0,0,0,0,0,0,0,2,'2011-12-28 10:03:17'),(20460,20460,'Default',21,0,0,0,0,0,0,0,0,0,2,'2011-12-28 10:03:17'),(20461,20461,'New',21,0,0,0,0,0,0,0,0,0,2,'2011-12-28 10:03:17'),(20462,20462,'Draft',21,0,0,0,0,0,0,0,0,0,2,'2011-12-28 10:03:17'),(20463,20463,'Update',21,0,0,0,0,0,0,0,0,0,2,'2011-12-28 10:03:17'),(20464,20464,'Delete',21,0,0,0,0,0,0,0,0,0,2,'2011-12-28 10:03:17'),(20465,20465,'Active',21,0,0,0,0,0,0,0,0,0,2,'2011-12-28 10:03:17'),(20466,20466,'Approved',21,0,0,0,0,0,0,0,0,0,2,'2011-12-28 10:03:17'),(20467,20467,'Review',21,0,0,0,0,0,0,0,0,0,2,'2011-12-28 10:03:17'),(20468,20468,'Post',21,0,0,0,0,0,0,0,0,0,2,'2011-12-28 10:03:17'),(20469,20469,'By',21,0,0,0,0,0,0,0,0,0,2,'2011-12-28 10:03:17'),(20470,20470,'Time',21,0,0,0,0,0,0,0,0,0,2,'2011-12-28 10:03:17'),(20471,20471,'tableMapping',21,0,0,0,0,0,0,0,0,0,2,'2011-12-28 10:03:17'),(20472,20472,'Database',21,0,0,0,0,0,0,0,0,0,2,'2011-12-28 10:03:17'),(20473,20473,'Table Name',21,0,0,0,0,0,0,0,0,0,2,'2011-12-28 10:03:17'),(20474,20474,'Table Mapping Column   Name',21,0,0,0,0,0,0,0,0,0,2,'2011-12-28 10:03:17'),(20475,20475,'Table English',21,0,0,0,0,0,0,0,0,0,2,'2011-12-28 10:03:17'),(20476,20476,'Default',21,0,0,0,0,0,0,0,0,0,2,'2011-12-28 10:03:17'),(20477,20477,'New',21,0,0,0,0,0,0,0,0,0,2,'2011-12-28 10:03:18'),(20478,20478,'Draft',21,0,0,0,0,0,0,0,0,0,2,'2011-12-28 10:03:18'),(20479,20479,'Update',21,0,0,0,0,0,0,0,0,0,2,'2011-12-28 10:03:18'),(20480,20480,'Delete',21,0,0,0,0,0,0,0,0,0,2,'2011-12-28 10:03:18'),(20481,20481,'Active',21,0,0,0,0,0,0,0,0,0,2,'2011-12-28 10:03:18'),(20482,20482,'Approved',21,0,0,0,0,0,0,0,0,0,2,'2011-12-28 10:03:18'),(20483,20483,'Review',21,0,0,0,0,0,0,0,0,0,2,'2011-12-28 10:03:18'),(20484,20484,'Post',21,0,0,0,0,0,0,0,0,0,2,'2011-12-28 10:03:18'),(20485,20485,'By',21,0,0,0,0,0,0,0,0,0,2,'2011-12-28 10:03:18'),(20486,20486,'Time',21,0,0,0,0,0,0,0,0,0,2,'2011-12-28 10:03:18'),(20487,20487,'tableMappingForeignKey',21,0,0,0,0,0,0,0,0,0,2,'2011-12-28 10:03:18'),(20488,20488,'Database Name',21,0,0,0,0,0,0,0,0,0,2,'2011-12-28 10:03:18'),(20489,20489,'Table Mapping Foreign Key   Name',21,0,0,0,0,0,0,0,0,0,2,'2011-12-28 10:03:18'),(20490,20490,'Table Mapping Foreign Key   English',21,0,0,0,0,0,0,0,0,0,2,'2011-12-28 10:03:18'),(20491,20491,'Default',21,0,0,0,0,0,0,0,0,0,2,'2011-12-28 10:03:18'),(20492,20492,'New',21,0,0,0,0,0,0,0,0,0,2,'2011-12-28 10:03:18'),(20493,20493,'Draft',21,0,0,0,0,0,0,0,0,0,2,'2011-12-28 10:03:18'),(20494,20494,'Update',21,0,0,0,0,0,0,0,0,0,2,'2011-12-28 10:03:18'),(20495,20495,'Delete',21,0,0,0,0,0,0,0,0,0,2,'2011-12-28 10:03:18'),(20496,20496,'Active',21,0,0,0,0,0,0,0,0,0,2,'2011-12-28 10:03:18'),(20497,20497,'Approved',21,0,0,0,0,0,0,0,0,0,2,'2011-12-28 10:03:18'),(20498,20498,'Review',21,0,0,0,0,0,0,0,0,0,2,'2011-12-28 10:03:18'),(20499,20499,'Post',21,0,0,0,0,0,0,0,0,0,2,'2011-12-28 10:03:18'),(20500,20500,'By',21,0,0,0,0,0,0,0,0,0,2,'2011-12-28 10:03:18'),(20501,20501,'Time',21,0,0,0,0,0,0,0,0,0,2,'2011-12-28 10:03:18'),(20502,20502,'tableMappingForeignKeyTranslate',21,0,0,0,0,0,0,0,0,0,2,'2011-12-28 10:03:18'),(20503,20503,'tableMappingForeignKey',21,0,0,0,0,0,0,0,0,0,2,'2011-12-28 10:03:18'),(20504,20504,'Table Mapping Foreign Key   Native',21,0,0,0,0,0,0,0,0,0,2,'2011-12-28 10:03:18'),(20505,20505,'language',21,0,0,0,0,0,0,0,0,0,2,'2011-12-28 10:03:18'),(20506,20506,'Default',21,0,0,0,0,0,0,0,0,0,2,'2011-12-28 10:03:18'),(20507,20507,'New',21,0,0,0,0,0,0,0,0,0,2,'2011-12-28 10:03:18'),(20508,20508,'Draft',21,0,0,0,0,0,0,0,0,0,2,'2011-12-28 10:03:18'),(20509,20509,'Update',21,0,0,0,0,0,0,0,0,0,2,'2011-12-28 10:03:18'),(20510,20510,'Delete',21,0,0,0,0,0,0,0,0,0,2,'2011-12-28 10:03:18'),(20511,20511,'Active',21,0,0,0,0,0,0,0,0,0,2,'2011-12-28 10:03:18'),(20512,20512,'Approved',21,0,0,0,0,0,0,0,0,0,2,'2011-12-28 10:03:18'),(20513,20513,'Review',21,0,0,0,0,0,0,0,0,0,2,'2011-12-28 10:03:18'),(20514,20514,'Post',21,0,0,0,0,0,0,0,0,0,2,'2011-12-28 10:03:18'),(20515,20515,'By',21,0,0,0,0,0,0,0,0,0,2,'2011-12-28 10:03:18'),(20516,20516,'Time',21,0,0,0,0,0,0,0,0,0,2,'2011-12-28 10:03:18'),(20517,20517,'tableMappingVirtual',21,0,0,0,0,0,0,0,0,0,2,'2011-12-28 10:03:18'),(20518,20518,'Table Mapping Virtual   English',21,0,0,0,0,0,0,0,0,0,2,'2011-12-28 10:03:18'),(20519,20519,'Default',21,0,0,0,0,0,0,0,0,0,2,'2011-12-28 10:03:18'),(20520,20520,'New',21,0,0,0,0,0,0,0,0,0,2,'2011-12-28 10:03:18'),(20521,20521,'Draft',21,0,0,0,0,0,0,0,0,0,2,'2011-12-28 10:03:18'),(20522,20522,'Update',21,0,0,0,0,0,0,0,0,0,2,'2011-12-28 10:03:18'),(20523,20523,'Delete',21,0,0,0,0,0,0,0,0,0,2,'2011-12-28 10:03:18'),(20524,20524,'Active',21,0,0,0,0,0,0,0,0,0,2,'2011-12-28 10:03:18'),(20525,20525,'Approved',21,0,0,0,0,0,0,0,0,0,2,'2011-12-28 10:03:18'),(20526,20526,'Review',21,0,0,0,0,0,0,0,0,0,2,'2011-12-28 10:03:18'),(20527,20527,'Post',21,0,0,0,0,0,0,0,0,0,2,'2011-12-28 10:03:18'),(20528,20528,'By',21,0,0,0,0,0,0,0,0,0,2,'2011-12-28 10:03:18'),(20529,20529,'Time',21,0,0,0,0,0,0,0,0,0,2,'2011-12-28 10:03:18'),(20530,20530,'tableMappingVirtualTranslate',21,0,0,0,0,0,0,0,0,0,2,'2011-12-28 10:03:18'),(20531,20531,'tableMappingVirtual',21,0,0,0,0,0,0,0,0,0,2,'2011-12-28 10:03:18'),(20532,20532,'Table Mapping Virtual   Native',21,0,0,0,0,0,0,0,0,0,2,'2011-12-28 10:03:18'),(20533,20533,'language',21,0,0,0,0,0,0,0,0,0,2,'2011-12-28 10:03:18'),(20534,20534,'Default',21,0,0,0,0,0,0,0,0,0,2,'2011-12-28 10:03:18'),(20535,20535,'New',21,0,0,0,0,0,0,0,0,0,2,'2011-12-28 10:03:18'),(20536,20536,'Draft',21,0,0,0,0,0,0,0,0,0,2,'2011-12-28 10:03:18'),(20537,20537,'Update',21,0,0,0,0,0,0,0,0,0,2,'2011-12-28 10:03:18'),(20538,20538,'Delete',21,0,0,0,0,0,0,0,0,0,2,'2011-12-28 10:03:18'),(20539,20539,'Active',21,0,0,0,0,0,0,0,0,0,2,'2011-12-28 10:03:18'),(20540,20540,'Approved',21,0,0,0,0,0,0,0,0,0,2,'2011-12-28 10:03:18'),(20541,20541,'Review',21,0,0,0,0,0,0,0,0,0,2,'2011-12-28 10:03:18'),(20542,20542,'Post',21,0,0,0,0,0,0,0,0,0,2,'2011-12-28 10:03:18'),(20543,20543,'By',21,0,0,0,0,0,0,0,0,0,2,'2011-12-28 10:03:18'),(20544,20544,'Time',21,0,0,0,0,0,0,0,0,0,2,'2011-12-28 10:03:18'),(20545,20545,'tableMappingTranslate',21,0,0,0,0,0,0,0,0,0,2,'2011-12-28 10:03:18'),(20546,20546,'tableMapping',21,0,0,0,0,0,0,0,0,0,2,'2011-12-28 10:03:18'),(20547,20547,'Table Native',21,0,0,0,0,0,0,0,0,0,2,'2011-12-28 10:03:18'),(20548,20548,'language',21,0,0,0,0,0,0,0,0,0,2,'2011-12-28 10:03:18'),(20549,20549,'Default',21,0,0,0,0,0,0,0,0,0,2,'2011-12-28 10:03:18'),(20550,20550,'New',21,0,0,0,0,0,0,0,0,0,2,'2011-12-28 10:03:18'),(20551,20551,'Draft',21,0,0,0,0,0,0,0,0,0,2,'2011-12-28 10:03:18'),(20552,20552,'Update',21,0,0,0,0,0,0,0,0,0,2,'2011-12-28 10:03:18'),(20553,20553,'Delete',21,0,0,0,0,0,0,0,0,0,2,'2011-12-28 10:03:18'),(20554,20554,'Active',21,0,0,0,0,0,0,0,0,0,2,'2011-12-28 10:03:18'),(20555,20555,'Approved',21,0,0,0,0,0,0,0,0,0,2,'2011-12-28 10:03:18'),(20556,20556,'Review',21,0,0,0,0,0,0,0,0,0,2,'2011-12-28 10:03:18'),(20557,20557,'Post',21,0,0,0,0,0,0,0,0,0,2,'2011-12-28 10:03:18'),(20558,20558,'By',21,0,0,0,0,0,0,0,0,0,2,'2011-12-28 10:03:18'),(20559,20559,'Time',21,0,0,0,0,0,0,0,0,0,2,'2011-12-28 10:03:18'),(20560,20560,'template',21,0,0,0,0,0,0,0,0,0,2,'2011-12-28 10:03:18'),(20561,20561,'Default',21,0,0,0,0,0,0,0,0,0,2,'2011-12-28 10:03:18'),(20562,20562,'New',21,0,0,0,0,0,0,0,0,0,2,'2011-12-28 10:03:18'),(20563,20563,'Draft',21,0,0,0,0,0,0,0,0,0,2,'2011-12-28 10:03:18'),(20564,20564,'Update',21,0,0,0,0,0,0,0,0,0,2,'2011-12-28 10:03:18'),(20565,20565,'Delete',21,0,0,0,0,0,0,0,0,0,2,'2011-12-28 10:03:18'),(20566,20566,'Active',21,0,0,0,0,0,0,0,0,0,2,'2011-12-28 10:03:18'),(20567,20567,'Approved',21,0,0,0,0,0,0,0,0,0,2,'2011-12-28 10:03:18'),(20568,20568,'Review',21,0,0,0,0,0,0,0,0,0,2,'2011-12-28 10:03:18'),(20569,20569,'Post',21,0,0,0,0,0,0,0,0,0,2,'2011-12-28 10:03:18'),(20570,20570,'By',21,0,0,0,0,0,0,0,0,0,2,'2011-12-28 10:03:18'),(20571,20571,'Time',21,0,0,0,0,0,0,0,0,0,2,'2011-12-28 10:03:18'),(20572,20572,'theme',21,0,0,0,0,0,0,0,0,0,2,'2011-12-28 10:03:18'),(20573,20573,'Sequence',21,0,0,0,0,0,0,0,0,0,2,'2011-12-28 10:03:18'),(20574,20574,'Code',21,0,0,0,0,0,0,0,0,0,2,'2011-12-28 10:03:18'),(20575,20575,'Note',21,0,0,0,0,0,0,0,0,0,2,'2011-12-28 10:03:18'),(20576,20576,'Path',21,0,0,0,0,0,0,0,0,0,2,'2011-12-28 10:03:18'),(20577,20577,'Default',21,0,0,0,0,0,0,0,0,0,2,'2011-12-28 10:03:18'),(20578,20578,'New',21,0,0,0,0,0,0,0,0,0,2,'2011-12-28 10:03:18'),(20579,20579,'Draft',21,0,0,0,0,0,0,0,0,0,2,'2011-12-28 10:03:18'),(20580,20580,'Update',21,0,0,0,0,0,0,0,0,0,2,'2011-12-28 10:03:18'),(20581,20581,'Delete',21,0,0,0,0,0,0,0,0,0,2,'2011-12-28 10:03:18'),(20582,20582,'Active',21,0,0,0,0,0,0,0,0,0,2,'2011-12-28 10:03:18'),(20583,20583,'Approved',21,0,0,0,0,0,0,0,0,0,2,'2011-12-28 10:03:18'),(20584,20584,'Review',21,0,0,0,0,0,0,0,0,0,2,'2011-12-28 10:03:18'),(20585,20585,'Post',21,0,0,0,0,0,0,0,0,0,2,'2011-12-28 10:03:18'),(20586,20586,'By',21,0,0,0,0,0,0,0,0,0,2,'2011-12-28 10:03:18'),(20587,20587,'Time',21,0,0,0,0,0,0,0,0,0,2,'2011-12-28 10:03:18'),(20588,20588,'todo',21,0,0,0,0,0,0,0,0,0,2,'2011-12-28 10:03:18'),(20589,20589,'Title',21,0,0,0,0,0,0,0,0,0,2,'2011-12-28 10:03:18'),(20590,20590,'Desc',21,0,0,0,0,0,0,0,0,0,2,'2011-12-28 10:03:18'),(20591,20591,'staff',21,0,0,0,0,0,0,0,0,0,2,'2011-12-28 10:03:18'),(20592,20592,'Default',21,0,0,0,0,0,0,0,0,0,2,'2011-12-28 10:03:18'),(20593,20593,'New',21,0,0,0,0,0,0,0,0,0,2,'2011-12-28 10:03:18'),(20594,20594,'Draft',21,0,0,0,0,0,0,0,0,0,2,'2011-12-28 10:03:18'),(20595,20595,'Update',21,0,0,0,0,0,0,0,0,0,2,'2011-12-28 10:03:18'),(20596,20596,'Delete',21,0,0,0,0,0,0,0,0,0,2,'2011-12-28 10:03:18'),(20597,20597,'Active',21,0,0,0,0,0,0,0,0,0,2,'2011-12-28 10:03:18'),(20598,20598,'Approved',21,0,0,0,0,0,0,0,0,0,2,'2011-12-28 10:03:18'),(20599,20599,'Review',21,0,0,0,0,0,0,0,0,0,2,'2011-12-28 10:03:18'),(20600,20600,'Post',21,0,0,0,0,0,0,0,0,0,2,'2011-12-28 10:03:18'),(20601,20601,'Is Done',21,0,0,0,0,0,0,0,0,0,2,'2011-12-28 10:03:18'),(20602,20602,'By',21,0,0,0,0,0,0,0,0,0,2,'2011-12-28 10:03:18'),(20603,20603,'Time',21,0,0,0,0,0,0,0,0,0,2,'2011-12-28 10:03:18');
/*!40000 ALTER TABLE `tablemappingtranslate` ENABLE KEYS */;
UNLOCK TABLES;

--
-- Table structure for table `template`
--

DROP TABLE IF EXISTS `template`;
/*!40101 SET @saved_cs_client     = @@character_set_client */;
/*!40101 SET character_set_client = utf8 */;
CREATE TABLE `template` (
  `templateId` int(11) NOT NULL AUTO_INCREMENT COMMENT 'Accordion|',
  `isDefault` tinyint(1) NOT NULL,
  `isNew` tinyint(1) NOT NULL COMMENT 'New|',
  `isDraft` tinyint(1) NOT NULL COMMENT 'Draft|',
  `isUpdate` tinyint(1) NOT NULL COMMENT 'Updated|',
  `isDelete` tinyint(1) NOT NULL COMMENT 'Delete|',
  `isActive` tinyint(1) NOT NULL COMMENT 'Active|',
  `isApproved` tinyint(1) NOT NULL COMMENT 'Approved|',
  `isReview` tinyint(1) NOT NULL,
  `isPost` tinyint(1) NOT NULL,
  `executeBy` int(11) NOT NULL COMMENT 'By|',
  `executeTime` datetime NOT NULL,
  PRIMARY KEY (`templateId`)
) ENGINE=InnoDB DEFAULT CHARSET=utf8 COLLATE=utf8_unicode_ci COMMENT='application';
/*!40101 SET character_set_client = @saved_cs_client */;

--
-- Dumping data for table `template`
--

LOCK TABLES `template` WRITE;
/*!40000 ALTER TABLE `template` DISABLE KEYS */;
/*!40000 ALTER TABLE `template` ENABLE KEYS */;
UNLOCK TABLES;

--
-- Table structure for table `theme`
--

DROP TABLE IF EXISTS `theme`;
/*!40101 SET @saved_cs_client     = @@character_set_client */;
/*!40101 SET character_set_client = utf8 */;
CREATE TABLE `theme` (
  `themeId` int(11) NOT NULL AUTO_INCREMENT COMMENT 'Group|',
  `themeSequence` int(11) NOT NULL,
  `themeCode` varchar(4) COLLATE utf8_unicode_ci NOT NULL,
  `themeNote` varchar(64) COLLATE utf8_unicode_ci NOT NULL COMMENT 'English|',
  `themePath` varchar(128) COLLATE utf8_unicode_ci NOT NULL,
  `isDefault` tinyint(1) NOT NULL COMMENT 'Default|',
  `isNew` tinyint(1) NOT NULL COMMENT 'New|',
  `isDraft` tinyint(1) NOT NULL COMMENT 'Draft|',
  `isUpdate` tinyint(1) NOT NULL COMMENT 'Updated|',
  `isDelete` tinyint(1) NOT NULL COMMENT 'Delete|',
  `isActive` tinyint(1) NOT NULL COMMENT 'Active|',
  `isApproved` tinyint(1) NOT NULL COMMENT 'Approved|',
  `isReview` tinyint(1) NOT NULL,
  `isPost` tinyint(1) NOT NULL,
  `executeBy` int(11) NOT NULL COMMENT 'By|',
  `executeTime` datetime NOT NULL,
  PRIMARY KEY (`themeId`)
) ENGINE=InnoDB AUTO_INCREMENT=18 DEFAULT CHARSET=utf8 COLLATE=utf8_unicode_ci;
/*!40101 SET character_set_client = @saved_cs_client */;

--
-- Dumping data for table `theme`
--

LOCK TABLES `theme` WRITE;
/*!40000 ALTER TABLE `theme` DISABLE KEYS */;
INSERT INTO `theme` VALUES (1,0,'','Black','../../javascript/resources/css/xtheme-black.css',0,1,0,0,0,1,0,0,0,2,'2011-09-02 19:59:17'),(2,0,'','Vampire','../../javascript/resources/css/xtheme-vampire.css',0,1,0,0,0,1,0,0,0,2,'2011-09-02 19:59:17'),(3,0,'','Toxic','../../javascript/resources/css/xtheme-Toxic.css',0,1,0,0,0,1,0,0,0,2,'2011-09-02 19:59:17'),(4,0,'','Darkness','../../javascript/resources/css/xtheme-darkness.css',0,1,0,0,0,1,0,0,0,2,'2011-09-02 19:59:17'),(5,0,'','BlackNW','../../javascript/resources/css/xtheme-blacknw.css',0,1,0,0,0,1,0,0,0,2,'2011-09-02 19:59:17'),(6,0,'','Blue','../../javascript/resources/css/xtheme-blue.css',0,1,0,0,0,1,0,0,0,2,'2011-09-02 19:59:17'),(7,0,'','Access','../js/resources/css/xtheme-access.css',0,1,0,0,0,1,0,0,0,2,'2011-09-02 19:59:17'),(8,0,'','Dark Gray','../../javascript/resources/css/xtheme-darkgray.css',0,1,0,0,0,1,0,0,0,2,'2011-09-02 19:59:17'),(9,0,'','Gray','../../javascript/resources/css/xtheme-gray.css',0,1,0,0,0,1,0,0,0,2,'2011-09-02 19:59:17'),(10,0,'','Olive','../../javascript/resources/css/xtheme-olive.css',0,1,0,0,0,1,0,0,0,2,'2011-09-02 19:59:17'),(11,0,'','Chocolate','../../javascript/resources/css/xtheme-chocolate.css',0,1,0,0,0,1,0,0,0,2,'2011-09-02 19:59:17'),(12,0,'','Silver Cherry','../../javascript/resources/css/xtheme-silverCherry.css',0,1,0,0,0,1,0,0,0,2,'2011-09-02 19:59:17'),(13,0,'','Slickness','../../javascript/resources/css/xtheme-slickness.css',0,1,0,0,0,1,0,0,0,2,'2011-09-02 19:59:17'),(14,0,'','Midnight','../../javascript/resources/css/xtheme-midnight.css',0,1,0,0,0,1,0,0,0,2,'2011-09-02 19:59:17'),(15,0,'','Indigo','../../javascript/resources/css/xtheme-indigo.css',0,1,0,0,0,1,0,0,0,2,'2011-09-02 19:59:17'),(16,0,'','Pepermint','../../javascript/resources/css/xtheme-peppermint.css',0,1,0,0,0,1,0,0,0,2,'2011-09-02 19:59:17'),(17,0,'','Ubuntu','../../javascript/resources/css/xtheme-human.css',0,1,0,0,0,1,0,0,0,2,'2011-09-02 19:59:17');
/*!40000 ALTER TABLE `theme` ENABLE KEYS */;
UNLOCK TABLES;

--
-- Table structure for table `todo`
--

DROP TABLE IF EXISTS `todo`;
/*!40101 SET @saved_cs_client     = @@character_set_client */;
/*!40101 SET character_set_client = utf8 */;
CREATE TABLE `todo` (
  `todoId` int(11) NOT NULL AUTO_INCREMENT,
  `todoTitle` varchar(64) COLLATE utf8_unicode_ci NOT NULL,
  `todoDesc` varchar(128) COLLATE utf8_unicode_ci NOT NULL,
  `staffId` int(11) NOT NULL,
  `isDefault` tinyint(1) NOT NULL,
  `isNew` tinyint(1) NOT NULL,
  `isDraft` tinyint(1) NOT NULL,
  `isUpdate` tinyint(1) NOT NULL,
  `isDelete` tinyint(1) NOT NULL,
  `isActive` tinyint(1) NOT NULL,
  `isApproved` tinyint(1) NOT NULL,
  `isReview` tinyint(1) NOT NULL,
  `isPost` tinyint(1) NOT NULL,
  `isDone` tinyint(1) NOT NULL,
  `executeBy` int(11) NOT NULL,
  `executeTime` datetime NOT NULL,
  PRIMARY KEY (`todoId`)
) ENGINE=InnoDB DEFAULT CHARSET=utf8 COLLATE=utf8_unicode_ci;
/*!40101 SET character_set_client = @saved_cs_client */;

--
-- Dumping data for table `todo`
--

LOCK TABLES `todo` WRITE;
/*!40000 ALTER TABLE `todo` DISABLE KEYS */;
/*!40000 ALTER TABLE `todo` ENABLE KEYS */;
UNLOCK TABLES;
/*!40103 SET TIME_ZONE=@OLD_TIME_ZONE */;

/*!40101 SET SQL_MODE=@OLD_SQL_MODE */;
/*!40014 SET FOREIGN_KEY_CHECKS=@OLD_FOREIGN_KEY_CHECKS */;
/*!40014 SET UNIQUE_CHECKS=@OLD_UNIQUE_CHECKS */;
/*!40101 SET CHARACTER_SET_CLIENT=@OLD_CHARACTER_SET_CLIENT */;
/*!40101 SET CHARACTER_SET_RESULTS=@OLD_CHARACTER_SET_RESULTS */;
/*!40101 SET COLLATION_CONNECTION=@OLD_COLLATION_CONNECTION */;
/*!40111 SET SQL_NOTES=@OLD_SQL_NOTES */;

-- Dump completed on 2012-04-22 16:20:07
